ISO-10303-21;
HEADER;
FILE_DESCRIPTION (( 'STEP AP214' ),
    '1' );
FILE_NAME ('9774100151R.STEP',
    '2023-11-06T17:22:56',
    ( '' ),
    ( '' ),
    'SwSTEP 2.0',
    'SolidWorks 2021',
    '' );
FILE_SCHEMA (( 'AUTOMOTIVE_DESIGN' ));
ENDSEC;

DATA;
#1 = CARTESIAN_POINT ( 'NONE',  ( -1.006430354999998888, 13.12500000122903643, -0.5810628363798596707 ) ) ;
#2 = CARTESIAN_POINT ( 'NONE',  ( -1.006430354999998222, 5.400000001899647906, 2.943505679656038129E-08 ) ) ;
#3 = EDGE_LOOP ( 'NONE', ( #2451, #4577 ) ) ;
#4 = DIRECTION ( 'NONE',  ( -1.000000000000000000, 0.000000000000000000, 0.000000000000000000 ) ) ;
#5 = AXIS2_PLACEMENT_3D ( 'NONE', #4325, #5758, #3843 ) ;
#6 = CARTESIAN_POINT ( 'NONE',  ( 0.5032151774999988891, 12.00000000000000000, -0.8715942545697897836 ) ) ;
#7 = CARTESIAN_POINT ( 'NONE',  ( -1.249999998749998564, -0.5906249993854819635, 0.000000000000000000 ) ) ;
#8 = CARTESIAN_POINT ( 'NONE',  ( 1.249999998749998564, 6.328125000614516438, -1.530808497403381346E-16 ) ) ;
#9 = CARTESIAN_POINT ( 'NONE',  ( 1.249999998749999008, 6.290625000614517681, 0.7216878357653431220 ) ) ;
#10 = ORIENTED_EDGE ( 'NONE', *, *, #4651, .T. ) ;
#11 = CARTESIAN_POINT ( 'NONE',  ( 1.006430355000012433, 3.000000001229037316, 0.5810628363798515661 ) ) ;
#12 = CARTESIAN_POINT ( 'NONE',  ( 1.249999998749998564, 7.640625000614517326, 0.7216878357653431220 ) ) ;
#13 = CARTESIAN_POINT ( 'NONE',  ( -1.006430354999998666, 4.575000001229034829, -0.5810628363798595597 ) ) ;
#14 = CARTESIAN_POINT ( 'NONE',  ( 1.249999998749998342, 8.671875000614518214, -0.7216878357653438991 ) ) ;
#15 = CARTESIAN_POINT ( 'NONE',  ( 1.249999998749998564, 0.9843750006145179920, -1.530808497403381346E-16 ) ) ;
#16 = CARTESIAN_POINT ( 'NONE',  ( 1.249999998749998342, 11.82187500061451679, -0.7216878357653438991 ) ) ;
#17 = CARTESIAN_POINT ( 'NONE',  ( 2.549999999999998490, 4.808200938848755418E-17, 3.122849337825748940E-16 ) ) ;
#18 = LINE ( 'NONE', #4309, #4127 ) ;
#19 = ORIENTED_EDGE ( 'NONE', *, *, #1063, .F. ) ;
#20 = DIRECTION ( 'NONE',  ( -1.885568995626964287E-17, 1.000000000000000000, -0.000000000000000000 ) ) ;
#21 = CARTESIAN_POINT ( 'NONE',  ( 1.006430354999998444, 3.975000001229035185, -0.5810628363798602258 ) ) ;
#22 = CARTESIAN_POINT ( 'NONE',  ( -1.249999998749998564, 1.659375000614518259, 0.000000000000000000 ) ) ;
#23 = CARTESIAN_POINT ( 'NONE',  ( -0.7232201217979506991, 0.1979612584385895269, 0.7682098078093865245 ) ) ;
#24 = CARTESIAN_POINT ( 'NONE',  ( 1.006430354999998444, 9.674999999999998934, 0.000000000000000000 ) ) ;
#25 = EDGE_CURVE ( 'NONE', #3857, #1971, #543, .T. ) ;
#26 = CARTESIAN_POINT ( 'NONE',  ( -1.249999998749999008, 9.721875000614517148, -0.7216878357653433440 ) ) ;
#27 = CARTESIAN_POINT ( 'NONE',  ( -1.006430354999998000, 3.637500000000000622, 0.5810628363798603369 ) ) ;
#28 = CARTESIAN_POINT ( 'NONE',  ( -0.6249999993749995042, 4.678125000614516971, -1.082531753648015460 ) ) ;
#29 = DIRECTION ( 'NONE',  ( -1.885568995626964287E-17, 1.000000000000000000, -0.000000000000000000 ) ) ;
#30 = CARTESIAN_POINT ( 'NONE',  ( -0.5253432182843930098, 1.725000000000002087, -0.8979642393405734557 ) ) ;
#31 = CARTESIAN_POINT ( 'NONE',  ( 0.9271823016383512472, 11.36745055324032272, 0.6386115395361664504 ) ) ;
#32 = EDGE_CURVE ( 'NONE', #2905, #3952, #2556, .T. ) ;
#33 = CARTESIAN_POINT ( 'NONE',  ( -1.006430354999998444, 12.30000000122903536, 0.5810628363798603369 ) ) ;
#34 = CARTESIAN_POINT ( 'NONE',  ( -0.5253432182843933429, 9.374999999999998224, -0.8979642393405733447 ) ) ;
#35 = ORIENTED_EDGE ( 'NONE', *, *, #3773, .T. ) ;
#36 = CARTESIAN_POINT ( 'NONE',  ( -1.006430354999998888, 9.975000001229034297, -0.5810628363798595597 ) ) ;
#37 = EDGE_CURVE ( 'NONE', #2152, #2122, #1626, .T. ) ;
#38 = CARTESIAN_POINT ( 'NONE',  ( -2.981350421162034951E-16, 12.03749999999999964, -1.162125672759719563 ) ) ;
#39 = CARTESIAN_POINT ( 'NONE',  ( -1.249999998749999008, 13.26562500061451821, -0.7216878357653433440 ) ) ;
#40 = CARTESIAN_POINT ( 'NONE',  ( -1.589133350596191182E-16, 3.740625000614516082, -1.443375671530686910 ) ) ;
#41 = CARTESIAN_POINT ( 'NONE',  ( 1.249999998749998564, 2.728125000614516793, -1.530808497403381346E-16 ) ) ;
#42 = CARTESIAN_POINT ( 'NONE',  ( -1.729804000546381131E-16, 5.400000001229035007, -1.162125672759719341 ) ) ;
#43 = CARTESIAN_POINT ( 'NONE',  ( -0.6249999993749985050, 7.078125000614516438, 1.082531753648015904 ) ) ;
#44 = CARTESIAN_POINT ( 'NONE',  ( 0.5032151774999991112, 4.462500001229035007, -0.8715942545697897836 ) ) ;
#45 = CARTESIAN_POINT ( 'NONE',  ( 0.6249999993749988381, 7.359375000614517326, -1.082531753648015460 ) ) ;
#46 = CARTESIAN_POINT ( 'NONE',  ( 0.6249999993749989491, 0.1593750006145186471, -1.082531753648015460 ) ) ;
#47 = CARTESIAN_POINT ( 'NONE',  ( -3.127050562654433423E-16, 11.89687500061451608, -1.443375671530686910 ) ) ;
#48 = FACE_OUTER_BOUND ( 'NONE', #3, .T. ) ;
#49 = CARTESIAN_POINT ( 'NONE',  ( 1.006430354999998444, 2.006250000000000977, 0.2634828508014803172 ) ) ;
#50 = EDGE_LOOP ( 'NONE', ( #451, #4456, #2274, #1994 ) ) ;
#51 = CARTESIAN_POINT ( 'NONE',  ( 1.006430354999998666, 5.175000000000001599, -1.173230260442806212E-14 ) ) ;
#52 = CARTESIAN_POINT ( 'NONE',  ( -1.006430354999998000, 5.100000001229036073, 0.5810628363798603369 ) ) ;
#53 = CARTESIAN_POINT ( 'NONE',  ( -1.260337256983738940E-16, 1.996875000614517504, -1.443375671530686910 ) ) ;
#54 = CARTESIAN_POINT ( 'NONE',  ( -1.006430354999998222, 4.050000001665532423, 2.580741707229170241E-08 ) ) ;
#55 = CARTESIAN_POINT ( 'NONE',  ( -2.168404344971008868E-16, 11.50000000000000000, 0.000000000000000000 ) ) ;
#56 = CARTESIAN_POINT ( 'NONE',  ( -1.249999998749998786, 7.959375000614516971, 0.000000000000000000 ) ) ;
#57 = CARTESIAN_POINT ( 'NONE',  ( -0.5032151774999995553, 4.875000000000000888, -0.8715942545697896726 ) ) ;
#58 = CARTESIAN_POINT ( 'NONE',  ( 0.6249999993749989491, 4.153125000614517504, -1.082531753648015460 ) ) ;
#59 = CARTESIAN_POINT ( 'NONE',  ( 0.5253432182843930098, 4.200000000000001066, 0.8979642393405734557 ) ) ;
#60 = CARTESIAN_POINT ( 'NONE',  ( -0.9588327874345836666, 11.26874981194454328, 0.3700333007101880289 ) ) ;
#61 = CARTESIAN_POINT ( 'NONE',  ( 1.006430354999998666, 11.55000000122903536, 0.5810628363798594487 ) ) ;
#62 = EDGE_CURVE ( 'NONE', #5597, #5735, #4301, .T. ) ;
#63 = CARTESIAN_POINT ( 'NONE',  ( 1.006430354999998666, 3.937500001229035984, 0.000000000000000000 ) ) ;
#64 = CARTESIAN_POINT ( 'NONE',  ( -1.006430354999998444, 8.662500003196830889, 3.049101683474432230E-08 ) ) ;
#65 = CARTESIAN_POINT ( 'NONE',  ( -1.006430354999998888, 12.56250000000000178, -0.5810628363798596707 ) ) ;
#66 = CARTESIAN_POINT ( 'NONE',  ( 1.249999998749998342, 11.31562500061451537, -0.7216878357653438991 ) ) ;
#67 = CARTESIAN_POINT ( 'NONE',  ( -0.6249999993749993932, 4.228125000614516793, -1.082531753648015460 ) ) ;
#68 = EDGE_CURVE ( 'NONE', #1603, #4795, #2333, .T. ) ;
#69 = CARTESIAN_POINT ( 'NONE',  ( 1.249999998749999008, 3.140625000614516882, 0.7216878357653431220 ) ) ;
#70 = ORIENTED_EDGE ( 'NONE', *, *, #3596, .T. ) ;
#71 = CARTESIAN_POINT ( 'NONE',  ( 1.006430354999998444, 7.987500001229035362, 0.000000000000000000 ) ) ;
#72 = CARTESIAN_POINT ( 'NONE',  ( -0.6249999993749985050, 7.528125000614516615, 1.082531753648015904 ) ) ;
#73 = AXIS2_PLACEMENT_3D ( 'NONE', #305, #3186, #2620 ) ;
#74 = EDGE_CURVE ( 'NONE', #1338, #1187, #1302, .T. ) ;
#75 = CARTESIAN_POINT ( 'NONE',  ( -1.644953395743167387E-16, 4.950000001229035718, -1.162125672759719341 ) ) ;
#76 = CARTESIAN_POINT ( 'NONE',  ( 0.6249999993749997262, 4.959375000614516971, 1.082531753648015238 ) ) ;
#77 = CARTESIAN_POINT ( 'NONE',  ( -0.6249999993749993932, 0.2343750006145173259, -1.082531753648015460 ) ) ;
#78 = CARTESIAN_POINT ( 'NONE',  ( 1.249999998749998342, 12.27187500061451786, -0.7216878357653438991 ) ) ;
#79 = DIRECTION ( 'NONE',  ( -1.885568995626964287E-17, 1.000000000000000000, 0.000000000000000000 ) ) ;
#80 = CARTESIAN_POINT ( 'NONE',  ( -1.216218963500318440, 11.46359813849750964, -0.7411913255602508022 ) ) ;
#81 = ORIENTED_EDGE ( 'NONE', *, *, #2340, .F. ) ;
#82 = CARTESIAN_POINT ( 'NONE',  ( 0.2634828508014802617, 6.431250000000001243, 1.006430354999998888 ) ) ;
#83 = CARTESIAN_POINT ( 'NONE',  ( 1.006430354999998444, 3.525000001229036339, -0.5810628363798602258 ) ) ;
#84 = CARTESIAN_POINT ( 'NONE',  ( -1.249999998749998564, 2.559375000614517948, 0.000000000000000000 ) ) ;
#85 = CARTESIAN_POINT ( 'NONE',  ( -0.5253432182843933429, 1.424999999999999600, 0.8979642393405733447 ) ) ;
#86 = DIRECTION ( 'NONE',  ( -1.000000000000000000, 0.000000000000000000, 0.000000000000000000 ) ) ;
#87 = CARTESIAN_POINT ( 'NONE',  ( -0.6249999993749995042, 6.534375000614517148, -1.082531753648015460 ) ) ;
#88 = CARTESIAN_POINT ( 'NONE',  ( -0.5032151774999986671, 3.225000000000000533, 0.8715942545697901167 ) ) ;
#89 = CARTESIAN_POINT ( 'NONE',  ( 1.249999998749998342, 3.215625000614516615, -0.7216878357653438991 ) ) ;
#90 = CARTESIAN_POINT ( 'NONE',  ( 1.006430354999998666, 0.3375000012290352291, -1.232521712815482580E-16 ) ) ;
#91 = CARTESIAN_POINT ( 'NONE',  ( -1.006430354999998666, 3.168750000000000622, 0.2634828508014802617 ) ) ;
#92 = CARTESIAN_POINT ( 'NONE',  ( 1.003245252337449767, 11.37329545632091410, 0.5234295540987382589 ) ) ;
#93 = B_SPLINE_CURVE_WITH_KNOTS ( 'NONE', 3,
 ( #2767, #4599, #4145, #30, #1141, #3937, #3907, #2886, #148, #2491 ),
 .UNSPECIFIED., .F., .F.,
 ( 4, 2, 2, 2, 4 ),
 ( 0.000000000000000000, 0.1250000000000000278, 0.2500000000000000555, 0.3750000000000000000, 0.5000000000000000000 ),
 .UNSPECIFIED. ) ;
#94 = CARTESIAN_POINT ( 'NONE',  ( -0.5032151774999996663, 11.73750000122903536, -0.8715942545697896726 ) ) ;
#95 = DIRECTION ( 'NONE',  ( -1.000000000000000000, 0.000000000000000000, 0.000000000000000000 ) ) ;
#96 = B_SPLINE_CURVE_WITH_KNOTS ( 'NONE', 3,
 ( #742, #3865, #4760, #2511, #4824, #5689, #138, #168, #5660, #646 ),
 .UNSPECIFIED., .F., .F.,
 ( 4, 2, 2, 2, 4 ),
 ( 0.5000000000000000000, 0.6250000000000000000, 0.7500000000000000000, 0.8750000000000000000, 1.000000000000000000 ),
 .UNSPECIFIED. ) ;
#97 = CARTESIAN_POINT ( 'NONE',  ( 1.006430354999998444, 6.056250000000001243, 0.2634828508014804838 ) ) ;
#98 = CARTESIAN_POINT ( 'NONE',  ( 0.5032151774999996663, 10.50000000000000000, 0.8715942545697895616 ) ) ;
#99 = CARTESIAN_POINT ( 'NONE',  ( 2.915306479555825263E-17, 12.51562500061451644, 1.443375671530686910 ) ) ;
#100 = ORIENTED_EDGE ( 'NONE', *, *, #1181, .F. ) ;
#101 = CARTESIAN_POINT ( 'NONE',  ( -1.249999998749998564, 5.653125000614516615, 0.000000000000000000 ) ) ;
#102 = CARTESIAN_POINT ( 'NONE',  ( -1.504282745792977930E-16, 3.290625000614516793, -1.443375671530686910 ) ) ;
#103 = EDGE_LOOP ( 'NONE', ( #1583, #903, #4877, #5354 ) ) ;
#104 = DIRECTION ( 'NONE',  ( -1.000000000000000000, 0.000000000000000000, 0.000000000000000000 ) ) ;
#105 =( BOUNDED_SURFACE ( )  B_SPLINE_SURFACE ( 1, 2, ( 
 ( #1099, #3832, #2932, #2450, #2099, #2576, #712, #5634, #5239, #2037, #3477, #1976, #3803, #1550, #1519, #4794, #5301, #3027, #228, #1581, #3896, #2006, #3928, #2480, #1132, #2544, #5178, #2067, #3385, #1067, #4373, #3416, #4313, #1163, #4734, #2995, #2962, #5749, #5720, #4856, #1613, #5269, #258, #1195, #3141, #4526, #2664, #827, #1707, #4464, #2188, #4043, #407, #3595, #1340, #289, #2240, #4499, #1255, #2160, #5418, #5001, #1284, #4016, #5813, #3088, #378, #884, #3991, #3623, #2216, #2129, #772, #5842, #2607, #4436, #1226, #5868, #1679, #353, #4886, #5893, #1766, #3509, #3116, #1310, #321, #3540, #5362, #4917, #4946, #1739, #800, #4070, #4405, #2634, #5332, #3570, #3961, #3060, #5392, #5448, #4974, #855, #2691, #1793, #3172, #5782, #5147, #1456, #2266, #1879, #2778, #106, #2719, #4551, #458, #431, #1427, #4222, #5599, #3260, #491, #522, #4579, #552, #3678, #3706, #5115, #3319, #5083, #2296, #4095, #3291, #4611, #1397, #3736, #5919, #5567, #3230, #2390, #975, #1486, #2809, #4640, #1820, #943, #1003, #2842, #2357, #4189, #12, #2325, #4157, #72, #4672, #1912, #3648, #5477, #1945, #3770, #5505, #4126, #1368, #3201, #5537, #43, #1850, #5057, #5028, #911, #2747, #4251, #583, #1035, #4700, #2419, #2872, #5503, #5445, #1395, #2238, #1307, #374, #2688, #3139, #1732, #9, #2294, #3226, #456, #1847, #5026, #5836, #1337, #4066, #3169, #4123, #5384, #4941, #822, #1365, #5000, #3563, #3198, #4040, #1789, #5890, #4972, #2323, #1762, #2659, #3675, #3111, #3592, #881, #4576, #3620, #1277, #5865, #5415, #405, #2716, #5054, #2744, #940, #853, #4549, #2212, #429, #4493, #2263, #4093, #5916, #4522, #2776, #1817, #5474, #908, #3645, #4609, #488, #638, #1059, #5171, #4698, #4638, #1032, #1424, #2925, #548, #4753, #4669, #3798, #2387, #611, #5596, #4155, #1000, #2444, #4278, #3288, #5625, #1483, #4217, #1513, #159, #102, #1907, #4185, #4726, #69, #5654, #2897, #3347, #3316, #1940, #3766, #3256, #1999, #519, #2415, #41, #4248, #5143, #3826, #1542, #3733, #2868, #131, #3377, #5199, #579, #1089, #1970, #5565, #2354, #2838, #1453, #1876, #3704, #5533, #5081, #973, #2807, #5112, #2472, #3917, #701, #5737, #759, #2027, #1573, #3406, #3949, #1634, #4306, #5770, #670, #4362, #2532, #1602, #4905, #4337, #5229, #2594, #5682, #220, #3467, #2503, #2059, #247, #2119, #3436, #3856, #5290, #1667, #4424, #4875, #3016, #3077, #2086, #1153, #4845, #3887, #1123, #2953, #189, #4785, #1184, #1697, #3497, #5258, #5709, #2984, #4814, #310, #731, #1214, #2565, #4392, #278, #5803, #5319, #3047, #2149, #3980, #3529, #5351, #1244, #1331, #4517, #4544, #2653, #4570, #1756, #1784, #3192, #1386, #5439, #369, #2179, #5467, #2682, #5410, #1812, #3219, #3640, #1301, #449, #4993, #3667, #3163, #874, #4454, #4966, #1357, #901, #2710, #424, #4034, #848, #398, #2258, #2736, #5911, #5496, #2625, #2286, #4088, #3587, #4487, #5020, #790, #3614 ),
 ( #4115, #1, #2233, #1838, #3133, #2206, #1272, #4060, #5860, #342, #4007, #5830, #1725, #3558, #5379, #3105, #4936, #5885, #817, #541, #3338, #4601, #4147, #33, #571, #2379, #932, #2407, #3250, #994, #3282, #4179, #1532, #966, #1869, #5163, #2316, #2801, #94, #5075, #4632, #2831, #4691, #61, #480, #5106, #4661, #4239, #1051, #123, #1991, #2769, #2889, #3309, #1899, #512, #1963, #5646, #1933, #4209, #2348, #3727, #1024, #5047, #5559, #4269, #5134, #3697, #1417, #1447, #5526, #5617, #3758, #2861, #5588, #1476, #3789, #603, #1504, #4717, #2437, #150, #3817, #3846, #5250, #2555, #5220, #629, #1593, #3458, #302, #269, #5191, #2464, #4805, #2077, #2521, #3428, #722, #5761, #2109, #1145, #4298, #239, #1081, #180, #5729, #2018, #3971, #5674, #2494, #3909, #692, #2944, #5311, #5793, #1113, #1565, #3398, #2917, #4776, #4355, #2587, #3006, #4328, #661, #210, #2051, #1204, #3367, #3939, #4745, #1624, #2976, #752, #3878, #5701, #5282, #1174, #4834, #4866, #2141, #4383, #1659, #3487, #3038, #4415, #2644, #2674, #4080, #2277, #389, #1264, #3069, #416, #3579, #362, #2701, #4105, #4535, #2197, #5458, #5877, #4561, #2225, #4052, #5342, #5851, #2251, #1803, #1776, #3606, #4928, #5370, #5904, #1689, #4508, #5402, #3097, #4024, #5428, #3519, #809, #893, #1321, #1236, #4000, #4477, #4896, #3632, #3153, #4985, #782, #1748, #2170, #3183, #864, #2617, #1349, #5011, #1716, #5822, #1293, #2727, #3549, #4446, #3124, #441, #333, #4956, #838, #5037, #1437, #4649, #5096, #52, #3298, #2398, #4681, #1889, #3210, #2820, #3658, #922, #2369, #4590, #593, #2306, #5065, #531, #3271, #5515, #1953, #2427, #1859, #2758, #469, #5487, #4135, #984, #5153, #5577, #955, #3687, #2789, #21, #3779, #5928, #560, #1377, #4199, #3717, #3326, #1829, #1406, #3241, #4621, #83, #1494, #2878, #1923, #5549, #3746, #501, #5606, #2336, #1466, #4230, #4167, #5124, #1011, #2851, #114, #1041, #4708, #5272, #4858, #1165, #2935, #2101, #2513, #1197, #4797, #2967, #1981, #2483, #2997, #4375, #4348, #683, #1554, #4317, #2042, #3900, #262, #3449, #3029, #141, #3930, #231, #1103, #3806, #3357, #5692, #2069, #3419, #200, #1615, #714, #4826, #3868, #1523, #1136, #5637, #5181, #5722, #2907, #744, #620, #3388, #2546, #1585, #3835, #5751, #4258, #171, #1071, #4737, #2455, #4287, #5242, #3479, #1648, #5210, #2009, #4764, #5664, #5303, #650, #1313, #2131, #1740, #2635, #5895, #2579, #4407, #322, #291, #1286, #4071, #5449, #3117, #355, #381, #4437, #408, #3541, #3571, #4975, #3174, #4948, #2162, #3963, #3142, #4466, #1256, #3597, #5002, #5419, #3089, #2243, #829, #1341, #2665, #4500, #5784, #801, #856, #2693, #2217, #4044, #5814, #2189, #4017, #5869, #4527, #1767, #1681, #3511, #1795, #3624, #5363, #3992, #5334, #1227, #5393, #5843, #1708, #4919, #3061, #4888, #773, #2608, #5086, #4553, #3202, #1851, #2268, #1458, #3708, #976, #4097, #945, #1369, #2392 ) ),
 .UNSPECIFIED., .F., .F., .T. ) 
 B_SPLINE_SURFACE_WITH_KNOTS ( ( 2, 2 ),
 ( 3, 2, 2, 2, 2, 2, 2, 2, 2, 2, 2, 2, 2, 2, 2, 2, 2, 2, 2, 2, 2, 2, 2, 2, 2, 2, 2, 2, 2, 2, 2, 2, 2, 2, 2, 2, 2, 2, 2, 2, 2, 2, 2, 2, 2, 2, 2, 2, 2, 2, 2, 2, 2, 2, 2, 2, 2, 2, 2, 2, 2, 2, 2, 2, 2, 2, 2, 2, 2, 2, 2, 2, 2, 2, 2, 2, 2, 2, 2, 2, 2, 2, 2, 2, 2, 2, 2, 2, 2, 2, 2, 2, 2, 2, 2, 2, 2, 2, 2, 2, 2, 2, 2, 2, 2, 2, 2, 2, 2, 2, 2, 2, 2, 2, 2, 2, 2, 2, 2, 2, 2, 2, 2, 2, 2, 2, 2, 2, 2, 2, 2, 2, 2, 2, 2, 2, 2, 2, 2, 2, 2, 2, 2, 2, 2, 2, 2, 2, 2, 2, 2, 2, 2, 2, 2, 2, 2, 2, 2, 2, 2, 2, 2, 2, 2, 2, 2, 2, 2, 2, 2, 2, 2, 2, 2, 2, 2, 2, 2, 2, 2, 2, 2, 2, 2, 2, 2, 2, 2, 2, 2, 2, 2, 2, 2, 2, 2, 2, 2, 2, 2, 2, 2, 2, 2, 2, 2, 3 ),
 ( 0.000000000000000000, 1.000000000000000000 ),
 ( 0.000000000000000000, 0.004761904761904762334, 0.009523809523809524669, 0.01428571428571428527, 0.01904761904761904934, 0.02380952380952380820, 0.02857142857142857054, 0.03333333333333333287, 0.03809523809523809867, 0.04285714285714285754, 0.04761904761904761640, 0.05238095238095238221, 0.05714285714285714107, 0.06190476190476190688, 0.06666666666666666574, 0.07142857142857142461, 0.07619047619047619735, 0.08095238095238095621, 0.08571428571428571508, 0.09047619047619047394, 0.09523809523809523281, 0.1000000000000000056, 0.1047619047619047644, 0.1095238095238095233, 0.1142857142857142821, 0.1190476190476190410, 0.1238095238095238138, 0.1285714285714285587, 0.1333333333333333315, 0.1380952380952381042, 0.1428571428571428492, 0.1476190476190476220, 0.1523809523809523947, 0.1571428571428571397, 0.1619047619047619124, 0.1666666666666666574, 0.1714285714285714302, 0.1761904761904762029, 0.1809523809523809479, 0.1857142857142857206, 0.1904761904761904656, 0.1952380952380952384, 0.2000000000000000111, 0.2047619047619047561, 0.2095238095238095288, 0.2142857142857142738, 0.2190476190476190466, 0.2238095238095238193, 0.2285714285714285643, 0.2333333333333333370, 0.2380952380952380820, 0.2428571428571428548, 0.2476190476190476275, 0.2523809523809523725, 0.2571428571428571175, 0.2619047619047619180, 0.2666666666666666630, 0.2714285714285714080, 0.2761904761904762085, 0.2809523809523809534, 0.2857142857142856984, 0.2904761904761904989, 0.2952380952380952439, 0.2999999999999999889, 0.3047619047619047894, 0.3095238095238095344, 0.3142857142857142794, 0.3190476190476190244, 0.3238095238095238249, 0.3285714285714285698, 0.3333333333333333148, 0.3380952380952381153, 0.3428571428571428603, 0.3476190476190476053, 0.3523809523809524058, 0.3571428571428571508, 0.3619047619047618958, 0.3666666666666666408, 0.3714285714285714413, 0.3761904761904761862, 0.3809523809523809312, 0.3857142857142857317, 0.3904761904761904767, 0.3952380952380952217, 0.4000000000000000222, 0.4047619047619047672, 0.4095238095238095122, 0.4142857142857143127, 0.4190476190476190577, 0.4238095238095238027, 0.4285714285714285476, 0.4333333333333333481, 0.4380952380952380931, 0.4428571428571428381, 0.4476190476190476386, 0.4523809523809523836, 0.4571428571428571286, 0.4619047619047619291, 0.4666666666666666741, 0.4714285714285714191, 0.4761904761904761640, 0.4809523809523809645, 0.4857142857142857095, 0.4904761904761904545, 0.4952380952380952550, 0.5000000000000000000, 0.5047619047619047450, 0.5095238095238094900, 0.5142857142857142350, 0.5190476190476190910, 0.5238095238095238360, 0.5285714285714285809, 0.5333333333333333259, 0.5380952380952380709, 0.5428571428571428159, 0.5476190476190476719, 0.5523809523809524169, 0.5571428571428571619, 0.5619047619047619069, 0.5666666666666666519, 0.5714285714285713969, 0.5761904761904761418, 0.5809523809523809978, 0.5857142857142857428, 0.5904761904761904878, 0.5952380952380952328, 0.5999999999999999778, 0.6047619047619047228, 0.6095238095238095788, 0.6142857142857143238, 0.6190476190476190688, 0.6238095238095238138, 0.6285714285714285587, 0.6333333333333333037, 0.6380952380952380487, 0.6428571428571429047, 0.6476190476190476497, 0.6523809523809523947, 0.6571428571428571397, 0.6619047619047618847, 0.6666666666666666297, 0.6714285714285713746, 0.6761904761904762307, 0.6809523809523809756, 0.6857142857142857206, 0.6904761904761904656, 0.6952380952380952106, 0.6999999999999999556, 0.7047619047619048116, 0.7095238095238095566, 0.7142857142857143016, 0.7190476190476190466, 0.7238095238095237915, 0.7285714285714285365, 0.7333333333333332815, 0.7380952380952381375, 0.7428571428571428825, 0.7476190476190476275, 0.7523809523809523725, 0.7571428571428571175, 0.7619047619047618625, 0.7666666666666667185, 0.7714285714285714635, 0.7761904761904762085, 0.7809523809523809534, 0.7857142857142856984, 0.7904761904761904434, 0.7952380952380951884, 0.8000000000000000444, 0.8047619047619047894, 0.8095238095238095344, 0.8142857142857142794, 0.8190476190476190244, 0.8238095238095237693, 0.8285714285714286254, 0.8333333333333333703, 0.8380952380952381153, 0.8428571428571428603, 0.8476190476190476053, 0.8523809523809523503, 0.8571428571428570953, 0.8619047619047619513, 0.8666666666666666963, 0.8714285714285714413, 0.8761904761904761862, 0.8809523809523809312, 0.8857142857142856762, 0.8904761904761904212, 0.8952380952380952772, 0.9000000000000000222, 0.9047619047619047672, 0.9095238095238095122, 0.9142857142857142572, 0.9190476190476190022, 0.9238095238095238582, 0.9285714285714286031, 0.9333333333333333481, 0.9380952380952380931, 0.9428571428571428381, 0.9476190476190475831, 0.9523809523809523281, 0.9571428571428571841, 0.9619047619047619291, 0.9666666666666666741, 0.9714285714285714191, 0.9761904761904761640, 0.9809523809523809090, 0.9841106327583005742 ),
 .UNSPECIFIED. ) 
 GEOMETRIC_REPRESENTATION_ITEM ( )  RATIONAL_B_SPLINE_SURFACE ( (
 ( 1.000000000000000000, 0.8660254037844387076, 1.000000000000000000, 0.8660254037844387076, 1.000000000000000000, 0.8660254037844387076, 1.000000000000000000, 0.8660254037844387076, 1.000000000000000000, 0.8660254037844387076, 1.000000000000000000, 0.8660254037844387076, 1.000000000000000000, 0.8660254037844387076, 1.000000000000000000, 0.8660254037844387076, 1.000000000000000000, 0.8660254037844387076, 1.000000000000000000, 0.8660254037844387076, 1.000000000000000000, 0.8660254037844387076, 1.000000000000000000, 0.8660254037844387076, 1.000000000000000000, 0.8660254037844387076, 1.000000000000000000, 0.8660254037844387076, 1.000000000000000000, 0.8660254037844387076, 1.000000000000000000, 0.8660254037844387076, 1.000000000000000000, 0.8660254037844387076, 1.000000000000000000, 0.8660254037844387076, 1.000000000000000000, 0.8660254037844387076, 1.000000000000000000, 0.8660254037844387076, 1.000000000000000000, 0.8660254037844387076, 1.000000000000000000, 0.8660254037844387076, 1.000000000000000000, 0.8660254037844387076, 1.000000000000000000, 0.8660254037844387076, 1.000000000000000000, 0.8660254037844387076, 1.000000000000000000, 0.8660254037844387076, 1.000000000000000000, 0.8660254037844387076, 1.000000000000000000, 0.8660254037844387076, 1.000000000000000000, 0.8660254037844387076, 1.000000000000000000, 0.8660254037844387076, 1.000000000000000000, 0.8660254037844387076, 1.000000000000000000, 0.8660254037844387076, 1.000000000000000000, 0.8660254037844387076, 1.000000000000000000, 0.8660254037844387076, 1.000000000000000000, 0.8660254037844387076, 1.000000000000000000, 0.8660254037844387076, 1.000000000000000000, 0.8660254037844387076, 1.000000000000000000, 0.8660254037844387076, 1.000000000000000000, 0.8660254037844387076, 1.000000000000000000, 0.8660254037844387076, 1.000000000000000000, 0.8660254037844387076, 1.000000000000000000, 0.8660254037844387076, 1.000000000000000000, 0.8660254037844387076, 1.000000000000000000, 0.8660254037844387076, 1.000000000000000000, 0.8660254037844387076, 1.000000000000000000, 0.8660254037844387076, 1.000000000000000000, 0.8660254037844387076, 1.000000000000000000, 0.8660254037844387076, 1.000000000000000000, 0.8660254037844387076, 1.000000000000000000, 0.8660254037844387076, 1.000000000000000000, 0.8660254037844387076, 1.000000000000000000, 0.8660254037844387076, 1.000000000000000000, 0.8660254037844387076, 1.000000000000000000, 0.8660254037844387076, 1.000000000000000000, 0.8660254037844387076, 1.000000000000000000, 0.8660254037844387076, 1.000000000000000000, 0.8660254037844387076, 1.000000000000000000, 0.8660254037844387076, 1.000000000000000000, 0.8660254037844387076, 1.000000000000000000, 0.8660254037844387076, 1.000000000000000000, 0.8660254037844387076, 1.000000000000000000, 0.8660254037844387076, 1.000000000000000000, 0.8660254037844387076, 1.000000000000000000, 0.8660254037844387076, 1.000000000000000000, 0.8660254037844387076, 1.000000000000000000, 0.8660254037844387076, 1.000000000000000000, 0.8660254037844387076, 1.000000000000000000, 0.8660254037844387076, 1.000000000000000000, 0.8660254037844387076, 1.000000000000000000, 0.8660254037844387076, 1.000000000000000000, 0.8660254037844387076, 1.000000000000000000, 0.8660254037844387076, 1.000000000000000000, 0.8660254037844387076, 1.000000000000000000, 0.8660254037844387076, 1.000000000000000000, 0.8660254037844387076, 1.000000000000000000, 0.8660254037844387076, 1.000000000000000000, 0.8660254037844387076, 1.000000000000000000, 0.8660254037844387076, 1.000000000000000000, 0.8660254037844387076, 1.000000000000000000, 0.8660254037844387076, 1.000000000000000000, 0.8660254037844387076, 1.000000000000000000, 0.8660254037844387076, 1.000000000000000000, 0.8660254037844387076, 1.000000000000000000, 0.8660254037844387076, 1.000000000000000000, 0.8660254037844387076, 1.000000000000000000, 0.8660254037844387076, 1.000000000000000000, 0.8660254037844387076, 1.000000000000000000, 0.8660254037844387076, 1.000000000000000000, 0.8660254037844387076, 1.000000000000000000, 0.8660254037844387076, 1.000000000000000000, 0.8660254037844387076, 1.000000000000000000, 0.8660254037844387076, 1.000000000000000000, 0.8660254037844387076, 1.000000000000000000, 0.8660254037844387076, 1.000000000000000000, 0.8660254037844387076, 1.000000000000000000, 0.8660254037844387076, 1.000000000000000000, 0.8660254037844387076, 1.000000000000000000, 0.8660254037844387076, 1.000000000000000000, 0.8660254037844387076, 1.000000000000000000, 0.8660254037844387076, 1.000000000000000000, 0.8660254037844387076, 1.000000000000000000, 0.8660254037844387076, 1.000000000000000000, 0.8660254037844387076, 1.000000000000000000, 0.8660254037844387076, 1.000000000000000000, 0.8660254037844387076, 1.000000000000000000, 0.8660254037844387076, 1.000000000000000000, 0.8660254037844387076, 1.000000000000000000, 0.8660254037844387076, 1.000000000000000000, 0.8660254037844387076, 1.000000000000000000, 0.8660254037844387076, 1.000000000000000000, 0.8660254037844387076, 1.000000000000000000, 0.8660254037844387076, 1.000000000000000000, 0.8660254037844387076, 1.000000000000000000, 0.8660254037844387076, 1.000000000000000000, 0.8660254037844387076, 1.000000000000000000, 0.8660254037844387076, 1.000000000000000000, 0.8660254037844387076, 1.000000000000000000, 0.8660254037844387076, 1.000000000000000000, 0.8660254037844387076, 1.000000000000000000, 0.8660254037844387076, 1.000000000000000000, 0.8660254037844387076, 1.000000000000000000, 0.8660254037844387076, 1.000000000000000000, 0.8660254037844387076, 1.000000000000000000, 0.8660254037844387076, 1.000000000000000000, 0.8660254037844387076, 1.000000000000000000, 0.8660254037844387076, 1.000000000000000000, 0.8660254037844387076, 1.000000000000000000, 0.8660254037844387076, 1.000000000000000000, 0.8660254037844387076, 1.000000000000000000, 0.8660254037844387076, 1.000000000000000000, 0.8660254037844387076, 1.000000000000000000, 0.8660254037844387076, 1.000000000000000000, 0.8660254037844387076, 1.000000000000000000, 0.8660254037844387076, 1.000000000000000000, 0.8660254037844387076, 1.000000000000000000, 0.8660254037844387076, 1.000000000000000000, 0.8660254037844387076, 1.000000000000000000, 0.8660254037844387076, 1.000000000000000000, 0.8660254037844387076, 1.000000000000000000, 0.8660254037844387076, 1.000000000000000000, 0.8660254037844387076, 1.000000000000000000, 0.8660254037844387076, 1.000000000000000000, 0.8660254037844387076, 1.000000000000000000, 0.8660254037844387076, 1.000000000000000000, 0.8660254037844387076, 1.000000000000000000, 0.8660254037844387076, 1.000000000000000000, 0.8660254037844387076, 1.000000000000000000, 0.8660254037844387076, 1.000000000000000000, 0.8660254037844387076, 1.000000000000000000, 0.8660254037844387076, 1.000000000000000000, 0.8660254037844387076, 1.000000000000000000, 0.8660254037844387076, 1.000000000000000000, 0.8660254037844387076, 1.000000000000000000, 0.8660254037844387076, 1.000000000000000000, 0.8660254037844387076, 1.000000000000000000, 0.8660254037844387076, 1.000000000000000000, 0.8660254037844387076, 1.000000000000000000, 0.8660254037844387076, 1.000000000000000000, 0.8660254037844387076, 1.000000000000000000, 0.8660254037844387076, 1.000000000000000000, 0.8660254037844387076, 1.000000000000000000, 0.8660254037844387076, 1.000000000000000000, 0.8660254037844387076, 1.000000000000000000, 0.8660254037844387076, 1.000000000000000000, 0.8660254037844387076, 1.000000000000000000, 0.8660254037844387076, 1.000000000000000000, 0.8660254037844387076, 1.000000000000000000, 0.8660254037844387076, 1.000000000000000000, 0.8660254037844387076, 1.000000000000000000, 0.8660254037844387076, 1.000000000000000000, 0.8660254037844387076, 1.000000000000000000, 0.8660254037844387076, 1.000000000000000000, 0.8660254037844387076, 1.000000000000000000, 0.8660254037844387076, 1.000000000000000000, 0.8660254037844387076, 1.000000000000000000, 0.8660254037844387076, 1.000000000000000000, 0.8660254037844387076, 1.000000000000000000, 0.8660254037844387076, 1.000000000000000000, 0.8660254037844387076, 1.000000000000000000, 0.8660254037844387076, 1.000000000000000000, 0.8660254037844387076, 1.000000000000000000, 0.8660254037844387076, 1.000000000000000000, 0.8660254037844387076, 1.000000000000000000, 0.8660254037844387076, 1.000000000000000000, 0.8660254037844387076, 1.000000000000000000, 0.8660254037844387076, 1.000000000000000000, 0.8660254037844387076, 1.000000000000000000, 0.8660254037844387076, 1.000000000000000000, 0.8660254037844387076, 1.000000000000000000, 0.8660254037844387076, 1.000000000000000000, 0.8660254037844387076, 1.000000000000000000, 0.8660254037844387076, 1.000000000000000000, 0.8660254037844387076, 1.000000000000000000, 0.8660254037844387076, 1.000000000000000000, 0.8660254037844387076, 1.000000000000000000, 0.8660254037844387076, 1.000000000000000000, 0.8660254037844387076, 1.000000000000000000, 0.8660254037844387076, 1.000000000000000000, 0.8660254037844387076, 1.000000000000000000, 0.8660254037844387076, 1.000000000000000000, 0.8660254037844387076, 1.000000000000000000, 0.8660254037844387076, 1.000000000000000000, 0.8660254037844387076, 1.000000000000000000, 0.8660254037844387076, 1.000000000000000000, 0.8660254037844387076, 1.000000000000000000, 0.8660254037844387076, 1.000000000000000000, 0.9111436428065193827, 0.9401522008540126318),
 ( 1.000000000000000000, 0.8660254037844387076, 1.000000000000000000, 0.8660254037844387076, 1.000000000000000000, 0.8660254037844387076, 1.000000000000000000, 0.8660254037844387076, 1.000000000000000000, 0.8660254037844387076, 1.000000000000000000, 0.8660254037844387076, 1.000000000000000000, 0.8660254037844387076, 1.000000000000000000, 0.8660254037844387076, 1.000000000000000000, 0.8660254037844387076, 1.000000000000000000, 0.8660254037844387076, 1.000000000000000000, 0.8660254037844387076, 1.000000000000000000, 0.8660254037844387076, 1.000000000000000000, 0.8660254037844387076, 1.000000000000000000, 0.8660254037844387076, 1.000000000000000000, 0.8660254037844387076, 1.000000000000000000, 0.8660254037844387076, 1.000000000000000000, 0.8660254037844387076, 1.000000000000000000, 0.8660254037844387076, 1.000000000000000000, 0.8660254037844387076, 1.000000000000000000, 0.8660254037844387076, 1.000000000000000000, 0.8660254037844387076, 1.000000000000000000, 0.8660254037844387076, 1.000000000000000000, 0.8660254037844387076, 1.000000000000000000, 0.8660254037844387076, 1.000000000000000000, 0.8660254037844387076, 1.000000000000000000, 0.8660254037844387076, 1.000000000000000000, 0.8660254037844387076, 1.000000000000000000, 0.8660254037844387076, 1.000000000000000000, 0.8660254037844387076, 1.000000000000000000, 0.8660254037844387076, 1.000000000000000000, 0.8660254037844387076, 1.000000000000000000, 0.8660254037844387076, 1.000000000000000000, 0.8660254037844387076, 1.000000000000000000, 0.8660254037844387076, 1.000000000000000000, 0.8660254037844387076, 1.000000000000000000, 0.8660254037844387076, 1.000000000000000000, 0.8660254037844387076, 1.000000000000000000, 0.8660254037844387076, 1.000000000000000000, 0.8660254037844387076, 1.000000000000000000, 0.8660254037844387076, 1.000000000000000000, 0.8660254037844387076, 1.000000000000000000, 0.8660254037844387076, 1.000000000000000000, 0.8660254037844387076, 1.000000000000000000, 0.8660254037844387076, 1.000000000000000000, 0.8660254037844387076, 1.000000000000000000, 0.8660254037844387076, 1.000000000000000000, 0.8660254037844387076, 1.000000000000000000, 0.8660254037844387076, 1.000000000000000000, 0.8660254037844387076, 1.000000000000000000, 0.8660254037844387076, 1.000000000000000000, 0.8660254037844387076, 1.000000000000000000, 0.8660254037844387076, 1.000000000000000000, 0.8660254037844387076, 1.000000000000000000, 0.8660254037844387076, 1.000000000000000000, 0.8660254037844387076, 1.000000000000000000, 0.8660254037844387076, 1.000000000000000000, 0.8660254037844387076, 1.000000000000000000, 0.8660254037844387076, 1.000000000000000000, 0.8660254037844387076, 1.000000000000000000, 0.8660254037844387076, 1.000000000000000000, 0.8660254037844387076, 1.000000000000000000, 0.8660254037844387076, 1.000000000000000000, 0.8660254037844387076, 1.000000000000000000, 0.8660254037844387076, 1.000000000000000000, 0.8660254037844387076, 1.000000000000000000, 0.8660254037844387076, 1.000000000000000000, 0.8660254037844387076, 1.000000000000000000, 0.8660254037844387076, 1.000000000000000000, 0.8660254037844387076, 1.000000000000000000, 0.8660254037844387076, 1.000000000000000000, 0.8660254037844387076, 1.000000000000000000, 0.8660254037844387076, 1.000000000000000000, 0.8660254037844387076, 1.000000000000000000, 0.8660254037844387076, 1.000000000000000000, 0.8660254037844387076, 1.000000000000000000, 0.8660254037844387076, 1.000000000000000000, 0.8660254037844387076, 1.000000000000000000, 0.8660254037844387076, 1.000000000000000000, 0.8660254037844387076, 1.000000000000000000, 0.8660254037844387076, 1.000000000000000000, 0.8660254037844387076, 1.000000000000000000, 0.8660254037844387076, 1.000000000000000000, 0.8660254037844387076, 1.000000000000000000, 0.8660254037844387076, 1.000000000000000000, 0.8660254037844387076, 1.000000000000000000, 0.8660254037844387076, 1.000000000000000000, 0.8660254037844387076, 1.000000000000000000, 0.8660254037844387076, 1.000000000000000000, 0.8660254037844387076, 1.000000000000000000, 0.8660254037844387076, 1.000000000000000000, 0.8660254037844387076, 1.000000000000000000, 0.8660254037844387076, 1.000000000000000000, 0.8660254037844387076, 1.000000000000000000, 0.8660254037844387076, 1.000000000000000000, 0.8660254037844387076, 1.000000000000000000, 0.8660254037844387076, 1.000000000000000000, 0.8660254037844387076, 1.000000000000000000, 0.8660254037844387076, 1.000000000000000000, 0.8660254037844387076, 1.000000000000000000, 0.8660254037844387076, 1.000000000000000000, 0.8660254037844387076, 1.000000000000000000, 0.8660254037844387076, 1.000000000000000000, 0.8660254037844387076, 1.000000000000000000, 0.8660254037844387076, 1.000000000000000000, 0.8660254037844387076, 1.000000000000000000, 0.8660254037844387076, 1.000000000000000000, 0.8660254037844387076, 1.000000000000000000, 0.8660254037844387076, 1.000000000000000000, 0.8660254037844387076, 1.000000000000000000, 0.8660254037844387076, 1.000000000000000000, 0.8660254037844387076, 1.000000000000000000, 0.8660254037844387076, 1.000000000000000000, 0.8660254037844387076, 1.000000000000000000, 0.8660254037844387076, 1.000000000000000000, 0.8660254037844387076, 1.000000000000000000, 0.8660254037844387076, 1.000000000000000000, 0.8660254037844387076, 1.000000000000000000, 0.8660254037844387076, 1.000000000000000000, 0.8660254037844387076, 1.000000000000000000, 0.8660254037844387076, 1.000000000000000000, 0.8660254037844387076, 1.000000000000000000, 0.8660254037844387076, 1.000000000000000000, 0.8660254037844387076, 1.000000000000000000, 0.8660254037844387076, 1.000000000000000000, 0.8660254037844387076, 1.000000000000000000, 0.8660254037844387076, 1.000000000000000000, 0.8660254037844387076, 1.000000000000000000, 0.8660254037844387076, 1.000000000000000000, 0.8660254037844387076, 1.000000000000000000, 0.8660254037844387076, 1.000000000000000000, 0.8660254037844387076, 1.000000000000000000, 0.8660254037844387076, 1.000000000000000000, 0.8660254037844387076, 1.000000000000000000, 0.8660254037844387076, 1.000000000000000000, 0.8660254037844387076, 1.000000000000000000, 0.8660254037844387076, 1.000000000000000000, 0.8660254037844387076, 1.000000000000000000, 0.8660254037844387076, 1.000000000000000000, 0.8660254037844387076, 1.000000000000000000, 0.8660254037844387076, 1.000000000000000000, 0.8660254037844387076, 1.000000000000000000, 0.8660254037844387076, 1.000000000000000000, 0.8660254037844387076, 1.000000000000000000, 0.8660254037844387076, 1.000000000000000000, 0.8660254037844387076, 1.000000000000000000, 0.8660254037844387076, 1.000000000000000000, 0.8660254037844387076, 1.000000000000000000, 0.8660254037844387076, 1.000000000000000000, 0.8660254037844387076, 1.000000000000000000, 0.8660254037844387076, 1.000000000000000000, 0.8660254037844387076, 1.000000000000000000, 0.8660254037844387076, 1.000000000000000000, 0.8660254037844387076, 1.000000000000000000, 0.8660254037844387076, 1.000000000000000000, 0.8660254037844387076, 1.000000000000000000, 0.8660254037844387076, 1.000000000000000000, 0.8660254037844387076, 1.000000000000000000, 0.8660254037844387076, 1.000000000000000000, 0.8660254037844387076, 1.000000000000000000, 0.8660254037844387076, 1.000000000000000000, 0.8660254037844387076, 1.000000000000000000, 0.8660254037844387076, 1.000000000000000000, 0.8660254037844387076, 1.000000000000000000, 0.8660254037844387076, 1.000000000000000000, 0.8660254037844387076, 1.000000000000000000, 0.8660254037844387076, 1.000000000000000000, 0.8660254037844387076, 1.000000000000000000, 0.8660254037844387076, 1.000000000000000000, 0.8660254037844387076, 1.000000000000000000, 0.8660254037844387076, 1.000000000000000000, 0.8660254037844387076, 1.000000000000000000, 0.8660254037844387076, 1.000000000000000000, 0.8660254037844387076, 1.000000000000000000, 0.8660254037844387076, 1.000000000000000000, 0.8660254037844387076, 1.000000000000000000, 0.8660254037844387076, 1.000000000000000000, 0.8660254037844387076, 1.000000000000000000, 0.8660254037844387076, 1.000000000000000000, 0.8660254037844387076, 1.000000000000000000, 0.8660254037844387076, 1.000000000000000000, 0.8660254037844387076, 1.000000000000000000, 0.8660254037844387076, 1.000000000000000000, 0.8660254037844387076, 1.000000000000000000, 0.8660254037844387076, 1.000000000000000000, 0.8660254037844387076, 1.000000000000000000, 0.8660254037844387076, 1.000000000000000000, 0.8660254037844387076, 1.000000000000000000, 0.8660254037844387076, 1.000000000000000000, 0.8660254037844387076, 1.000000000000000000, 0.8660254037844387076, 1.000000000000000000, 0.8660254037844387076, 1.000000000000000000, 0.8660254037844387076, 1.000000000000000000, 0.8660254037844387076, 1.000000000000000000, 0.8660254037844387076, 1.000000000000000000, 0.8660254037844387076, 1.000000000000000000, 0.8660254037844387076, 1.000000000000000000, 0.8660254037844387076, 1.000000000000000000, 0.8660254037844387076, 1.000000000000000000, 0.8660254037844387076, 1.000000000000000000, 0.8660254037844387076, 1.000000000000000000, 0.8660254037844387076, 1.000000000000000000, 0.8660254037844387076, 1.000000000000000000, 0.8660254037844387076, 1.000000000000000000, 0.8660254037844387076, 1.000000000000000000, 0.8660254037844387076, 1.000000000000000000, 0.8660254037844387076, 1.000000000000000000, 0.9111436428065193827, 0.9401522008540126318) ) ) 
 REPRESENTATION_ITEM ( '' )  SURFACE ( )  );
#106 = CARTESIAN_POINT ( 'NONE',  ( 1.249999998749998342, 9.065625000614517148, -0.7216878357653438991 ) ) ;
#107 = CYLINDRICAL_SURFACE ( 'NONE', #2138, 1.006430354999998666 ) ;
#108 = CARTESIAN_POINT ( 'NONE',  ( 1.249999998749999008, 5.896875000614517859, 0.7216878357653431220 ) ) ;
#109 = CARTESIAN_POINT ( 'NONE',  ( 2.656741256845155939E-16, -0.02812499938548151945, 1.443375671530686910 ) ) ;
#110 = ADVANCED_FACE ( 'NONE', ( #2525 ), #2559, .F. ) ;
#111 = CARTESIAN_POINT ( 'NONE',  ( -0.3264152022164671929, 11.29659346439128065, -0.9950406269592876329 ) ) ;
#112 = ORIENTED_EDGE ( 'NONE', *, *, #25, .F. ) ;
#113 = CARTESIAN_POINT ( 'NONE',  ( -1.006430354999998888, 11.25214476147104747, 0.03238176491241670507 ) ) ;
#114 = CARTESIAN_POINT ( 'NONE',  ( 0.5032151774999997773, 2.962500001229035895, 0.8715942545697895616 ) ) ;
#115 = LINE ( 'NONE', #621, #2097 ) ;
#116 = CARTESIAN_POINT ( 'NONE',  ( -1.006430354999998444, 10.35000000150474619, 2.331603913334447373E-08 ) ) ;
#117 = CARTESIAN_POINT ( 'NONE',  ( 0.6249999993749997262, 8.559375000614515727, 1.082531753648015238 ) ) ;
#118 = CARTESIAN_POINT ( 'NONE',  ( -1.006430354999998666, 2.700000000000001066, 0.000000000000000000 ) ) ;
#119 = CARTESIAN_POINT ( 'NONE',  ( -1.249999998749998564, 5.203125000614516438, 0.000000000000000000 ) ) ;
#120 = CARTESIAN_POINT ( 'NONE',  ( -0.5032151774999994442, 0.4875000012290360285, -0.8715942545697896726 ) ) ;
#121 = CARTESIAN_POINT ( 'NONE',  ( 1.006430354999998666, 3.374999999999999556, 1.173230260442798796E-14 ) ) ;
#122 = DIRECTION ( 'NONE',  ( -1.000000000000000000, 0.000000000000000000, 0.000000000000000000 ) ) ;
#123 = CARTESIAN_POINT ( 'NONE',  ( -1.006430354999998888, 11.32500000122903394, -0.5810628363798596707 ) ) ;
#124 = CARTESIAN_POINT ( 'NONE',  ( -2.363395119425512930E-16, 7.846875000614518036, -1.443375671530686910 ) ) ;
#125 = CARTESIAN_POINT ( 'NONE',  ( -0.5253432182843934539, 7.275000000000000355, 0.8979642393405733447 ) ) ;
#126 = EDGE_LOOP ( 'NONE', ( #761, #708, #632, #221, #5740 ) ) ;
#127 = CARTESIAN_POINT ( 'NONE',  ( -7.687543252905627584E-19, 11.36250000000000071, 1.162125672759719563 ) ) ;
#128 = CARTESIAN_POINT ( 'NONE',  ( 3.763812527587959007E-17, 12.06562500061451537, 1.443375671530686910 ) ) ;
#129 = ORIENTED_EDGE ( 'NONE', *, *, #2092, .F. ) ;
#130 = CARTESIAN_POINT ( 'NONE',  ( 0.6249999993749989491, 4.153125000614517504, -1.082531753648015460 ) ) ;
#131 = CARTESIAN_POINT ( 'NONE',  ( -1.249999998749998564, 2.465625000614515727, -0.7216878357653433440 ) ) ;
#132 = ORIENTED_EDGE ( 'NONE', *, *, #4947, .T. ) ;
#133 = CARTESIAN_POINT ( 'NONE',  ( -0.5253432182843932319, 4.875000000000000888, -0.8979642393405733447 ) ) ;
#134 = EDGE_CURVE ( 'NONE', #1120, #1366, #5284, .T. ) ;
#135 = CARTESIAN_POINT ( 'NONE',  ( -0.6249999993749985050, 5.334375000614517859, 1.082531753648015904 ) ) ;
#136 = CARTESIAN_POINT ( 'NONE',  ( -0.6249999993749983940, -0.1218749993854833374, 1.082531753648015904 ) ) ;
#137 = CARTESIAN_POINT ( 'NONE',  ( 1.249999998749999008, 0.04687500061451715938, 0.7216878357653431220 ) ) ;
#138 = CARTESIAN_POINT ( 'NONE',  ( -0.5253432182843935649, 9.075000000000001066, 0.8979642393405733447 ) ) ;
#139 = EDGE_LOOP ( 'NONE', ( #1670, #70, #1774, #316 ) ) ;
#140 = CARTESIAN_POINT ( 'NONE',  ( 1.249999998749998342, 10.43437500061451750, -1.530808497403381346E-16 ) ) ;
#141 = CARTESIAN_POINT ( 'NONE',  ( 1.752962506182029213E-16, 2.025000001229035007, 1.162125672759719563 ) ) ;
#142 = CARTESIAN_POINT ( 'NONE',  ( -1.249999998749998786, 13.35937500061451644, 0.000000000000000000 ) ) ;
#143 = CARTESIAN_POINT ( 'NONE',  ( 4.802034341338284738E-17, 8.775000001229035007, 1.162125672759719341 ) ) ;
#144 = CARTESIAN_POINT ( 'NONE',  ( 1.249999998749998342, 8.184375000614515727, -1.530808497403381346E-16 ) ) ;
#145 = CARTESIAN_POINT ( 'NONE',  ( -1.006430354999998666, 1.762500000000000178, -0.5810628363798596707 ) ) ;
#146 = CARTESIAN_POINT ( 'NONE',  ( 2.073393348823063451E-16, 3.065625000614517592, 1.443375671530686910 ) ) ;
#147 = CARTESIAN_POINT ( 'NONE',  ( -7.964473477110340123E-17, 0.4500000012290366613, -1.162125672759719341 ) ) ;
#148 = CARTESIAN_POINT ( 'NONE',  ( 1.006430354999998666, 1.593749999999999778, -0.2634828508014801507 ) ) ;
#149 = CARTESIAN_POINT ( 'NONE',  ( 1.006430354999998000, 8.306249999999998579, 0.2634828508014803172 ) ) ;
#150 = CARTESIAN_POINT ( 'NONE',  ( 2.256516197241881349E-17, 10.12500000122903643, 1.162125672759719563 ) ) ;
#151 = CARTESIAN_POINT ( 'NONE',  ( 0.6249999993749988381, 6.459375000614517859, -1.082531753648015460 ) ) ;
#152 = CARTESIAN_POINT ( 'NONE',  ( 1.006430354999998888, 0.2435696449999969204, 0.000000000000000000 ) ) ;
#153 = CARTESIAN_POINT ( 'NONE',  ( -0.5032151774999995553, 8.587500001229035007, -0.8715942545697896726 ) ) ;
#154 = CARTESIAN_POINT ( 'NONE',  ( 0.5032151774999996663, 8.250000000000000000, 0.8715942545697895616 ) ) ;
#155 = CARTESIAN_POINT ( 'NONE',  ( 7.157836719716493367E-17, 10.26562500061451644, 1.443375671530686910 ) ) ;
#156 = ORIENTED_EDGE ( 'NONE', *, *, #581, .F. ) ;
#157 = CARTESIAN_POINT ( 'NONE',  ( -0.6249999993749983940, 4.378125000614517148, 1.082531753648015904 ) ) ;
#158 = AXIS2_PLACEMENT_3D ( 'NONE', #1339, #3647, #3113 ) ;
#159 = CARTESIAN_POINT ( 'NONE',  ( -0.6249999993749993932, 3.328125000614516438, -1.082531753648015460 ) ) ;
#160 = ORIENTED_EDGE ( 'NONE', *, *, #2818, .F. ) ;
#161 = CARTESIAN_POINT ( 'NONE',  ( -1.475252186136741131E-16, 4.050000001229035362, -1.162125672759719341 ) ) ;
#162 = ADVANCED_FACE ( 'NONE', ( #3009 ), #4018, .T. ) ;
#163 = CARTESIAN_POINT ( 'NONE',  ( -1.249999998749998564, 5.671875000614518214, -0.7216878357653433440 ) ) ;
#164 = B_SPLINE_CURVE_WITH_KNOTS ( 'NONE', 3,
 ( #895, #2729, #4563, #3274, #443, #986, #23, #2279, #2822, #5930, #4652, #533, #2371, #5432 ),
 .UNSPECIFIED., .F., .F.,
 ( 4, 2, 2, 2, 2, 2, 4 ),
 ( 0.004125785946286148267, 0.004600514484453165943, 0.004837878753536674348, 0.005075243022620183619, 0.005312607291703692024, 0.005549971560787200428, 0.006024700098954218104 ),
 .UNSPECIFIED. ) ;
#165 = CARTESIAN_POINT ( 'NONE',  ( -1.249999998749998564, -1.096874999385483607, 0.000000000000000000 ) ) ;
#166 = AXIS2_PLACEMENT_3D ( 'NONE', #2772, #4520, #5442 ) ;
#167 = DIRECTION ( 'NONE',  ( -1.000000000000000000, 0.000000000000000000, 0.000000000000000000 ) ) ;
#168 = CARTESIAN_POINT ( 'NONE',  ( -0.8979642393405737888, 9.037500000000001421, 0.5253432182843934539 ) ) ;
#169 = ORIENTED_EDGE ( 'NONE', *, *, #4660, .F. ) ;
#170 = CARTESIAN_POINT ( 'NONE',  ( 1.249999998749998342, 9.984375000614516438, -1.530808497403381346E-16 ) ) ;
#171 = CARTESIAN_POINT ( 'NONE',  ( -1.006430354999998666, 0.9750000012290360729, -0.5810628363798596707 ) ) ;
#172 = CARTESIAN_POINT ( 'NONE',  ( 0.6249999993749998373, 0.009375000614517819963, 1.082531753648015238 ) ) ;
#173 = CARTESIAN_POINT ( 'NONE',  ( -1.249999998749999008, 11.97187500061451892, -0.7216878357653433440 ) ) ;
#174 = CARTESIAN_POINT ( 'NONE',  ( 0.5032151774999996663, 7.462500001229035895, 0.8715942545697895616 ) ) ;
#175 = CARTESIAN_POINT ( 'NONE',  ( -0.6249999993749985050, 7.584375000614516971, 1.082531753648015904 ) ) ;
#176 = CARTESIAN_POINT ( 'NONE',  ( 1.006430354999998888, 2.887500000000001510, 0.5810628363798594487 ) ) ;
#177 = CARTESIAN_POINT ( 'NONE',  ( 1.249999998749998342, 1.415625000614517459, -0.7216878357653438991 ) ) ;
#178 = CARTESIAN_POINT ( 'NONE',  ( -0.7648016593171338418, 11.49574840945258636, -0.9902662403598471164 ) ) ;
#179 = CARTESIAN_POINT ( 'NONE',  ( 1.006430354999995114, 10.20000000122903216, 0.5810628363798613361 ) ) ;
#180 = CARTESIAN_POINT ( 'NONE',  ( 3.953528293306149761E-17, 9.225000001229034297, 1.162125672759719563 ) ) ;
#181 = CARTESIAN_POINT ( 'NONE',  ( -1.249999998749998564, 6.571875000614517681, -0.7216878357653433440 ) ) ;
#182 = DIRECTION ( 'NONE',  ( -1.000000000000000000, 0.000000000000000000, 0.000000000000000000 ) ) ;
#183 = CARTESIAN_POINT ( 'NONE',  ( -0.5253432182843933429, 6.675000000000000711, -0.8979642393405734557 ) ) ;
#184 = CARTESIAN_POINT ( 'NONE',  ( -1.006430354999998888, 8.512499999999999289, -0.5810628363798596707 ) ) ;
#185 = CARTESIAN_POINT ( 'NONE',  ( 0.6249999993749987270, 10.45312500061451644, -1.082531753648015460 ) ) ;
#186 = VERTEX_POINT ( 'NONE', #645 ) ;
#187 = CARTESIAN_POINT ( 'NONE',  ( 2.243094558429490446E-16, 2.165625000614516349, 1.443375671530686910 ) ) ;
#188 = B_SPLINE_CURVE_WITH_KNOTS ( 'NONE', 3,
 ( #3705, #4639, #1942, #5536, #3769, #5082, #974, #3318, #3859, #2153 ),
 .UNSPECIFIED., .F., .F.,
 ( 4, 2, 2, 2, 4 ),
 ( 0.5000000000000000000, 0.6250000000000000000, 0.7500000000000000000, 0.8750000000000000000, 1.000000000000000000 ),
 .UNSPECIFIED. ) ;
#189 = CARTESIAN_POINT ( 'NONE',  ( -1.249999998749998342, 0.2906250006145180698, 0.7216878357653442322 ) ) ;
#190 = ORIENTED_EDGE ( 'NONE', *, *, #2602, .F. ) ;
#191 = DIRECTION ( 'NONE',  ( -1.885568995626964287E-17, 1.000000000000000000, -0.000000000000000000 ) ) ;
#192 = CARTESIAN_POINT ( 'NONE',  ( -1.249999998749999008, 11.01562500061451644, -0.7216878357653433440 ) ) ;
#193 = CARTESIAN_POINT ( 'NONE',  ( 1.249999998749999008, 4.546875000614517326, 0.7216878357653431220 ) ) ;
#194 = CARTESIAN_POINT ( 'NONE',  ( 1.249999998749998342, -0.3843749993854821967, -0.7216878357653438991 ) ) ;
#195 = VECTOR ( 'NONE', #4354, 1000.000000000000000 ) ;
#196 = CARTESIAN_POINT ( 'NONE',  ( -2.168404344971008868E-16, 11.50000000000000000, 0.000000000000000000 ) ) ;
#197 = CARTESIAN_POINT ( 'NONE',  ( -1.192233568072184280, 11.47169231811026435, -0.2668182092237280645 ) ) ;
#198 = EDGE_LOOP ( 'NONE', ( #1997, #3014, #3621, #3135 ) ) ;
#199 = CARTESIAN_POINT ( 'NONE',  ( -2.957349353048007414E-16, 10.99687500061451750, -1.443375671530686910 ) ) ;
#200 = CARTESIAN_POINT ( 'NONE',  ( 1.006430354999998666, 1.687500001229035762, -1.232521712815482580E-16 ) ) ;
#201 = CARTESIAN_POINT ( 'NONE',  ( 0.6249999993749998373, 0.4593750006145185805, 1.082531753648015238 ) ) ;
#202 = CARTESIAN_POINT ( 'NONE',  ( 1.249999998749998342, 12.72187500061451892, -0.7216878357653438991 ) ) ;
#203 = CARTESIAN_POINT ( 'NONE',  ( -0.6581005793603067477, 0.1164815324451409922, -0.9354974356017913273 ) ) ;
#204 = CARTESIAN_POINT ( 'NONE',  ( 1.249999998749998342, 4.621875000614517504, -0.7216878357653438991 ) ) ;
#205 = CARTESIAN_POINT ( 'NONE',  ( -1.114637115491340714E-16, 2.137500000000000622, -1.162125672759719563 ) ) ;
#206 = CARTESIAN_POINT ( 'NONE',  ( -0.6249999993749983940, 1.228125000614517237, 1.082531753648015904 ) ) ;
#207 = CARTESIAN_POINT ( 'NONE',  ( 0.2384138538309155120, 11.45698987411690339, -1.205559721565734321 ) ) ;
#208 =( NAMED_UNIT ( * ) PLANE_ANGLE_UNIT ( ) SI_UNIT ( $, .RADIAN. ) );
#209 = CARTESIAN_POINT ( 'NONE',  ( -0.5032151774999987781, 8.287500001229034297, 0.8715942545697901167 ) ) ;
#210 = CARTESIAN_POINT ( 'NONE',  ( 1.006430354999998444, 8.437500001229034652, -1.232521712815482580E-16 ) ) ;
#211 = CARTESIAN_POINT ( 'NONE',  ( -2.278544514622299433E-16, 7.396875000614517859, -1.443375671530686910 ) ) ;
#212 = EDGE_CURVE ( 'NONE', #667, #1220, #3126, .T. ) ;
#213 = CARTESIAN_POINT ( 'NONE',  ( -1.006430354999998888, 13.04999999999999893, 0.000000000000000000 ) ) ;
#214 = CARTESIAN_POINT ( 'NONE',  ( -1.006430354999998666, 2.718750000000001332, 0.2634828508014802617 ) ) ;
#215 = CARTESIAN_POINT ( 'NONE',  ( 1.006430354999998000, 10.16249999999999787, -0.5810628363798602258 ) ) ;
#216 = CARTESIAN_POINT ( 'NONE',  ( -1.249999998749998342, 8.390625000614518214, 0.7216878357653442322 ) ) ;
#217 = ADVANCED_FACE ( 'NONE', ( #1644 ), #4283, .F. ) ;
#218 = ORIENTED_EDGE ( 'NONE', *, *, #2609, .T. ) ;
#219 = CARTESIAN_POINT ( 'NONE',  ( 1.249999998749999008, 1.790625000614517681, 0.7216878357653431220 ) ) ;
#220 = CARTESIAN_POINT ( 'NONE',  ( -1.080029721776910689E-16, 1.040625000614517015, -1.443375671530686910 ) ) ;
#221 = ORIENTED_EDGE ( 'NONE', *, *, #2818, .T. ) ;
#222 = CARTESIAN_POINT ( 'NONE',  ( 0.2634828508014804282, 0.5812500000000008216, 1.006430354999998888 ) ) ;
#223 = DIRECTION ( 'NONE',  ( -1.000000000000000000, -1.885568995626963978E-17, 0.000000000000000000 ) ) ;
#224 = CARTESIAN_POINT ( 'NONE',  ( 1.249999998749998342, 8.128125000614515372, -1.530808497403381346E-16 ) ) ;
#225 = CARTESIAN_POINT ( 'NONE',  ( -1.249999998749998564, 4.321875000614517681, -0.7216878357653433440 ) ) ;
#226 = CARTESIAN_POINT ( 'NONE',  ( 0.6249999993749990601, -1.696874999385483251, -1.082531753648015460 ) ) ;
#227 = CARTESIAN_POINT ( 'NONE',  ( 1.018986056470836177, -2.114264162834870842, -0.8550637975267748603 ) ) ;
#228 = CARTESIAN_POINT ( 'NONE',  ( 1.249999998749998342, 12.62812500061451537, -1.530808497403381346E-16 ) ) ;
#229 = CARTESIAN_POINT ( 'NONE',  ( -2.702797538638365935E-16, 9.646875000614519635, -1.443375671530686910 ) ) ;
#230 = B_SPLINE_CURVE_WITH_KNOTS ( 'NONE', 3,
 ( #5352, #1216, #3048, #760, #222, #1245, #703, #4906, #2955, #2626 ),
 .UNSPECIFIED., .F., .F.,
 ( 4, 2, 2, 2, 4 ),
 ( 0.5000000000000000000, 0.6250000000000000000, 0.7500000000000000000, 0.8750000000000000000, 1.000000000000000000 ),
 .UNSPECIFIED. ) ;
#231 = CARTESIAN_POINT ( 'NONE',  ( -1.006430354999998000, 1.950000001229036384, 0.5810628363798603369 ) ) ;
#232 = CARTESIAN_POINT ( 'NONE',  ( 1.249999998749998342, 13.13437500061451679, -1.530808497403381346E-16 ) ) ;
#233 = CARTESIAN_POINT ( 'NONE',  ( 1.249999998749998564, 4.134375000614517681, -1.530808497403381346E-16 ) ) ;
#234 = CARTESIAN_POINT ( 'NONE',  ( 1.006430354999998888, 1.987500000000001377, 0.5810628363798594487 ) ) ;
#235 = CARTESIAN_POINT ( 'NONE',  ( 0.6249999993749989491, 2.803125000614516971, -1.082531753648015460 ) ) ;
#236 = DIRECTION ( 'NONE',  ( -1.885568995626964287E-17, 1.000000000000000000, -0.000000000000000000 ) ) ;
#237 = FILL_AREA_STYLE ('',( #1111 ) ) ;
#238 = CARTESIAN_POINT ( 'NONE',  ( -0.5253432182843933429, 9.824999999999999289, -0.8979642393405733447 ) ) ;
#239 = CARTESIAN_POINT ( 'NONE',  ( 1.006430354999998666, 9.300000001229037139, 0.5810628363798594487 ) ) ;
#240 = CARTESIAN_POINT ( 'NONE',  ( 1.214280975190528204E-16, 7.621875000614517504, 1.443375671530686910 ) ) ;
#241 = CARTESIAN_POINT ( 'NONE',  ( -1.006430354999998444, 13.08749999999999858, 0.5810628363798603369 ) ) ;
#242 = CARTESIAN_POINT ( 'NONE',  ( -1.006430355158935752, 7.275000001240879755, -0.5810628362880974063 ) ) ;
#243 = CARTESIAN_POINT ( 'NONE',  ( -0.5032151774999987781, 8.625000000000000000, 0.8715942545697901167 ) ) ;
#244 = CARTESIAN_POINT ( 'NONE',  ( -0.6249999993749995042, 10.07812500061451644, -1.082531753648015460 ) ) ;
#245 = ORIENTED_EDGE ( 'NONE', *, *, #4552, .T. ) ;
#246 = CARTESIAN_POINT ( 'NONE',  ( -0.6249999993749993932, 1.078125000614516438, -1.082531753648015460 ) ) ;
#247 = CARTESIAN_POINT ( 'NONE',  ( 1.249999998749999008, 0.8906250006145177700, 0.7216878357653431220 ) ) ;
#248 = VERTEX_POINT ( 'NONE', #4312 ) ;
#249 = CARTESIAN_POINT ( 'NONE',  ( 0.8979642393405731227, 5.137500000000001066, 0.5253432182843933429 ) ) ;
#250 = ORIENTED_EDGE ( 'NONE', *, *, #2642, .F. ) ;
#251 = CARTESIAN_POINT ( 'NONE',  ( 1.006430354999958476, 1.650000001229033453, 0.5810628363798827634 ) ) ;
#252 = CARTESIAN_POINT ( 'NONE',  ( 7.157836719716494600E-17, 10.26562500061451644, 1.443375671530686910 ) ) ;
#253 = ORIENTED_EDGE ( 'NONE', *, *, #4260, .F. ) ;
#254 = AXIS2_PLACEMENT_3D ( 'NONE', #3050, #5355, #5323 ) ;
#255 = CARTESIAN_POINT ( 'NONE',  ( 0.6249999993749989491, 2.409375000614517148, -1.082531753648015460 ) ) ;
#256 = CARTESIAN_POINT ( 'NONE',  ( -0.6249999993749983940, -1.021874999385483207, 1.082531753648015904 ) ) ;
#257 = CARTESIAN_POINT ( 'NONE',  ( -1.249999998749998564, -1.940624999385482496, 0.000000000000000000 ) ) ;
#258 = CARTESIAN_POINT ( 'NONE',  ( 1.249999998749998342, 11.72812500061451679, -1.530808497403381346E-16 ) ) ;
#259 = ADVANCED_FACE ( 'NONE', ( #3927 ), #5719, .F. ) ;
#260 = CARTESIAN_POINT ( 'NONE',  ( 5.354761367648210856E-17, 11.22187500061451892, 1.443375671530686910 ) ) ;
#261 =( BOUNDED_CURVE ( )  B_SPLINE_CURVE ( 2, ( #4780, #242, #1720, #2498, #4419, #1148, #2526 ),
 .UNSPECIFIED., .F., .T. ) 
 B_SPLINE_CURVE_WITH_KNOTS ( ( 3, 2, 2, 3 ),
 ( 0.3774256258020661781, 0.3822644158769097911, 0.3871032059517533486, 0.3919419960265970171 ),
 .UNSPECIFIED. ) 
 CURVE ( )  GEOMETRIC_REPRESENTATION_ITEM ( )  RATIONAL_B_SPLINE_CURVE ( ( 1.000000000036645798, 0.8660254037477929101, 1.000000000000000000, 0.8660254037844387076, 1.000000000000000000, 0.8660254037844387076, 1.000000000000000000 ) ) 
 REPRESENTATION_ITEM ( '' )  );
#262 = CARTESIAN_POINT ( 'NONE',  ( 1.006430354999998666, 2.137500001229036606, -1.232521712815482580E-16 ) ) ;
#263 = CARTESIAN_POINT ( 'NONE',  ( -0.6249999993749995042, 9.684375000614517504, -1.082531753648015460 ) ) ;
#264 = CARTESIAN_POINT ( 'NONE',  ( -0.6249999993749995042, 5.634375000614517681, -1.082531753648015460 ) ) ;
#265 = CARTESIAN_POINT ( 'NONE',  ( 1.006430354999998444, -1.087499999999998135, -0.5810628363798602258 ) ) ;
#266 = CARTESIAN_POINT ( 'NONE',  ( 1.249999998749998564, 2.278125000614517948, -1.530808497403381346E-16 ) ) ;
#267 = CARTESIAN_POINT ( 'NONE',  ( -1.006430354999998222, 4.650000001229035895, 0.5810628363798603369 ) ) ;
#268 = CARTESIAN_POINT ( 'NONE',  ( 1.006430354999998444, 8.887500001229033941, 0.000000000000000000 ) ) ;
#269 = CARTESIAN_POINT ( 'NONE',  ( 1.006430354999998666, 9.750000001229036428, 0.5810628363798594487 ) ) ;
#270 = CARTESIAN_POINT ( 'NONE',  ( -1.249999998749998564, 4.771875000614516971, -0.7216878357653433440 ) ) ;
#271 = CARTESIAN_POINT ( 'NONE',  ( 1.249999998749999008, 0.9468750006145185694, 0.7216878357653431220 ) ) ;
#272 = CARTESIAN_POINT ( 'NONE',  ( 1.006430354999998000, 13.31250000000000000, -0.5810628363798602258 ) ) ;
#273 = CARTESIAN_POINT ( 'NONE',  ( -0.5253432182843936760, 10.87500000000000355, 0.8979642393405733447 ) ) ;
#274 = CARTESIAN_POINT ( 'NONE',  ( 0.5032151774999996663, 10.05000000000000071, 0.8715942545697895616 ) ) ;
#275 = CARTESIAN_POINT ( 'NONE',  ( -0.6249999993749995042, 9.628125000614517148, -1.082531753648015460 ) ) ;
#276 = ORIENTED_EDGE ( 'NONE', *, *, #1534, .F. ) ;
#277 = CARTESIAN_POINT ( 'NONE',  ( 0.6249999993749998373, 3.103125000614517237, 1.082531753648015238 ) ) ;
#278 = CARTESIAN_POINT ( 'NONE',  ( -1.249999998749998564, -0.2343749993854830627, -0.7216878357653433440 ) ) ;
#279 = ORIENTED_EDGE ( 'NONE', *, *, #3157, .T. ) ;
#280 = CARTESIAN_POINT ( 'NONE',  ( 0.5253432182843930098, 5.099999999999999645, 0.8979642393405734557 ) ) ;
#281 = ORIENTED_EDGE ( 'NONE', *, *, #5937, .F. ) ;
#282 = CARTESIAN_POINT ( 'NONE',  ( -1.006430354999999111, 0.9187500000000019540, 0.2634828508014803727 ) ) ;
#283 = CARTESIAN_POINT ( 'NONE',  ( -0.6249999993749995042, 10.07812500061451644, -1.082531753648015460 ) ) ;
#284 = VECTOR ( 'NONE', #2850, 1000.000000000000000 ) ;
#285 = ORIENTED_EDGE ( 'NONE', *, *, #4139, .T. ) ;
#286 = CARTESIAN_POINT ( 'NONE',  ( 1.808235208813021948E-16, 4.471875000614517148, 1.443375671530686910 ) ) ;
#287 = CARTESIAN_POINT ( 'NONE',  ( -1.249999998749998342, -1.453124999385482452, 0.7216878357653442322 ) ) ;
#288 = CARTESIAN_POINT ( 'NONE',  ( -1.249999998749998564, -1.978124999385481697, -0.7216878357653433440 ) ) ;
#289 = CARTESIAN_POINT ( 'NONE',  ( 1.249999998749998564, 11.24062500061451608, 0.7216878357653431220 ) ) ;
#290 = CARTESIAN_POINT ( 'NONE',  ( -2.533096329031939926E-16, 8.746875000614515727, -1.443375671530686910 ) ) ;
#291 = CARTESIAN_POINT ( 'NONE',  ( -1.006430354999998000, 0.1500000012290368112, 0.5810628363798603369 ) ) ;
#292 = VECTOR ( 'NONE', #5699, 1000.000000000000000 ) ;
#293 = EDGE_CURVE ( 'NONE', #5141, #2470, #2005, .T. ) ;
#294 = CARTESIAN_POINT ( 'NONE',  ( -0.6249999993749996152, 11.03437500061451715, -1.082531753648015460 ) ) ;
#295 = CARTESIAN_POINT ( 'NONE',  ( 1.638533999206595199E-16, 5.371875000614516615, 1.443375671530686910 ) ) ;
#296 = CARTESIAN_POINT ( 'NONE',  ( -0.5032151774999993332, -1.424999999999999156, -0.8715942545697896726 ) ) ;
#297 = CARTESIAN_POINT ( 'NONE',  ( 1.249999998749998564, 1.378125000614518036, -1.530808497403381346E-16 ) ) ;
#298 = DIRECTION ( 'NONE',  ( -1.885568995626964287E-17, 1.000000000000000000, -0.000000000000000000 ) ) ;
#299 = CARTESIAN_POINT ( 'NONE',  ( -1.006430354999998888, 11.50000000000000000, 0.000000000000000000 ) ) ;
#300 =( BOUNDED_CURVE ( )  B_SPLINE_CURVE ( 2, ( #913, #5029, #2780, #75, #2748, #3650, #492 ),
 .UNSPECIFIED., .F., .T. ) 
 B_SPLINE_CURVE_WITH_KNOTS ( ( 3, 2, 2, 3 ),
 ( 0.5225893278938782416, 0.5274281181098651183, 0.5322669081842675842, 0.5371056982586700501 ),
 .UNSPECIFIED. ) 
 CURVE ( )  GEOMETRIC_REPRESENTATION_ITEM ( )  RATIONAL_B_SPLINE_CURVE ( ( 1.000000000000000000, 0.8660254037844387076, 1.000000000000000000, 0.8660254037844387076, 1.000000000000000000, 0.8660254037844324904, 1.000000000000006217 ) ) 
 REPRESENTATION_ITEM ( '' )  );
#301 = CARTESIAN_POINT ( 'NONE',  ( -2.168404344971008868E-16, 11.50000000000000000, 0.000000000000000000 ) ) ;
#302 = CARTESIAN_POINT ( 'NONE',  ( 1.006430354999998444, 9.787500001229036073, -1.232521712815482580E-16 ) ) ;
#303 = CARTESIAN_POINT ( 'NONE',  ( -1.249999998749998342, 4.846875000614517148, 0.7216878357653442322 ) ) ;
#304 = CARTESIAN_POINT ( 'NONE',  ( -1.249999998749998564, 1.171875000614517992, -0.7216878357653433440 ) ) ;
#305 = CARTESIAN_POINT ( 'NONE',  ( -2.168404344971008868E-16, 11.50000000000000000, 0.000000000000000000 ) ) ;
#306 = CARTESIAN_POINT ( 'NONE',  ( -1.006430354999998888, 10.80000000090626067, 1.404247223446633733E-08 ) ) ;
#307 = CARTESIAN_POINT ( 'NONE',  ( -0.5032151774999987781, 6.375000000000000888, 0.8715942545697901167 ) ) ;
#308 = CARTESIAN_POINT ( 'NONE',  ( -1.249999998749998786, 10.15312500061451573, 0.000000000000000000 ) ) ;
#309 = CARTESIAN_POINT ( 'NONE',  ( 0.6249999993749989491, 1.003125000614517592, -1.082531753648015460 ) ) ;
#310 = CARTESIAN_POINT ( 'NONE',  ( 0.6249999993749998373, -0.04687499938548292389, 1.082531753648015238 ) ) ;
#311 = VECTOR ( 'NONE', #2359, 1000.000000000000000 ) ;
#312 = CARTESIAN_POINT ( 'NONE',  ( 0.8979642393405734557, 2.437500000000001776, 0.5253432182843934539 ) ) ;
#313 = VERTEX_POINT ( 'NONE', #678 ) ;
#314 = CARTESIAN_POINT ( 'NONE',  ( -0.5253432182843933429, 0.9750000000000019762, 0.8979642393405735667 ) ) ;
#315 = CARTESIAN_POINT ( 'NONE',  ( 1.249999998749998564, 9.890625000614514661, 0.7216878357653431220 ) ) ;
#316 = ORIENTED_EDGE ( 'NONE', *, *, #400, .F. ) ;
#317 = CARTESIAN_POINT ( 'NONE',  ( 0.6249999993749998373, 1.359375000614518214, 1.082531753648015238 ) ) ;
#318 = CARTESIAN_POINT ( 'NONE',  ( -0.9584946309126869401, 0.1353428750668532465, -0.5890357412235690537 ) ) ;
#319 = CARTESIAN_POINT ( 'NONE',  ( 2.062787023222661948E-16, 3.121875000614518836, 1.443375671530686910 ) ) ;
#320 = CARTESIAN_POINT ( 'NONE',  ( 0.6249999993749998373, -0.8906249993854818969, 1.082531753648015238 ) ) ;
#321 = CARTESIAN_POINT ( 'NONE',  ( -0.6249999993749995042, 10.07812500061451644, -1.082531753648015460 ) ) ;
#322 = CARTESIAN_POINT ( 'NONE',  ( -0.5032151774999986671, 0.1875000012290361506, 0.8715942545697901167 ) ) ;
#323 = CARTESIAN_POINT ( 'NONE',  ( -0.6249999993749996152, 10.58437500061451786, -1.082531753648015460 ) ) ;
#324 = B_SPLINE_CURVE_WITH_KNOTS ( 'NONE', 3,
 ( #3128, #419, #2704, #5796, #336, #3975, #3582, #2677, #4538, #4960 ),
 .UNSPECIFIED., .F., .F.,
 ( 4, 2, 2, 2, 4 ),
 ( 0.000000000000000000, 0.1250000000000000000, 0.2500000000000000000, 0.3750000000000000000, 0.5000000000000000000 ),
 .UNSPECIFIED. ) ;
#325 = CARTESIAN_POINT ( 'NONE',  ( 2.232488232829088944E-16, 2.221875000614516704, 1.443375671530686910 ) ) ;
#326 = EDGE_CURVE ( 'NONE', #5475, #4395, #2548, .T. ) ;
#327 = CARTESIAN_POINT ( 'NONE',  ( -0.5032151774999994442, 0.3750000000000003331, -0.8715942545697896726 ) ) ;
#328 = CARTESIAN_POINT ( 'NONE',  ( 2.582496977642344437E-16, 0.3656250006145167486, 1.443375671530686910 ) ) ;
#329 = CARTESIAN_POINT ( 'NONE',  ( 0.5032151774999990002, 5.812500001229034652, -0.8715942545697897836 ) ) ;
#330 = CARTESIAN_POINT ( 'NONE',  ( 3.105022245274014785E-17, 9.675000001229035362, 1.162125672759719341 ) ) ;
#331 = EDGE_CURVE ( 'NONE', #2473, #1404, #261, .T. ) ;
#332 = CARTESIAN_POINT ( 'NONE',  ( 1.006430354999998666, 6.187500001229035540, 0.000000000000000000 ) ) ;
#333 = CARTESIAN_POINT ( 'NONE',  ( 0.5032151774999990002, 5.362500001229035362, -0.8715942545697897836 ) ) ;
#334 = CARTESIAN_POINT ( 'NONE',  ( -1.249999998749998342, 4.396875000614516971, 0.7216878357653442322 ) ) ;
#335 = CARTESIAN_POINT ( 'NONE',  ( 1.249999998749998564, 0.5343750006145172593, -1.530808497403381346E-16 ) ) ;
#336 = CARTESIAN_POINT ( 'NONE',  ( -0.2634828508014802062, 4.406250000000000000, -1.006430354999998666 ) ) ;
#337 = CARTESIAN_POINT ( 'NONE',  ( 1.006430354999998666, 3.487500001229035362, 0.000000000000000000 ) ) ;
#338 =( BOUNDED_CURVE ( )  B_SPLINE_CURVE ( 2, ( #1888, #2819, #3270, #530, #2367, #467, #3778 ),
 .UNSPECIFIED., .F., .T. ) 
 B_SPLINE_CURVE_WITH_KNOTS ( ( 3, 2, 2, 3 ),
 ( 0.6967857707143283452, 0.7016245607886046898, 0.7064633508628811454, 0.7113021409371574899 ),
 .UNSPECIFIED. ) 
 CURVE ( )  GEOMETRIC_REPRESENTATION_ITEM ( )  RATIONAL_B_SPLINE_CURVE ( ( 0.9999999999895329283, 0.8660254037949057793, 1.000000000000000000, 0.8660254037844387076, 1.000000000000000000, 0.8660254037844387076, 1.000000000000000000 ) ) 
 REPRESENTATION_ITEM ( '' )  );
#339 = CARTESIAN_POINT ( 'NONE',  ( 0.5032151774999996663, 6.900000000000000355, 0.8715942545697895616 ) ) ;
#340 = CARTESIAN_POINT ( 'NONE',  ( -1.249999998749999008, 7.865625000614516971, -0.7216878357653433440 ) ) ;
#341 = CARTESIAN_POINT ( 'NONE',  ( 2.582496977642343944E-16, 0.3656250006145167486, 1.443375671530686910 ) ) ;
#342 = CARTESIAN_POINT ( 'NONE',  ( -2.834520090950922040E-17, 12.82500000122903572, 1.162125672759719563 ) ) ;
#343 = DIRECTION ( 'NONE',  ( -1.885568995626964287E-17, 1.000000000000000000, -0.000000000000000000 ) ) ;
#344 = ORIENTED_EDGE ( 'NONE', *, *, #3410, .T. ) ;
#345 = CARTESIAN_POINT ( 'NONE',  ( -1.006430354999998888, 0.9000000003508921154, 5.437054070694858692E-09 ) ) ;
#346 = CARTESIAN_POINT ( 'NONE',  ( 1.249999998749998564, 5.878125000614517148, -1.530808497403381346E-16 ) ) ;
#347 = ORIENTED_EDGE ( 'NONE', *, *, #2709, .F. ) ;
#348 = AXIS2_PLACEMENT_3D ( 'NONE', #196, #1580, #5238 ) ;
#349 = CARTESIAN_POINT ( 'NONE',  ( 1.006430354999998444, 10.57500000000000107, 0.000000000000000000 ) ) ;
#350 = EDGE_CURVE ( 'NONE', #5412, #2530, #1839, .T. ) ;
#351 = CARTESIAN_POINT ( 'NONE',  ( -1.249999998749998564, 3.009375000614516793, 0.000000000000000000 ) ) ;
#352 = CARTESIAN_POINT ( 'NONE',  ( 1.249999998749999008, -1.753124999385482496, 0.7216878357653431220 ) ) ;
#353 = CARTESIAN_POINT ( 'NONE',  ( 1.249999998749998564, 10.34062500061451573, 0.7216878357653431220 ) ) ;
#354 = VECTOR ( 'NONE', #3983, 1000.000000000000000 ) ;
#355 = CARTESIAN_POINT ( 'NONE',  ( 0.5032151774999991112, -0.03749999877096336920, -0.8715942545697897836 ) ) ;
#356 = CARTESIAN_POINT ( 'NONE',  ( -1.249999998749998342, 10.24687500061451750, 0.7216878357653442322 ) ) ;
#357 = CARTESIAN_POINT ( 'NONE',  ( -1.249999998749998564, 3.871875000614517059, -0.7216878357653433440 ) ) ;
#358 = CARTESIAN_POINT ( 'NONE',  ( -1.006430354999998666, 1.734723475976807094E-15, 0.000000000000000000 ) ) ;
#359 = CARTESIAN_POINT ( 'NONE',  ( -0.5032151774999995553, 7.687500001229034652, -0.8715942545697896726 ) ) ;
#360 = CARTESIAN_POINT ( 'NONE',  ( -0.8979642393405733447, 7.687500000000000888, 0.5253432182843934539 ) ) ;
#361 = CARTESIAN_POINT ( 'NONE',  ( -1.006430354999998666, 0.5625000015790730945, 5.423820033337930530E-09 ) ) ;
#362 = CARTESIAN_POINT ( 'NONE',  ( -1.006430354999998666, 7.312500001229035540, 0.000000000000000000 ) ) ;
#363 = CARTESIAN_POINT ( 'NONE',  ( 1.249999998749998342, 5.071875000614515905, -0.7216878357653438991 ) ) ;
#364 = CARTESIAN_POINT ( 'NONE',  ( 0.6249999993749998373, 0.4593750006145185805, 1.082531753648015238 ) ) ;
#365 = CARTESIAN_POINT ( 'NONE',  ( -1.249999998749998786, 10.65937500061451715, 0.000000000000000000 ) ) ;
#366 = CARTESIAN_POINT ( 'NONE',  ( -1.006430354999998666, 5.812500000000000888, -0.5810628363798596707 ) ) ;
#367 = CARTESIAN_POINT ( 'NONE',  ( -2.183087584218685172E-16, 6.890625000614516438, -1.443375671530686910 ) ) ;
#368 = CYLINDRICAL_SURFACE ( 'NONE', #2692, 1.006430354999998666 ) ;
#369 = CARTESIAN_POINT ( 'NONE',  ( 0.6249999993749998373, -0.9468749993854826963, 1.082531753648015238 ) ) ;
#370 = DIRECTION ( 'NONE',  ( -1.885568995626964287E-17, 1.000000000000000000, -0.000000000000000000 ) ) ;
#371 = ORIENTED_EDGE ( 'NONE', *, *, #4842, .F. ) ;
#372 = CARTESIAN_POINT ( 'NONE',  ( 0.5253432182843933429, 3.450000000000000622, -0.8979642393405732337 ) ) ;
#373 = CARTESIAN_POINT ( 'NONE',  ( 1.309737905594143204E-16, 7.115625000614516971, 1.443375671530686910 ) ) ;
#374 = CARTESIAN_POINT ( 'NONE',  ( -2.098236979415471675E-16, 6.440625000614516260, -1.443375671530686910 ) ) ;
#375 = ORIENTED_EDGE ( 'NONE', *, *, #4733, .T. ) ;
#376 =( NAMED_UNIT ( * ) PLANE_ANGLE_UNIT ( ) SI_UNIT ( $, .RADIAN. ) );
#377 = CARTESIAN_POINT ( 'NONE',  ( -0.8979642393405736778, 10.38750000000000107, 0.5253432182843935649 ) ) ;
#378 = CARTESIAN_POINT ( 'NONE',  ( 1.249999998749998342, 10.82812500061451644, -1.530808497403381346E-16 ) ) ;
#379 = B_SPLINE_CURVE_WITH_KNOTS ( 'NONE', 3,
 ( #2377, #2799, #4689, #59, #5161, #4630, #567, #2405, #1867, #4207 ),
 .UNSPECIFIED., .F., .F.,
 ( 4, 2, 2, 2, 4 ),
 ( 0.5000000000000000000, 0.6250000000000000000, 0.7500000000000000000, 0.8750000000000000000, 1.000000000000000000 ),
 .UNSPECIFIED. ) ;
#380 = PRODUCT ( '9774100151R', '9774100151R', '', ( #1251 ) ) ;
#381 = CARTESIAN_POINT ( 'NONE',  ( 1.006430354999998444, -0.07499999877096444334, -0.5810628363798602258 ) ) ;
#382 = CARTESIAN_POINT ( 'NONE',  ( 1.249999998749999008, 7.246875000614516615, 0.7216878357653431220 ) ) ;
#383 = CARTESIAN_POINT ( 'NONE',  ( -1.249999998749998342, 3.046875000614518214, 0.7216878357653442322 ) ) ;
#384 = CARTESIAN_POINT ( 'NONE',  ( -1.006430354999998000, 0.03750000000000107414, 0.5810628363798603369 ) ) ;
#385 = CARTESIAN_POINT ( 'NONE',  ( -2.154057024562447880E-16, 7.650000001229037672, -1.162125672759719341 ) ) ;
#386 = CARTESIAN_POINT ( 'NONE',  ( 1.249999999999998890, 2.356961244533703509E-17, 0.000000000000000000 ) ) ;
#387 = VERTEX_POINT ( 'NONE', #1240 ) ;
#388 = CARTESIAN_POINT ( 'NONE',  ( 1.006430354999998666, 3.825000000000000622, 0.000000000000000000 ) ) ;
#389 = CARTESIAN_POINT ( 'NONE',  ( 1.006430354999998666, 7.500000001229036428, 0.5810628363798594487 ) ) ;
#390 = CARTESIAN_POINT ( 'NONE',  ( -0.6249999993749995042, 4.734375000614518214, -1.082531753648015460 ) ) ;
#391 = CARTESIAN_POINT ( 'NONE',  ( -0.6249999993749983940, -0.06562499938548259359, 1.082531753648015904 ) ) ;
#392 = CARTESIAN_POINT ( 'NONE',  ( 0.5032151774999997773, 1.162500001229036295, 0.8715942545697895616 ) ) ;
#393 = CARTESIAN_POINT ( 'NONE',  ( -2.702797538638366921E-16, 9.646875000614516082, -1.443375671530686910 ) ) ;
#394 = CARTESIAN_POINT ( 'NONE',  ( 9.256691095824416489E-17, 6.412500000000000533, 1.162125672759719563 ) ) ;
#395 = CARTESIAN_POINT ( 'NONE',  ( -1.249999998749998564, 6.065625000614516260, -0.7216878357653433440 ) ) ;
#396 = FACE_OUTER_BOUND ( 'NONE', #5875, .T. ) ;
#397 = EDGE_CURVE ( 'NONE', #2060, #2473, #3491, .T. ) ;
#398 = CARTESIAN_POINT ( 'NONE',  ( 1.249999998749998564, -1.771874999385482097, -1.530808497403381346E-16 ) ) ;
#399 = CARTESIAN_POINT ( 'NONE',  ( -0.2634828508014805948, 5.493750000000001243, 1.006430354999998888 ) ) ;
#400 = EDGE_CURVE ( 'NONE', #1404, #529, #3598, .T. ) ;
#401 = ORIENTED_EDGE ( 'NONE', *, *, #1728, .T. ) ;
#402 = CYLINDRICAL_SURFACE ( 'NONE', #4377, 1.006430354999998666 ) ;
#403 = CARTESIAN_POINT ( 'NONE',  ( 0.6249999993749988381, 7.303125000614516971, -1.082531753648015460 ) ) ;
#404 = VECTOR ( 'NONE', #5058, 1000.000000000000000 ) ;
#405 = CARTESIAN_POINT ( 'NONE',  ( 1.249999998749998342, 5.015625000614516438, -0.7216878357653438991 ) ) ;
#406 = CARTESIAN_POINT ( 'NONE',  ( -1.006430354999997778, 3.149999997508875715, -3.859999143736845538E-08 ) ) ;
#407 = CARTESIAN_POINT ( 'NONE',  ( 0.6249999993749987270, 11.35312500061451502, -1.082531753648015460 ) ) ;
#408 = CARTESIAN_POINT ( 'NONE',  ( 1.006430354999998888, -0.1499999987709648430, 0.5810628363798594487 ) ) ;
#409 = CARTESIAN_POINT ( 'NONE',  ( -0.6249999993749995042, 8.784375000614517148, -1.082531753648015460 ) ) ;
#410 = CARTESIAN_POINT ( 'NONE',  ( 1.977936418419448451E-16, 3.571875000614517237, 1.443375671530686910 ) ) ;
#411 = CARTESIAN_POINT ( 'NONE',  ( 1.249999998749998342, 12.68437500061451573, -1.530808497403381346E-16 ) ) ;
#412 = CARTESIAN_POINT ( 'NONE',  ( -0.5032151774999995553, 5.887500001229035718, -0.8715942545697896726 ) ) ;
#413 = CARTESIAN_POINT ( 'NONE',  ( -0.5032151774999994442, 3.187500001229035540, -0.8715942545697896726 ) ) ;
#414 = ORIENTED_EDGE ( 'NONE', *, *, #3106, .F. ) ;
#415 = DIRECTION ( 'NONE',  ( -1.885568995626964287E-17, 1.000000000000000000, -0.000000000000000000 ) ) ;
#416 = CARTESIAN_POINT ( 'NONE',  ( -0.5032151774999987781, 7.387500001229034829, 0.8715942545697901167 ) ) ;
#417 = CARTESIAN_POINT ( 'NONE',  ( 1.249999998749998342, 1.921875000614517104, -0.7216878357653438991 ) ) ;
#418 = CYLINDRICAL_SURFACE ( 'NONE', #1228, 1.006430354999998666 ) ;
#419 = CARTESIAN_POINT ( 'NONE',  ( -1.006430354999998444, 4.481250000000001066, -0.2634828508014804282 ) ) ;
#420 = CARTESIAN_POINT ( 'NONE',  ( -1.249999998749998786, 8.859375000614518214, 0.000000000000000000 ) ) ;
#421 = CARTESIAN_POINT ( 'NONE',  ( -1.006430354999998000, 3.187500000000000888, 0.5810628363798603369 ) ) ;
#422 = CARTESIAN_POINT ( 'NONE',  ( 1.224887300790929706E-16, 7.565625000614517148, 1.443375671530686910 ) ) ;
#423 = CARTESIAN_POINT ( 'NONE',  ( -0.6249999993749993932, 0.6281250006145173703, -1.082531753648015460 ) ) ;
#424 = CARTESIAN_POINT ( 'NONE',  ( -5.709260929576304421E-17, -1.659374999385482274, -1.443375671530686910 ) ) ;
#425 = CARTESIAN_POINT ( 'NONE',  ( -0.2634828508014804282, 6.843750000000000000, 1.006430354999998888 ) ) ;
#426 = ORIENTED_EDGE ( 'NONE', *, *, #5223, .T. ) ;
#427 = DIRECTION ( 'NONE',  ( 1.885568995626964287E-17, -1.000000000000000000, 0.000000000000000000 ) ) ;
#428 = CARTESIAN_POINT ( 'NONE',  ( -1.249999998749998564, 6.103125000614515905, 0.000000000000000000 ) ) ;
#429 = CARTESIAN_POINT ( 'NONE',  ( -1.249999998749998564, 4.715625000614516615, -0.7216878357653433440 ) ) ;
#430 = CARTESIAN_POINT ( 'NONE',  ( 1.006430354999998444, 11.02500000000000036, 0.000000000000000000 ) ) ;
#431 = CARTESIAN_POINT ( 'NONE',  ( 9.703354863812897065E-17, 8.915625000614515017, 1.443375671530686910 ) ) ;
#432 = DIRECTION ( 'NONE',  ( -1.885568995626964287E-17, 1.000000000000000000, -0.000000000000000000 ) ) ;
#433 = CARTESIAN_POINT ( 'NONE',  ( -0.6249999993749985050, 7.584375000614516971, 1.082531753648015904 ) ) ;
#434 = EDGE_CURVE ( 'NONE', #982, #3044, #2368, .T. ) ;
#435 = CARTESIAN_POINT ( 'NONE',  ( 2.062787023222661948E-16, 3.121875000614518836, 1.443375671530686910 ) ) ;
#436 = CARTESIAN_POINT ( 'NONE',  ( 2.452979996040281895E-16, -1.687499999999997780, 1.162125672759719563 ) ) ;
#437 = CARTESIAN_POINT ( 'NONE',  ( -2.168404344971008868E-16, 11.50000000000000000, 0.000000000000000000 ) ) ;
#438 = CARTESIAN_POINT ( 'NONE',  ( 1.249999998749998564, 10.79062500061451679, 0.7216878357653431220 ) ) ;
#439 = ORIENTED_EDGE ( 'NONE', *, *, #840, .T. ) ;
#440 = CARTESIAN_POINT ( 'NONE',  ( 1.752962506182029213E-16, 2.025000001229035007, 1.162125672759719341 ) ) ;
#441 = CARTESIAN_POINT ( 'NONE',  ( -1.729804000546381131E-16, 5.400000001229035895, -1.162125672759719563 ) ) ;
#442 = CARTESIAN_POINT ( 'NONE',  ( 0.6249999993749989491, 3.759375000614517681, -1.082531753648015460 ) ) ;
#443 = CARTESIAN_POINT ( 'NONE',  ( -0.8846983013971089216, 0.1874540311484679256, 0.5937989527545366464 ) ) ;
#444 = CARTESIAN_POINT ( 'NONE',  ( 0.6249999993749997262, 9.909375000614517148, 1.082531753648015238 ) ) ;
#445 = CARTESIAN_POINT ( 'NONE',  ( 1.006430354999998444, 4.762500000000001066, -0.5810628363798602258 ) ) ;
#446 = CARTESIAN_POINT ( 'NONE',  ( -0.6249999993749995042, 6.028125000614516615, -1.082531753648015460 ) ) ;
#447 = CARTESIAN_POINT ( 'NONE',  ( -2.168404344971008868E-16, 11.50000000000000000, 0.000000000000000000 ) ) ;
#448 = DIRECTION ( 'NONE',  ( -1.885568995626964287E-17, 1.000000000000000000, -0.000000000000000000 ) ) ;
#449 = CARTESIAN_POINT ( 'NONE',  ( 1.249999998749998342, -1.284374999385482052, -0.7216878357653438991 ) ) ;
#450 = CONICAL_SURFACE ( 'NONE', #4872, 1.006430354999998666, 0.7853981633974549403 ) ;
#451 = ORIENTED_EDGE ( 'NONE', *, *, #4216, .T. ) ;
#452 = DIRECTION ( 'NONE',  ( 1.000000000000000000, 1.885568995626964595E-17, 0.000000000000000000 ) ) ;
#453 = CARTESIAN_POINT ( 'NONE',  ( -2.622393576625457778E-17, 12.71249999999999858, 1.162125672759719563 ) ) ;
#454 = CARTESIAN_POINT ( 'NONE',  ( -0.6249999993749993932, -0.6656249993854824742, -1.082531753648015460 ) ) ;
#455 = CARTESIAN_POINT ( 'NONE',  ( -1.249999998749998564, 7.453125000614516438, 0.000000000000000000 ) ) ;
#456 = CARTESIAN_POINT ( 'NONE',  ( -0.6249999993749985050, 6.178125000614516971, 1.082531753648015904 ) ) ;
#457 = DIRECTION ( 'NONE',  ( -1.000000000000000000, 0.000000000000000000, 0.000000000000000000 ) ) ;
#458 = CARTESIAN_POINT ( 'NONE',  ( 0.6249999993749997262, 8.953125000614516438, 1.082531753648015238 ) ) ;
#459 = LINE ( 'NONE', #2298, #3760 ) ;
#460 = CARTESIAN_POINT ( 'NONE',  ( -0.6249999993749985050, 7.134375000614516793, 1.082531753648015904 ) ) ;
#461 = ADVANCED_FACE ( 'NONE', ( #2174 ), #5285, .F. ) ;
#462 = CARTESIAN_POINT ( 'NONE',  ( -1.249999998749998342, 1.246875000614518392, 0.7216878357653442322 ) ) ;
#463 = CARTESIAN_POINT ( 'NONE',  ( -1.249999998749998786, 12.90937500061451537, 0.000000000000000000 ) ) ;
#464 = CARTESIAN_POINT ( 'NONE',  ( -0.8305364765532412541, 11.37971983479529925, -0.7658313391877598075 ) ) ;
#465 = CYLINDRICAL_SURFACE ( 'NONE', #3649, 1.006430354999998666 ) ;
#466 = ORIENTED_EDGE ( 'NONE', *, *, #3886, .F. ) ;
#467 = CARTESIAN_POINT ( 'NONE',  ( 1.006430354999998444, 2.175000001229035806, -0.5810628363798601148 ) ) ;
#468 = AXIS2_PLACEMENT_3D ( 'NONE', #2643, #3151, #2139 ) ;
#469 = CARTESIAN_POINT ( 'NONE',  ( 0.5032151774999997773, 4.312500001229036428, 0.8715942545697895616 ) ) ;
#470 = EDGE_CURVE ( 'NONE', #862, #3170, #5903, .T. ) ;
#471 = CARTESIAN_POINT ( 'NONE',  ( 1.249999998749999008, 3.196875000614517237, 0.7216878357653431220 ) ) ;
#472 = CARTESIAN_POINT ( 'NONE',  ( -1.006430354999998444, 6.299999998434453019, -2.425816650305153185E-08 ) ) ;
#473 = CARTESIAN_POINT ( 'NONE',  ( -2.168404344971008868E-16, 11.50000000000000000, 0.000000000000000000 ) ) ;
#474 = CARTESIAN_POINT ( 'NONE',  ( -2.957349353048006921E-16, 10.99687500061451750, -1.443375671530686910 ) ) ;
#475 = CARTESIAN_POINT ( 'NONE',  ( 1.006430354999998666, 3.375000000000001332, -1.232521712815482580E-16 ) ) ;
#476 = CARTESIAN_POINT ( 'NONE',  ( -1.249999998749998564, 7.003125000614517148, 0.000000000000000000 ) ) ;
#477 = CARTESIAN_POINT ( 'NONE',  ( -1.006430354999998666, 0.5250000012290354512, -0.5810628363798595597 ) ) ;
#478 = CARTESIAN_POINT ( 'NONE',  ( -0.2634828508014799286, 1.256250000000000533, -1.006430354999998666 ) ) ;
#479 = CARTESIAN_POINT ( 'NONE',  ( 0.5253432182843928988, 10.04999999999999893, 0.8979642393405734557 ) ) ;
#480 = CARTESIAN_POINT ( 'NONE',  ( 0.5032151774999995553, 11.51250000122903394, 0.8715942545697895616 ) ) ;
#481 = DIRECTION ( 'NONE',  ( -1.885568995626964287E-17, 1.000000000000000000, -0.000000000000000000 ) ) ;
#482 = VERTEX_POINT ( 'NONE', #5253 ) ;
#483 = DIRECTION ( 'NONE',  ( -1.885568995626964287E-17, 1.000000000000000000, -0.000000000000000000 ) ) ;
#484 = CARTESIAN_POINT ( 'NONE',  ( -1.006430354999998444, 12.63749999999999929, 0.5810628363798603369 ) ) ;
#485 = CARTESIAN_POINT ( 'NONE',  ( 1.018994216155490351, -2.114264652415950518, -0.8550590865306432198 ) ) ;
#486 = CARTESIAN_POINT ( 'NONE',  ( 0.6249999993749998373, 3.553125000614516082, 1.082531753648015238 ) ) ;
#487 =( BOUNDED_SURFACE ( )  B_SPLINE_SURFACE ( 1, 2, ( 
 ( #142, #3359, #2853, #2485, #1956, #2011, #232, #5666, #5183, #4766, #4319, #1496, #4738, #1073, #1105, #1556, #561, #202, #2456, #2936, #4683, #5126, #2429, #2514, #2909, #2043, #2969, #5212, #3748, #3781, #5243, #4231, #3420, #1586, #1043, #2880, #5638, #173, #4710, #4798, #4289, #4261, #5580, #1982, #3808, #1742, #1198, #5364, #3572, #1617, #2610, #2132, #3450, #4438, #5394, #5785, #5275, #4889, #3512, #745, #4827, #4501, #294, #1229, #5723, #1258, #3090, #4922, #3062, #4408, #1682, #1166, #802, #4376, #323, #2667, #2163, #5335, #2636, #4468, #3932, #775, #3993, #356, #5815, #715, #2191, #1710, #4019, #2998, #2547, #2580, #830, #3542, #5845, #1287, #3118, #4949, #263, #2070, #2102, #3901, #5753, #1650, #3480, #3964, #5304, #3030, #4859, #5450, #1370, #914, #2244, #5921, #1342, #2811, #4072, #1314, #4614, #3599, #5896, #3203, #409, #1796, #4098, #14, #3176, #5870, #5030, #1852, #1399, #3625, #1882, #494, #2269, #5420, #3709, #1429, #5542, #2328, #1768, #2694, #2218, #5480, #4583, #4160, #2750, #3264, #3143, #4976, #3233, #4529, #5004, #947, #433, #1822, #977, #2781, #886, #857, #45, #2720, #4554, #382, #5059, #5088, #460, #3651, #2299, #4128, #3680, #5508, #4045, #1547, #4730, #2901, #4757, #614, #1489, #1516, #5630, #2420, #4702, #4674, #5570, #3829, #5657, #555, #524, #642, #5205, #5686, #2447, #3321, #2393, #3382, #5235, #3350, #4252, #108, #5148, #4281, #1128, #4224, #3862, #163, #2361, #1005, #5117, #5175, #1578, #1095, #4642, #1947, #135, #4191, #3413, #1459, #3772, #1973, #2929, #3738, #2003, #2477, #76, #1916, #3293, #2845, #5601, #1036, #2873, #585, #1064, #4310, #3800, #193, #2033, #286, #709, #5746, #4853, #225, #5779, #676, #3893, #5329, #1610, #3567, #5266, #2095, #3506, #4401, #2541, #4914, #5388, #4820, #1223, #2604, #798, #3024, #3925, #4462, #5717, #1676, #1642, #739, #3057, #2508, #2573, #4343, #3444, #5360, #1160, #319, #2632, #4883, #351, #2186, #2126, #769, #3988, #2959, #4014, #4432, #2991, #5840, #1737, #4791, #1253, #2064, #2158, #4370, #255, #1705, #3957, #3474, #3086, #5811, #5298, #1192, #3538, #2662, #3114, #4944, #4497, #825, #1282, #1778, #3581, #1207, #724, #3127, #3941, #3040, #3608, #4026, #2200, #1718, #1661, #4002, #4385, #5853, #3551, #5824, #841, #304, #4480, #2676, #2558, #5372, #1238, #271, #1266, #4510, #4898, #2111, #3099, #2619, #5795, #5763, #1176, #5344, #335, #4837, #364, #1750, #5404, #2172, #3522, #784, #3489, #1295, #5313, #4930, #3008, #811, #4448, #4959, #391, #4868, #2646, #2227, #4054, #5879, #754, #2589, #4417, #2143, #3974, #1691, #3071, #1254, #7, #3959, #454, #826, #1874, #2574, #2127, #3507, #320, #770, #1706, #4403, #3569, #1392, #2605, #4434, #1224, #2187, #2159, #3539, #799, #5780, #1738, #287, #1677, #1283, #5330, #5530, #3058, #3990, #5391, #352, #5812, #938, #1422, #5361, #3115, #4498, #2774, #4916, #3087, #485, #4884 ),
 ( #4945, #39, #3224, #4854, #2633, #4463, #740, #4015, #3701, #1844, #5841, #3673, #2663, #2291, #4121, #5501, #5052, #4606, #2320, #4152, #5110, #99, #971, #1967, #5651, #998, #2835, #5563, #575, #4665, #1937, #5138, #516, #128, #2805, #4183, #5622, #1904, #3852, #1451, #2384, #3795, #4695, #545, #5196, #5679, #4213, #1509, #2894, #1086, #3313, #3763, #4750, #66, #3344, #5592, #1029, #5168, #4636, #2865, #2352, #3731, #1538, #3286, #608, #2922, #1056, #634, #2469, #2412, #4723, #4274, #3254, #4303, #2441, #1480, #185, #2024, #5079, #3373, #4245, #155, #1996, #3822, #308, #3463, #244, #4389, #5767, #4334, #5255, #4782, #4421, #1664, #3493, #1695, #5316, #4359, #275, #2562, #5287, #1630, #1598, #2500, #757, #2592, #3433, #3403, #3526, #2147, #2623, #1210, #2082, #1150, #3978, #2176, #2116, #1180, #2981, #3914, #3043, #4005, #4810, #788, #4871, #698, #5734, #3012, #666, #3945, #5226, #216, #5800, #2056, #1570, #3883, #2528, #5347, #4841, #728, #1242, #1119, #3075, #4902, #4452, #340, #2950, #5706, #1383, #2650, #4541, #2680, #3612, #422, #5376, #1782, #1270, #4484, #2283, #2204, #3190, #1835, #2256, #3664, #5493, #1327, #4086, #899, #476, #3216, #3637, #367, #5044, #928, #2312, #4112, #5828, #5910, #5408, #3103, #4567, #5437, #4514, #2707, #1810, #4030, #3585, #4934, #2733, #5465, #1355, #5934, #5018, #395, #446, #872, #3160, #5883, #5858, #815, #2765, #4597, #1754, #1722, #3555, #1299, #3131, #4963, #2231, #845, #4058, #4991, #1019, #1929, #5555, #2827, #119, #625, #1895, #3363, #2404, #1865, #508, #4628, #2857, #5187, #599, #4143, #4174, #3754, #28, #2375, #1077, #5159, #537, #1047, #3247, #5612, #1960, #2913, #3693, #1413, #2797, #1443, #58, #990, #5521, #4687, #2433, #3723, #3278, #2343, #1472, #565, #4235, #3812, #5102, #1500, #5642, #5071, #3785, #4205, #962, #3333, #1528, #5584, #4656, #2884, #3304, #89, #5130, #4714, #4265, #146, #1987, #4742, #3483, #1654, #1620, #4801, #235, #1559, #5307, #4771, #718, #3065, #2551, #2073, #1201, #3033, #4323, #3453, #5726, #5756, #266, #5216, #4862, #5278, #748, #3394, #1169, #3905, #3002, #3967, #2583, #5788, #3935, #5338, #657, #1685, #1109, #2135, #4411, #2940, #2489, #4352, #4830, #177, #297, #1589, #4380, #2105, #206, #3515, #3424, #4892, #2047, #3874, #1232, #5670, #5697, #2461, #5246, #1139, #4292, #2015, #2972, #3841, #688, #2517, #2166, #2613, #3996, #778, #4441, #328, #3926, #1643, #5747, #4822, #1974, #2902, #2421, #5687, #4792, #710, #3414, #3475, #136, #3801, #1611, #4731, #5206, #1161, #643, #194, #1193, #2993, #615, #5631, #2542, #3352, #2448, #3025, #3445, #5267, #1129, #1065, #5237, #1517, #4371, #5176, #256, #4282, #165, #586, #2096, #5299, #2960, #2004, #677, #3830, #4253, #2509, #4344, #5658, #1548, #3894, #3383, #1096, #226, #2478, #2930, #2065, #4758, #4311, #2035, #5718, #3863, #1579, #3364, #2766, #1048, #1501, #1988 ) ),
 .UNSPECIFIED., .F., .F., .T. ) 
 B_SPLINE_SURFACE_WITH_KNOTS ( ( 2, 2 ),
 ( 3, 2, 2, 2, 2, 2, 2, 2, 2, 2, 2, 2, 2, 2, 2, 2, 2, 2, 2, 2, 2, 2, 2, 2, 2, 2, 2, 2, 2, 2, 2, 2, 2, 2, 2, 2, 2, 2, 2, 2, 2, 2, 2, 2, 2, 2, 2, 2, 2, 2, 2, 2, 2, 2, 2, 2, 2, 2, 2, 2, 2, 2, 2, 2, 2, 2, 2, 2, 2, 2, 2, 2, 2, 2, 2, 2, 2, 2, 2, 2, 2, 2, 2, 2, 2, 2, 2, 2, 2, 2, 2, 2, 2, 2, 2, 2, 2, 2, 2, 2, 2, 2, 2, 2, 2, 2, 2, 2, 2, 2, 2, 2, 2, 2, 2, 2, 2, 2, 2, 2, 2, 2, 2, 2, 2, 2, 2, 2, 2, 2, 2, 2, 2, 2, 2, 2, 2, 2, 2, 2, 2, 2, 2, 2, 2, 2, 2, 2, 2, 2, 2, 2, 2, 2, 2, 2, 2, 2, 2, 2, 2, 2, 2, 2, 2, 2, 2, 2, 2, 2, 2, 2, 2, 2, 2, 2, 2, 2, 2, 2, 2, 2, 2, 2, 2, 2, 2, 2, 2, 2, 2, 2, 2, 2, 2, 2, 2, 2, 2, 2, 2, 2, 2, 2, 2, 2, 2, 3 ),
 ( 0.000000000000000000, 1.000000000000000000 ),
 ( 0.000000000000000000, 0.004761904761904762334, 0.009523809523809524669, 0.01428571428571428527, 0.01904761904761904934, 0.02380952380952380820, 0.02857142857142857054, 0.03333333333333333287, 0.03809523809523809867, 0.04285714285714285754, 0.04761904761904761640, 0.05238095238095238221, 0.05714285714285714107, 0.06190476190476190688, 0.06666666666666666574, 0.07142857142857142461, 0.07619047619047619735, 0.08095238095238095621, 0.08571428571428571508, 0.09047619047619047394, 0.09523809523809523281, 0.1000000000000000056, 0.1047619047619047644, 0.1095238095238095233, 0.1142857142857142821, 0.1190476190476190410, 0.1238095238095238138, 0.1285714285714285587, 0.1333333333333333315, 0.1380952380952381042, 0.1428571428571428492, 0.1476190476190476220, 0.1523809523809523947, 0.1571428571428571397, 0.1619047619047619124, 0.1666666666666666574, 0.1714285714285714302, 0.1761904761904762029, 0.1809523809523809479, 0.1857142857142857206, 0.1904761904761904656, 0.1952380952380952384, 0.2000000000000000111, 0.2047619047619047561, 0.2095238095238095288, 0.2142857142857142738, 0.2190476190476190466, 0.2238095238095238193, 0.2285714285714285643, 0.2333333333333333370, 0.2380952380952380820, 0.2428571428571428548, 0.2476190476190476275, 0.2523809523809523725, 0.2571428571428571175, 0.2619047619047619180, 0.2666666666666666630, 0.2714285714285714080, 0.2761904761904762085, 0.2809523809523809534, 0.2857142857142856984, 0.2904761904761904989, 0.2952380952380952439, 0.2999999999999999889, 0.3047619047619047894, 0.3095238095238095344, 0.3142857142857142794, 0.3190476190476190244, 0.3238095238095238249, 0.3285714285714285698, 0.3333333333333333148, 0.3380952380952381153, 0.3428571428571428603, 0.3476190476190476053, 0.3523809523809524058, 0.3571428571428571508, 0.3619047619047618958, 0.3666666666666666408, 0.3714285714285714413, 0.3761904761904761862, 0.3809523809523809312, 0.3857142857142857317, 0.3904761904761904767, 0.3952380952380952217, 0.4000000000000000222, 0.4047619047619047672, 0.4095238095238095122, 0.4142857142857143127, 0.4190476190476190577, 0.4238095238095238027, 0.4285714285714285476, 0.4333333333333333481, 0.4380952380952380931, 0.4428571428571428381, 0.4476190476190476386, 0.4523809523809523836, 0.4571428571428571286, 0.4619047619047619291, 0.4666666666666666741, 0.4714285714285714191, 0.4761904761904761640, 0.4809523809523809645, 0.4857142857142857095, 0.4904761904761904545, 0.4952380952380952550, 0.5000000000000000000, 0.5047619047619047450, 0.5095238095238094900, 0.5142857142857142350, 0.5190476190476190910, 0.5238095238095238360, 0.5285714285714285809, 0.5333333333333333259, 0.5380952380952380709, 0.5428571428571428159, 0.5476190476190476719, 0.5523809523809524169, 0.5571428571428571619, 0.5619047619047619069, 0.5666666666666666519, 0.5714285714285713969, 0.5761904761904761418, 0.5809523809523809978, 0.5857142857142857428, 0.5904761904761904878, 0.5952380952380952328, 0.5999999999999999778, 0.6047619047619047228, 0.6095238095238095788, 0.6142857142857143238, 0.6190476190476190688, 0.6238095238095238138, 0.6285714285714285587, 0.6333333333333333037, 0.6380952380952380487, 0.6428571428571429047, 0.6476190476190476497, 0.6523809523809523947, 0.6571428571428571397, 0.6619047619047618847, 0.6666666666666666297, 0.6714285714285713746, 0.6761904761904762307, 0.6809523809523809756, 0.6857142857142857206, 0.6904761904761904656, 0.6952380952380952106, 0.6999999999999999556, 0.7047619047619048116, 0.7095238095238095566, 0.7142857142857143016, 0.7190476190476190466, 0.7238095238095237915, 0.7285714285714285365, 0.7333333333333332815, 0.7380952380952381375, 0.7428571428571428825, 0.7476190476190476275, 0.7523809523809523725, 0.7571428571428571175, 0.7619047619047618625, 0.7666666666666667185, 0.7714285714285714635, 0.7761904761904762085, 0.7809523809523809534, 0.7857142857142856984, 0.7904761904761904434, 0.7952380952380951884, 0.8000000000000000444, 0.8047619047619047894, 0.8095238095238095344, 0.8142857142857142794, 0.8190476190476190244, 0.8238095238095237693, 0.8285714285714286254, 0.8333333333333333703, 0.8380952380952381153, 0.8428571428571428603, 0.8476190476190476053, 0.8523809523809523503, 0.8571428571428570953, 0.8619047619047619513, 0.8666666666666666963, 0.8714285714285714413, 0.8761904761904761862, 0.8809523809523809312, 0.8857142857142856762, 0.8904761904761904212, 0.8952380952380952772, 0.9000000000000000222, 0.9047619047619047672, 0.9095238095238095122, 0.9142857142857142572, 0.9190476190476190022, 0.9238095238095238582, 0.9285714285714286031, 0.9333333333333333481, 0.9380952380952380931, 0.9428571428571428381, 0.9476190476190475831, 0.9523809523809523281, 0.9571428571428571841, 0.9619047619047619291, 0.9666666666666666741, 0.9714285714285714191, 0.9761904761904761640, 0.9809523809523809090, 0.9841106327583009072 ),
 .UNSPECIFIED. ) 
 GEOMETRIC_REPRESENTATION_ITEM ( )  RATIONAL_B_SPLINE_SURFACE ( (
 ( 1.000000000000000000, 0.8660254037844387076, 1.000000000000000000, 0.8660254037844387076, 1.000000000000000000, 0.8660254037844387076, 1.000000000000000000, 0.8660254037844387076, 1.000000000000000000, 0.8660254037844387076, 1.000000000000000000, 0.8660254037844387076, 1.000000000000000000, 0.8660254037844387076, 1.000000000000000000, 0.8660254037844387076, 1.000000000000000000, 0.8660254037844387076, 1.000000000000000000, 0.8660254037844387076, 1.000000000000000000, 0.8660254037844387076, 1.000000000000000000, 0.8660254037844387076, 1.000000000000000000, 0.8660254037844387076, 1.000000000000000000, 0.8660254037844387076, 1.000000000000000000, 0.8660254037844387076, 1.000000000000000000, 0.8660254037844387076, 1.000000000000000000, 0.8660254037844387076, 1.000000000000000000, 0.8660254037844387076, 1.000000000000000000, 0.8660254037844387076, 1.000000000000000000, 0.8660254037844387076, 1.000000000000000000, 0.8660254037844387076, 1.000000000000000000, 0.8660254037844387076, 1.000000000000000000, 0.8660254037844387076, 1.000000000000000000, 0.8660254037844387076, 1.000000000000000000, 0.8660254037844387076, 1.000000000000000000, 0.8660254037844387076, 1.000000000000000000, 0.8660254037844387076, 1.000000000000000000, 0.8660254037844387076, 1.000000000000000000, 0.8660254037844387076, 1.000000000000000000, 0.8660254037844387076, 1.000000000000000000, 0.8660254037844387076, 1.000000000000000000, 0.8660254037844387076, 1.000000000000000000, 0.8660254037844387076, 1.000000000000000000, 0.8660254037844387076, 1.000000000000000000, 0.8660254037844387076, 1.000000000000000000, 0.8660254037844387076, 1.000000000000000000, 0.8660254037844387076, 1.000000000000000000, 0.8660254037844387076, 1.000000000000000000, 0.8660254037844387076, 1.000000000000000000, 0.8660254037844387076, 1.000000000000000000, 0.8660254037844387076, 1.000000000000000000, 0.8660254037844387076, 1.000000000000000000, 0.8660254037844387076, 1.000000000000000000, 0.8660254037844387076, 1.000000000000000000, 0.8660254037844387076, 1.000000000000000000, 0.8660254037844387076, 1.000000000000000000, 0.8660254037844387076, 1.000000000000000000, 0.8660254037844387076, 1.000000000000000000, 0.8660254037844387076, 1.000000000000000000, 0.8660254037844387076, 1.000000000000000000, 0.8660254037844387076, 1.000000000000000000, 0.8660254037844387076, 1.000000000000000000, 0.8660254037844387076, 1.000000000000000000, 0.8660254037844387076, 1.000000000000000000, 0.8660254037844387076, 1.000000000000000000, 0.8660254037844387076, 1.000000000000000000, 0.8660254037844387076, 1.000000000000000000, 0.8660254037844387076, 1.000000000000000000, 0.8660254037844387076, 1.000000000000000000, 0.8660254037844387076, 1.000000000000000000, 0.8660254037844387076, 1.000000000000000000, 0.8660254037844387076, 1.000000000000000000, 0.8660254037844387076, 1.000000000000000000, 0.8660254037844387076, 1.000000000000000000, 0.8660254037844387076, 1.000000000000000000, 0.8660254037844387076, 1.000000000000000000, 0.8660254037844387076, 1.000000000000000000, 0.8660254037844387076, 1.000000000000000000, 0.8660254037844387076, 1.000000000000000000, 0.8660254037844387076, 1.000000000000000000, 0.8660254037844387076, 1.000000000000000000, 0.8660254037844387076, 1.000000000000000000, 0.8660254037844387076, 1.000000000000000000, 0.8660254037844387076, 1.000000000000000000, 0.8660254037844387076, 1.000000000000000000, 0.8660254037844387076, 1.000000000000000000, 0.8660254037844387076, 1.000000000000000000, 0.8660254037844387076, 1.000000000000000000, 0.8660254037844387076, 1.000000000000000000, 0.8660254037844387076, 1.000000000000000000, 0.8660254037844387076, 1.000000000000000000, 0.8660254037844387076, 1.000000000000000000, 0.8660254037844387076, 1.000000000000000000, 0.8660254037844387076, 1.000000000000000000, 0.8660254037844387076, 1.000000000000000000, 0.8660254037844387076, 1.000000000000000000, 0.8660254037844387076, 1.000000000000000000, 0.8660254037844387076, 1.000000000000000000, 0.8660254037844387076, 1.000000000000000000, 0.8660254037844387076, 1.000000000000000000, 0.8660254037844387076, 1.000000000000000000, 0.8660254037844387076, 1.000000000000000000, 0.8660254037844387076, 1.000000000000000000, 0.8660254037844387076, 1.000000000000000000, 0.8660254037844387076, 1.000000000000000000, 0.8660254037844387076, 1.000000000000000000, 0.8660254037844387076, 1.000000000000000000, 0.8660254037844387076, 1.000000000000000000, 0.8660254037844387076, 1.000000000000000000, 0.8660254037844387076, 1.000000000000000000, 0.8660254037844387076, 1.000000000000000000, 0.8660254037844387076, 1.000000000000000000, 0.8660254037844387076, 1.000000000000000000, 0.8660254037844387076, 1.000000000000000000, 0.8660254037844387076, 1.000000000000000000, 0.8660254037844387076, 1.000000000000000000, 0.8660254037844387076, 1.000000000000000000, 0.8660254037844387076, 1.000000000000000000, 0.8660254037844387076, 1.000000000000000000, 0.8660254037844387076, 1.000000000000000000, 0.8660254037844387076, 1.000000000000000000, 0.8660254037844387076, 1.000000000000000000, 0.8660254037844387076, 1.000000000000000000, 0.8660254037844387076, 1.000000000000000000, 0.8660254037844387076, 1.000000000000000000, 0.8660254037844387076, 1.000000000000000000, 0.8660254037844387076, 1.000000000000000000, 0.8660254037844387076, 1.000000000000000000, 0.8660254037844387076, 1.000000000000000000, 0.8660254037844387076, 1.000000000000000000, 0.8660254037844387076, 1.000000000000000000, 0.8660254037844387076, 1.000000000000000000, 0.8660254037844387076, 1.000000000000000000, 0.8660254037844387076, 1.000000000000000000, 0.8660254037844387076, 1.000000000000000000, 0.8660254037844387076, 1.000000000000000000, 0.8660254037844387076, 1.000000000000000000, 0.8660254037844387076, 1.000000000000000000, 0.8660254037844387076, 1.000000000000000000, 0.8660254037844387076, 1.000000000000000000, 0.8660254037844387076, 1.000000000000000000, 0.8660254037844387076, 1.000000000000000000, 0.8660254037844387076, 1.000000000000000000, 0.8660254037844387076, 1.000000000000000000, 0.8660254037844387076, 1.000000000000000000, 0.8660254037844387076, 1.000000000000000000, 0.8660254037844387076, 1.000000000000000000, 0.8660254037844387076, 1.000000000000000000, 0.8660254037844387076, 1.000000000000000000, 0.8660254037844387076, 1.000000000000000000, 0.8660254037844387076, 1.000000000000000000, 0.8660254037844387076, 1.000000000000000000, 0.8660254037844387076, 1.000000000000000000, 0.8660254037844387076, 1.000000000000000000, 0.8660254037844387076, 1.000000000000000000, 0.8660254037844387076, 1.000000000000000000, 0.8660254037844387076, 1.000000000000000000, 0.8660254037844387076, 1.000000000000000000, 0.8660254037844387076, 1.000000000000000000, 0.8660254037844387076, 1.000000000000000000, 0.8660254037844387076, 1.000000000000000000, 0.8660254037844387076, 1.000000000000000000, 0.8660254037844387076, 1.000000000000000000, 0.8660254037844387076, 1.000000000000000000, 0.8660254037844387076, 1.000000000000000000, 0.8660254037844387076, 1.000000000000000000, 0.8660254037844387076, 1.000000000000000000, 0.8660254037844387076, 1.000000000000000000, 0.8660254037844387076, 1.000000000000000000, 0.8660254037844387076, 1.000000000000000000, 0.8660254037844387076, 1.000000000000000000, 0.8660254037844387076, 1.000000000000000000, 0.8660254037844387076, 1.000000000000000000, 0.8660254037844387076, 1.000000000000000000, 0.8660254037844387076, 1.000000000000000000, 0.8660254037844387076, 1.000000000000000000, 0.8660254037844387076, 1.000000000000000000, 0.8660254037844387076, 1.000000000000000000, 0.8660254037844387076, 1.000000000000000000, 0.8660254037844387076, 1.000000000000000000, 0.8660254037844387076, 1.000000000000000000, 0.8660254037844387076, 1.000000000000000000, 0.8660254037844387076, 1.000000000000000000, 0.8660254037844387076, 1.000000000000000000, 0.8660254037844387076, 1.000000000000000000, 0.8660254037844387076, 1.000000000000000000, 0.8660254037844387076, 1.000000000000000000, 0.8660254037844387076, 1.000000000000000000, 0.8660254037844387076, 1.000000000000000000, 0.8660254037844387076, 1.000000000000000000, 0.8660254037844387076, 1.000000000000000000, 0.8660254037844387076, 1.000000000000000000, 0.8660254037844387076, 1.000000000000000000, 0.8660254037844387076, 1.000000000000000000, 0.8660254037844387076, 1.000000000000000000, 0.8660254037844387076, 1.000000000000000000, 0.8660254037844387076, 1.000000000000000000, 0.8660254037844387076, 1.000000000000000000, 0.8660254037844387076, 1.000000000000000000, 0.8660254037844387076, 1.000000000000000000, 0.8660254037844387076, 1.000000000000000000, 0.8660254037844387076, 1.000000000000000000, 0.8660254037844387076, 1.000000000000000000, 0.8660254037844387076, 1.000000000000000000, 0.8660254037844387076, 1.000000000000000000, 0.8660254037844387076, 1.000000000000000000, 0.8660254037844387076, 1.000000000000000000, 0.8660254037844387076, 1.000000000000000000, 0.8660254037844387076, 1.000000000000000000, 0.8660254037844387076, 1.000000000000000000, 0.8660254037844387076, 1.000000000000000000, 0.8660254037844387076, 1.000000000000000000, 0.8660254037844387076, 1.000000000000000000, 0.8660254037844387076, 1.000000000000000000, 0.8660254037844387076, 1.000000000000000000, 0.8660254037844387076, 1.000000000000000000, 0.9111436428065099458, 0.9401522008540188491),
 ( 1.000000000000000000, 0.8660254037844387076, 1.000000000000000000, 0.8660254037844387076, 1.000000000000000000, 0.8660254037844387076, 1.000000000000000000, 0.8660254037844387076, 1.000000000000000000, 0.8660254037844387076, 1.000000000000000000, 0.8660254037844387076, 1.000000000000000000, 0.8660254037844387076, 1.000000000000000000, 0.8660254037844387076, 1.000000000000000000, 0.8660254037844387076, 1.000000000000000000, 0.8660254037844387076, 1.000000000000000000, 0.8660254037844387076, 1.000000000000000000, 0.8660254037844387076, 1.000000000000000000, 0.8660254037844387076, 1.000000000000000000, 0.8660254037844387076, 1.000000000000000000, 0.8660254037844387076, 1.000000000000000000, 0.8660254037844387076, 1.000000000000000000, 0.8660254037844387076, 1.000000000000000000, 0.8660254037844387076, 1.000000000000000000, 0.8660254037844387076, 1.000000000000000000, 0.8660254037844387076, 1.000000000000000000, 0.8660254037844387076, 1.000000000000000000, 0.8660254037844387076, 1.000000000000000000, 0.8660254037844387076, 1.000000000000000000, 0.8660254037844387076, 1.000000000000000000, 0.8660254037844387076, 1.000000000000000000, 0.8660254037844387076, 1.000000000000000000, 0.8660254037844387076, 1.000000000000000000, 0.8660254037844387076, 1.000000000000000000, 0.8660254037844387076, 1.000000000000000000, 0.8660254037844387076, 1.000000000000000000, 0.8660254037844387076, 1.000000000000000000, 0.8660254037844387076, 1.000000000000000000, 0.8660254037844387076, 1.000000000000000000, 0.8660254037844387076, 1.000000000000000000, 0.8660254037844387076, 1.000000000000000000, 0.8660254037844387076, 1.000000000000000000, 0.8660254037844387076, 1.000000000000000000, 0.8660254037844387076, 1.000000000000000000, 0.8660254037844387076, 1.000000000000000000, 0.8660254037844387076, 1.000000000000000000, 0.8660254037844387076, 1.000000000000000000, 0.8660254037844387076, 1.000000000000000000, 0.8660254037844387076, 1.000000000000000000, 0.8660254037844387076, 1.000000000000000000, 0.8660254037844387076, 1.000000000000000000, 0.8660254037844387076, 1.000000000000000000, 0.8660254037844387076, 1.000000000000000000, 0.8660254037844387076, 1.000000000000000000, 0.8660254037844387076, 1.000000000000000000, 0.8660254037844387076, 1.000000000000000000, 0.8660254037844387076, 1.000000000000000000, 0.8660254037844387076, 1.000000000000000000, 0.8660254037844387076, 1.000000000000000000, 0.8660254037844387076, 1.000000000000000000, 0.8660254037844387076, 1.000000000000000000, 0.8660254037844387076, 1.000000000000000000, 0.8660254037844387076, 1.000000000000000000, 0.8660254037844387076, 1.000000000000000000, 0.8660254037844387076, 1.000000000000000000, 0.8660254037844387076, 1.000000000000000000, 0.8660254037844387076, 1.000000000000000000, 0.8660254037844387076, 1.000000000000000000, 0.8660254037844387076, 1.000000000000000000, 0.8660254037844387076, 1.000000000000000000, 0.8660254037844387076, 1.000000000000000000, 0.8660254037844387076, 1.000000000000000000, 0.8660254037844387076, 1.000000000000000000, 0.8660254037844387076, 1.000000000000000000, 0.8660254037844387076, 1.000000000000000000, 0.8660254037844387076, 1.000000000000000000, 0.8660254037844387076, 1.000000000000000000, 0.8660254037844387076, 1.000000000000000000, 0.8660254037844387076, 1.000000000000000000, 0.8660254037844387076, 1.000000000000000000, 0.8660254037844387076, 1.000000000000000000, 0.8660254037844387076, 1.000000000000000000, 0.8660254037844387076, 1.000000000000000000, 0.8660254037844387076, 1.000000000000000000, 0.8660254037844387076, 1.000000000000000000, 0.8660254037844387076, 1.000000000000000000, 0.8660254037844387076, 1.000000000000000000, 0.8660254037844387076, 1.000000000000000000, 0.8660254037844387076, 1.000000000000000000, 0.8660254037844387076, 1.000000000000000000, 0.8660254037844387076, 1.000000000000000000, 0.8660254037844387076, 1.000000000000000000, 0.8660254037844387076, 1.000000000000000000, 0.8660254037844387076, 1.000000000000000000, 0.8660254037844387076, 1.000000000000000000, 0.8660254037844387076, 1.000000000000000000, 0.8660254037844387076, 1.000000000000000000, 0.8660254037844387076, 1.000000000000000000, 0.8660254037844387076, 1.000000000000000000, 0.8660254037844387076, 1.000000000000000000, 0.8660254037844387076, 1.000000000000000000, 0.8660254037844387076, 1.000000000000000000, 0.8660254037844387076, 1.000000000000000000, 0.8660254037844387076, 1.000000000000000000, 0.8660254037844387076, 1.000000000000000000, 0.8660254037844387076, 1.000000000000000000, 0.8660254037844387076, 1.000000000000000000, 0.8660254037844387076, 1.000000000000000000, 0.8660254037844387076, 1.000000000000000000, 0.8660254037844387076, 1.000000000000000000, 0.8660254037844387076, 1.000000000000000000, 0.8660254037844387076, 1.000000000000000000, 0.8660254037844387076, 1.000000000000000000, 0.8660254037844387076, 1.000000000000000000, 0.8660254037844387076, 1.000000000000000000, 0.8660254037844387076, 1.000000000000000000, 0.8660254037844387076, 1.000000000000000000, 0.8660254037844387076, 1.000000000000000000, 0.8660254037844387076, 1.000000000000000000, 0.8660254037844387076, 1.000000000000000000, 0.8660254037844387076, 1.000000000000000000, 0.8660254037844387076, 1.000000000000000000, 0.8660254037844387076, 1.000000000000000000, 0.8660254037844387076, 1.000000000000000000, 0.8660254037844387076, 1.000000000000000000, 0.8660254037844387076, 1.000000000000000000, 0.8660254037844387076, 1.000000000000000000, 0.8660254037844387076, 1.000000000000000000, 0.8660254037844387076, 1.000000000000000000, 0.8660254037844387076, 1.000000000000000000, 0.8660254037844387076, 1.000000000000000000, 0.8660254037844387076, 1.000000000000000000, 0.8660254037844387076, 1.000000000000000000, 0.8660254037844387076, 1.000000000000000000, 0.8660254037844387076, 1.000000000000000000, 0.8660254037844387076, 1.000000000000000000, 0.8660254037844387076, 1.000000000000000000, 0.8660254037844387076, 1.000000000000000000, 0.8660254037844387076, 1.000000000000000000, 0.8660254037844387076, 1.000000000000000000, 0.8660254037844387076, 1.000000000000000000, 0.8660254037844387076, 1.000000000000000000, 0.8660254037844387076, 1.000000000000000000, 0.8660254037844387076, 1.000000000000000000, 0.8660254037844387076, 1.000000000000000000, 0.8660254037844387076, 1.000000000000000000, 0.8660254037844387076, 1.000000000000000000, 0.8660254037844387076, 1.000000000000000000, 0.8660254037844387076, 1.000000000000000000, 0.8660254037844387076, 1.000000000000000000, 0.8660254037844387076, 1.000000000000000000, 0.8660254037844387076, 1.000000000000000000, 0.8660254037844387076, 1.000000000000000000, 0.8660254037844387076, 1.000000000000000000, 0.8660254037844387076, 1.000000000000000000, 0.8660254037844387076, 1.000000000000000000, 0.8660254037844387076, 1.000000000000000000, 0.8660254037844387076, 1.000000000000000000, 0.8660254037844387076, 1.000000000000000000, 0.8660254037844387076, 1.000000000000000000, 0.8660254037844387076, 1.000000000000000000, 0.8660254037844387076, 1.000000000000000000, 0.8660254037844387076, 1.000000000000000000, 0.8660254037844387076, 1.000000000000000000, 0.8660254037844387076, 1.000000000000000000, 0.8660254037844387076, 1.000000000000000000, 0.8660254037844387076, 1.000000000000000000, 0.8660254037844387076, 1.000000000000000000, 0.8660254037844387076, 1.000000000000000000, 0.8660254037844387076, 1.000000000000000000, 0.8660254037844387076, 1.000000000000000000, 0.8660254037844387076, 1.000000000000000000, 0.8660254037844387076, 1.000000000000000000, 0.8660254037844387076, 1.000000000000000000, 0.8660254037844387076, 1.000000000000000000, 0.8660254037844387076, 1.000000000000000000, 0.8660254037844387076, 1.000000000000000000, 0.8660254037844387076, 1.000000000000000000, 0.8660254037844387076, 1.000000000000000000, 0.8660254037844387076, 1.000000000000000000, 0.8660254037844387076, 1.000000000000000000, 0.8660254037844387076, 1.000000000000000000, 0.8660254037844387076, 1.000000000000000000, 0.8660254037844387076, 1.000000000000000000, 0.8660254037844387076, 1.000000000000000000, 0.8660254037844387076, 1.000000000000000000, 0.8660254037844387076, 1.000000000000000000, 0.8660254037844387076, 1.000000000000000000, 0.8660254037844387076, 1.000000000000000000, 0.8660254037844387076, 1.000000000000000000, 0.8660254037844387076, 1.000000000000000000, 0.8660254037844387076, 1.000000000000000000, 0.8660254037844387076, 1.000000000000000000, 0.8660254037844387076, 1.000000000000000000, 0.8660254037844387076, 1.000000000000000000, 0.8660254037844387076, 1.000000000000000000, 0.8660254037844387076, 1.000000000000000000, 0.8660254037844387076, 1.000000000000000000, 0.8660254037844387076, 1.000000000000000000, 0.8660254037844387076, 1.000000000000000000, 0.8660254037844387076, 1.000000000000000000, 0.8660254037844387076, 1.000000000000000000, 0.8660254037844387076, 1.000000000000000000, 0.8660254037844387076, 1.000000000000000000, 0.8660254037844387076, 1.000000000000000000, 0.8660254037844387076, 1.000000000000000000, 0.8660254037844387076, 1.000000000000000000, 0.8660254037844387076, 1.000000000000000000, 0.8660254037844387076, 1.000000000000000000, 0.8660254037844387076, 1.000000000000000000, 0.8660254037844387076, 1.000000000000000000, 0.8660254037844387076, 1.000000000000000000, 0.9111436428065099458, 0.9401522008540188491) ) ) 
 REPRESENTATION_ITEM ( '' )  SURFACE ( )  );
#488 = CARTESIAN_POINT ( 'NONE',  ( -1.249999998749998564, 4.265625000614517326, -0.7216878357653433440 ) ) ;
#489 = ORIENTED_EDGE ( 'NONE', *, *, #3091, .T. ) ;
#490 = CARTESIAN_POINT ( 'NONE',  ( 1.006430354999998666, 3.037500001229036073, 0.000000000000000000 ) ) ;
#491 = CARTESIAN_POINT ( 'NONE',  ( -0.6249999993749995042, 8.728125000614516793, -1.082531753648015460 ) ) ;
#492 = CARTESIAN_POINT ( 'NONE',  ( 1.006430354999998666, 4.837500001229035007, 1.173230260442809209E-14 ) ) ;
#493 = VECTOR ( 'NONE', #542, 1000.000000000000000 ) ;
#494 = CARTESIAN_POINT ( 'NONE',  ( -1.249999998749999008, 8.371875000614515727, -0.7216878357653433440 ) ) ;
#495 = CARTESIAN_POINT ( 'NONE',  ( -0.6249999993749983940, 1.284375000614517814, 1.082531753648015904 ) ) ;
#496 = CARTESIAN_POINT ( 'NONE',  ( 1.249999998749998342, 11.78437500061451715, -1.530808497403381346E-16 ) ) ;
#497 = CARTESIAN_POINT ( 'NONE',  ( -0.2811655045890923965, 11.28922807665091987, -1.000510810882704771 ) ) ;
#498 = CARTESIAN_POINT ( 'NONE',  ( 0.6249999993749987270, 10.90312500061451750, -1.082531753648015460 ) ) ;
#499 = ORIENTED_EDGE ( 'NONE', *, *, #4473, .F. ) ;
#500 = CARTESIAN_POINT ( 'NONE',  ( -0.5253432182843934539, 6.375000000000000888, 0.8979642393405735667 ) ) ;
#501 = CARTESIAN_POINT ( 'NONE',  ( -1.006430354999998000, 3.300000001229034918, 0.5810628363798603369 ) ) ;
#502 = CARTESIAN_POINT ( 'NONE',  ( 0.6249999993749989491, 2.409375000614517148, -1.082531753648015460 ) ) ;
#503 = CARTESIAN_POINT ( 'NONE',  ( 1.006430354999998666, 1.687500001229034874, 1.173230260442809209E-14 ) ) ;
#504 = CARTESIAN_POINT ( 'NONE',  ( -0.5032151774999987781, 9.187500001229034652, 0.8715942545697901167 ) ) ;
#505 = EDGE_CURVE ( 'NONE', #1087, #2410, #4850, .T. ) ;
#506 = CARTESIAN_POINT ( 'NONE',  ( -0.6249999993749995042, 8.334375000614516082, -1.082531753648015460 ) ) ;
#507 = CARTESIAN_POINT ( 'NONE',  ( -1.006430354999998666, 4.462500000000001243, -0.5810628363798596707 ) ) ;
#508 = CARTESIAN_POINT ( 'NONE',  ( 1.249999998749998564, 4.978125000614516793, -1.530808497403381346E-16 ) ) ;
#509 = CARTESIAN_POINT ( 'NONE',  ( -1.006430354999998888, 1.462500001001236782, -3.529757098621566711E-09 ) ) ;
#510 = FACE_OUTER_BOUND ( 'NONE', #4363, .T. ) ;
#511 = CARTESIAN_POINT ( 'NONE',  ( -0.4277430714151773672, 11.30442198225448713, 0.9733632466823396445 ) ) ;
#512 = CARTESIAN_POINT ( 'NONE',  ( 1.006430354999998666, 11.10000000122903430, 0.5810628363798594487 ) ) ;
#513 = CARTESIAN_POINT ( 'NONE',  ( -1.904424685583233843E-16, 10.09999999999999964, 0.000000000000000000 ) ) ;
#514 = VERTEX_POINT ( 'NONE', #2145 ) ;
#515 = CARTESIAN_POINT ( 'NONE',  ( 0.5032151774999988891, 10.65000000000000036, -0.8715942545697897836 ) ) ;
#516 = CARTESIAN_POINT ( 'NONE',  ( 0.6249999993749996152, 12.10312500061451679, 1.082531753648015238 ) ) ;
#517 = EDGE_CURVE ( 'NONE', #2563, #5317, #2788, .T. ) ;
#518 = CARTESIAN_POINT ( 'NONE',  ( 1.249999998749998564, 4.078125000614517326, -1.530808497403381346E-16 ) ) ;
#519 = CARTESIAN_POINT ( 'NONE',  ( 0.6249999993749989491, 2.803125000614516971, -1.082531753648015460 ) ) ;
#520 = CARTESIAN_POINT ( 'NONE',  ( -2.238907629365661131E-16, 8.100000001229036073, -1.162125672759719341 ) ) ;
#521 =( BOUNDED_CURVE ( )  B_SPLINE_CURVE ( 2, ( #4188, #2417, #4755, #161, #2389, #551, #1455 ),
 .UNSPECIFIED., .F., .T. ) 
 B_SPLINE_CURVE_WITH_KNOTS ( ( 3, 2, 2, 3 ),
 ( 0.5806548089671682567, 0.5854935990026942649, 0.5903323890770967308, 0.5951711791514991967 ),
 .UNSPECIFIED. ) 
 CURVE ( )  GEOMETRIC_REPRESENTATION_ITEM ( )  RATIONAL_B_SPLINE_CURVE ( ( 1.000000000000000000, 0.8660254037844387076, 1.000000000000000000, 0.8660254037844387076, 1.000000000000000000, 0.8660254037844387076, 1.000000000000000000 ) ) 
 REPRESENTATION_ITEM ( '' )  );
#522 = CARTESIAN_POINT ( 'NONE',  ( -2.522490003431538916E-16, 8.690625000614515372, -1.443375671530686910 ) ) ;
#523 = CARTESIAN_POINT ( 'NONE',  ( -2.168404344971008868E-16, 11.50000000000000000, 0.000000000000000000 ) ) ;
#524 = CARTESIAN_POINT ( 'NONE',  ( 0.6249999993749997262, 6.309375000614517504, 1.082531753648015238 ) ) ;
#525 = CARTESIAN_POINT ( 'NONE',  ( 1.249999998749998342, -0.3281249993854814528, -0.7216878357653438991 ) ) ;
#526 = CARTESIAN_POINT ( 'NONE',  ( 0.6249999993749996152, 13.05937500061451750, 1.082531753648015238 ) ) ;
#527 = CARTESIAN_POINT ( 'NONE',  ( -0.1624394759460754678, 11.26951499076298013, -1.007052471450140096 ) ) ;
#528 = FACE_OUTER_BOUND ( 'NONE', #198, .T. ) ;
#529 = VERTEX_POINT ( 'NONE', #3213 ) ;
#530 = CARTESIAN_POINT ( 'NONE',  ( -1.135849766923887387E-16, 2.250000001229036428, -1.162125672759719341 ) ) ;
#531 = CARTESIAN_POINT ( 'NONE',  ( -1.006430354999998666, 4.575000001229034829, -0.5810628363798596707 ) ) ;
#532 = CARTESIAN_POINT ( 'NONE',  ( 0.6249999993749998373, 3.609375000614516882, 1.082531753648015238 ) ) ;
#533 = CARTESIAN_POINT ( 'NONE',  ( -0.06774180856780784299, 0.2285960607139259637, 1.031429946513677587 ) ) ;
#534 = DIRECTION ( 'NONE',  ( -1.885568995626964287E-17, 1.000000000000000000, -0.000000000000000000 ) ) ;
#535 = CARTESIAN_POINT ( 'NONE',  ( 1.249999998749998564, 8.146875000614516082, 0.7216878357653431220 ) ) ;
#536 = CARTESIAN_POINT ( 'NONE',  ( -0.5032151774999994442, 4.424999999999999822, -0.8715942545697896726 ) ) ;
#537 = CARTESIAN_POINT ( 'NONE',  ( 1.249999998749998564, 4.528125000614516615, -1.530808497403381346E-16 ) ) ;
#538 = CARTESIAN_POINT ( 'NONE',  ( 0.8979642393405734557, 3.337500000000000355, 0.5253432182843934539 ) ) ;
#539 = CARTESIAN_POINT ( 'NONE',  ( 0.2634828508014803172, 3.018750000000000266, -1.006430354999998666 ) ) ;
#540 = AXIS2_PLACEMENT_3D ( 'NONE', #2730, #5068, #5040 ) ;
#541 = CARTESIAN_POINT ( 'NONE',  ( 1.006430354999998666, 12.45000000122903572, 0.5810628363798594487 ) ) ;
#542 = DIRECTION ( 'NONE',  ( -1.885568995626964287E-17, 1.000000000000000000, -0.000000000000000000 ) ) ;
#543 = LINE ( 'NONE', #1116, #5422 ) ;
#544 = CARTESIAN_POINT ( 'NONE',  ( 0.5032151774999988891, 11.54999999999999893, -0.8715942545697897836 ) ) ;
#545 = CARTESIAN_POINT ( 'NONE',  ( 1.249999998749998564, 11.69062500061451537, 0.7216878357653431220 ) ) ;
#546 = VERTEX_POINT ( 'NONE', #1380 ) ;
#547 = CARTESIAN_POINT ( 'NONE',  ( 1.249999998749998564, 4.978125000614516793, -1.530808497403381346E-16 ) ) ;
#548 = CARTESIAN_POINT ( 'NONE',  ( -0.6249999993749983940, 3.928125000614516527, 1.082531753648015904 ) ) ;
#549 = ORIENTED_EDGE ( 'NONE', *, *, #4836, .F. ) ;
#550 = ADVANCED_FACE ( 'NONE', ( #2401 ), #4624, .F. ) ;
#551 = CARTESIAN_POINT ( 'NONE',  ( 1.006430354999998444, 3.975000001229035185, -0.5810628363798601148 ) ) ;
#552 = CARTESIAN_POINT ( 'NONE',  ( 1.249999998749998342, 8.615625000614517859, -0.7216878357653438991 ) ) ;
#553 = CIRCLE ( 'NONE', #2276, 1.249999999999998668 ) ;
#554 = DIRECTION ( 'NONE',  ( -1.885568995626964287E-17, 1.000000000000000000, -0.000000000000000000 ) ) ;
#555 = CARTESIAN_POINT ( 'NONE',  ( 1.249999998749999008, 6.346875000614517148, 0.7216878357653431220 ) ) ;
#556 = CARTESIAN_POINT ( 'NONE',  ( 0.6249999993749989491, 0.6093750006145176590, -1.082531753648015460 ) ) ;
#557 = PLANE ( 'NONE',  #2418 ) ;
#558 = VERTEX_POINT ( 'NONE', #116 ) ;
#559 = CARTESIAN_POINT ( 'NONE',  ( 0.8979642393405731227, 6.487500000000001599, 0.5253432182843933429 ) ) ;
#560 = CARTESIAN_POINT ( 'NONE',  ( 0.5032151774999997773, 3.862500001229035362, 0.8715942545697895616 ) ) ;
#561 = CARTESIAN_POINT ( 'NONE',  ( 0.6249999993749987270, 12.75937500061451679, -1.082531753648015460 ) ) ;
#562 = CARTESIAN_POINT ( 'NONE',  ( 0.5253432182843933429, 8.400000000000000355, -0.8979642393405732337 ) ) ;
#563 = CARTESIAN_POINT ( 'NONE',  ( -1.249999998749998564, 7.059375000614517504, 0.000000000000000000 ) ) ;
#564 = CARTESIAN_POINT ( 'NONE',  ( 1.006430354999998888, 1.087500000000001465, 0.5810628363798594487 ) ) ;
#565 = CARTESIAN_POINT ( 'NONE',  ( -1.249999998749998564, 3.815625000614516704, -0.7216878357653433440 ) ) ;
#566 = CARTESIAN_POINT ( 'NONE',  ( 1.006430354999998666, 2.025000000000000799, 0.000000000000000000 ) ) ;
#567 = CARTESIAN_POINT ( 'NONE',  ( -0.5253432182843935649, 4.125000000000001776, 0.8979642393405733447 ) ) ;
#568 = DIRECTION ( 'NONE',  ( -1.885568995626964287E-17, 1.000000000000000000, -0.000000000000000000 ) ) ;
#569 = B_SPLINE_CURVE_WITH_KNOTS ( 'NONE', 3,
 ( #4414, #1592, #2492, #238, #2554, #3427, #3815, #3397, #5219, #4326 ),
 .UNSPECIFIED., .F., .F.,
 ( 4, 2, 2, 2, 4 ),
 ( 0.000000000000000000, 0.1250000000000000000, 0.2500000000000000000, 0.3750000000000000000, 0.5000000000000000000 ),
 .UNSPECIFIED. ) ;
#570 = AXIS2_PLACEMENT_3D ( 'NONE', #1279, #4495, #1790 ) ;
#571 = CARTESIAN_POINT ( 'NONE',  ( -1.006430354999998888, 12.26250000122903572, 0.000000000000000000 ) ) ;
#572 = DIRECTION ( 'NONE',  ( 1.000000000000000000, 1.885568995626964287E-17, 0.000000000000000000 ) ) ;
#573 = CARTESIAN_POINT ( 'NONE',  ( 0.2634828508014803727, 6.618750000000002132, -1.006430354999998888 ) ) ;
#574 = CARTESIAN_POINT ( 'NONE',  ( -1.773887528593323726E-17, 12.26249999999999929, 1.162125672759719563 ) ) ;
#575 = CARTESIAN_POINT ( 'NONE',  ( 0.6249999993749987270, 12.25312500061451537, -1.082531753648015460 ) ) ;
#576 = ADVANCED_FACE ( 'NONE', ( #1440 ), #1926, .F. ) ;
#577 = EDGE_LOOP ( 'NONE', ( #1151, #3714 ) ) ;
#578 = CARTESIAN_POINT ( 'NONE',  ( 1.249999998749998342, 4.565625000614518036, -0.7216878357653438991 ) ) ;
#579 = CARTESIAN_POINT ( 'NONE',  ( 0.6249999993749989491, 2.353125000614516349, -1.082531753648015460 ) ) ;
#580 = EDGE_LOOP ( 'NONE', ( #4246, #1536, #5620, #1733 ) ) ;
#581 = EDGE_CURVE ( 'NONE', #2787, #186, #4821, .T. ) ;
#582 = CARTESIAN_POINT ( 'NONE',  ( -1.006430354999998888, 8.175000001229035362, -0.5810628363798595597 ) ) ;
#583 = CARTESIAN_POINT ( 'NONE',  ( 1.249999998749998342, 6.815625000614516260, -0.7216878357653438991 ) ) ;
#584 = PRODUCT_DEFINITION_CONTEXT ( 'detailed design', #3768, 'design' ) ;
#585 = CARTESIAN_POINT ( 'NONE',  ( -1.769440885803019186E-16, 4.696875000614517681, -1.443375671530686910 ) ) ;
#586 = CARTESIAN_POINT ( 'NONE',  ( -1.249999998749998564, -1.134374999385482807, -0.7216878357653433440 ) ) ;
#587 = CARTESIAN_POINT ( 'NONE',  ( -9.209348377708856886E-17, 0.1968750006145179865, -1.443375671530686910 ) ) ;
#588 = CARTESIAN_POINT ( 'NONE',  ( 1.006430354999998444, 11.50000000000000000, 1.232521712815482580E-16 ) ) ;
#589 = B_SPLINE_CURVE_WITH_KNOTS ( 'NONE', 3,
 ( #4659, #3249, #5074, #2315, #602, #539, #2436, #2768, #4208, #4146 ),
 .UNSPECIFIED., .F., .F.,
 ( 4, 2, 2, 2, 4 ),
 ( 0.000000000000000000, 0.1250000000000000000, 0.2500000000000000000, 0.3750000000000000000, 0.5000000000000000000 ),
 .UNSPECIFIED. ) ;
#590 = ORIENTED_EDGE ( 'NONE', *, *, #1211, .F. ) ;
#591 = CARTESIAN_POINT ( 'NONE',  ( 1.249999998749998564, 9.496875000614517504, 0.7216878357653431220 ) ) ;
#592 = VECTOR ( 'NONE', #5804, 1000.000000000000000 ) ;
#593 = CARTESIAN_POINT ( 'NONE',  ( -0.5032151774999987781, 4.687500001229034652, 0.8715942545697901167 ) ) ;
#594 = CARTESIAN_POINT ( 'NONE',  ( 0.5495312741080182750, 0.004846877093970879992, 1.126103642496304902 ) ) ;
#595 = CARTESIAN_POINT ( 'NONE',  ( -1.006430354999998888, 10.46250000213503739, 1.403848034642431308E-08 ) ) ;
#596 = CARTESIAN_POINT ( 'NONE',  ( -1.006430354999998666, 7.650000000017862511, 2.767474199845514563E-10 ) ) ;
#597 = CARTESIAN_POINT ( 'NONE',  ( 1.249999998749998564, 6.834375000614516971, -1.530808497403381346E-16 ) ) ;
#598 = CARTESIAN_POINT ( 'NONE',  ( -1.006430354999998000, 2.737500000000000266, 0.5810628363798603369 ) ) ;
#599 = CARTESIAN_POINT ( 'NONE',  ( -0.6249999993749985050, 4.828125000614516438, 1.082531753648015904 ) ) ;
#600 = CARTESIAN_POINT ( 'NONE',  ( 1.006430354999998444, 11.13750000122903572, -1.232521712815482580E-16 ) ) ;
#601 = CARTESIAN_POINT ( 'NONE',  ( -0.5032151774999994442, 3.637500001229036162, -0.8715942545697896726 ) ) ;
#602 = CARTESIAN_POINT ( 'NONE',  ( -0.2634828508014802062, 3.056249999999999911, -1.006430354999998666 ) ) ;
#603 = CARTESIAN_POINT ( 'NONE',  ( 1.006430354999998000, 10.27500000122903501, -0.5810628363798602258 ) ) ;
#604 = CARTESIAN_POINT ( 'NONE',  ( -2.108843305015873177E-16, 6.496875000614517504, -1.443375671530686910 ) ) ;
#605 = LINE ( 'NONE', #2349, #493 ) ;
#606 = ORIENTED_EDGE ( 'NONE', *, *, #505, .T. ) ;
#607 = CARTESIAN_POINT ( 'NONE',  ( 1.006430354999998444, 8.775000000000002132, -1.232521712815482580E-16 ) ) ;
#608 = CARTESIAN_POINT ( 'NONE',  ( 0.6249999993749987270, 10.90312500061451750, -1.082531753648015460 ) ) ;
#609 = EDGE_LOOP ( 'NONE', ( #5022, #4211, #4761, #4103 ) ) ;
#610 = CARTESIAN_POINT ( 'NONE',  ( -0.6249999993749995042, 5.128125000614516260, -1.082531753648015460 ) ) ;
#611 = CARTESIAN_POINT ( 'NONE',  ( -1.589133350596191182E-16, 3.740625000614516527, -1.443375671530686910 ) ) ;
#612 = ORIENTED_EDGE ( 'NONE', *, *, #5790, .F. ) ;
#613 = DIRECTION ( 'NONE',  ( -1.000000000000000000, 0.000000000000000000, 0.000000000000000000 ) ) ;
#614 = CARTESIAN_POINT ( 'NONE',  ( 1.383982184796954953E-16, 6.721875000614518925, 1.443375671530686910 ) ) ;
#615 = CARTESIAN_POINT ( 'NONE',  ( 0.6249999993749998373, -0.4968749993854819635, 1.082531753648015238 ) ) ;
#616 = CARTESIAN_POINT ( 'NONE',  ( -0.8979642393405737888, 9.487500000000002487, 0.5253432182843934539 ) ) ;
#617 = CARTESIAN_POINT ( 'NONE',  ( -1.220230696701362527, 11.48286311279252025, -0.1901431580451427017 ) ) ;
#618 = ORIENTED_EDGE ( 'NONE', *, *, #660, .F. ) ;
#619 = CARTESIAN_POINT ( 'NONE',  ( -0.6249999993749986160, 10.73437500061451644, 1.082531753648015904 ) ) ;
#620 = CARTESIAN_POINT ( 'NONE',  ( 1.006430354999998666, 1.237500001229036695, -1.232521712815482580E-16 ) ) ;
#621 = CARTESIAN_POINT ( 'NONE',  ( -1.006430354999998888, 11.50000000000000000, 0.000000000000000000 ) ) ;
#622 = CARTESIAN_POINT ( 'NONE',  ( 0.7690634587423952340, 0.05812868816600946092, -0.9230570563311210064 ) ) ;
#623 = CARTESIAN_POINT ( 'NONE',  ( 0.6249999993749997262, 7.659375000614517148, 1.082531753648015238 ) ) ;
#624 = CARTESIAN_POINT ( 'NONE',  ( -1.006430354999998000, 1.387500000000001510, 0.5810628363798603369 ) ) ;
#625 = CARTESIAN_POINT ( 'NONE',  ( -1.249999998749998564, 5.165625000614517681, -0.7216878357653433440 ) ) ;
#626 = CARTESIAN_POINT ( 'NONE',  ( -1.006430354999998888, 11.50000000000000000, 0.000000000000000000 ) ) ;
#627 = CARTESIAN_POINT ( 'NONE',  ( -0.8979642393405733447, 0.8625000000000009326, -0.5253432182843935649 ) ) ;
#628 = CARTESIAN_POINT ( 'NONE',  ( 1.006430355000005106, 6.225000001229034297, -0.5810628363798561180 ) ) ;
#629 = CARTESIAN_POINT ( 'NONE',  ( -2.578310048578514628E-16, 9.900000001229035007, -1.162125672759719563 ) ) ;
#630 = CARTESIAN_POINT ( 'NONE',  ( 1.249999998749998342, 6.871875000614517504, -0.7216878357653438991 ) ) ;
#631 = CARTESIAN_POINT ( 'NONE',  ( 1.152165351618040789, -1.261318193587549411E-07, 0.4847834562006765324 ) ) ;
#632 = ORIENTED_EDGE ( 'NONE', *, *, #4340, .F. ) ;
#633 = CARTESIAN_POINT ( 'NONE',  ( 1.006430354999998666, 9.637499999999999289, 0.5810628363798594487 ) ) ;
#634 = CARTESIAN_POINT ( 'NONE',  ( 1.249999998749998564, 10.79062500061451679, 0.7216878357653431220 ) ) ;
#635 = ORIENTED_EDGE ( 'NONE', *, *, #1211, .T. ) ;
#636 = CARTESIAN_POINT ( 'NONE',  ( 1.249999998749998564, 1.828125000614517104, -1.530808497403381346E-16 ) ) ;
#637 = VECTOR ( 'NONE', #2570, 1000.000000000000000 ) ;
#638 = CARTESIAN_POINT ( 'NONE',  ( -0.6249999993749993932, 4.228125000614516793, -1.082531753648015460 ) ) ;
#639 = ORIENTED_EDGE ( 'NONE', *, *, #2523, .T. ) ;
#640 = CARTESIAN_POINT ( 'NONE',  ( 1.006430354999998444, 10.23750000122903359, 0.000000000000000000 ) ) ;
#641 = CARTESIAN_POINT ( 'NONE',  ( -2.168404344971008868E-16, 11.50000000000000000, 0.000000000000000000 ) ) ;
#642 = CARTESIAN_POINT ( 'NONE',  ( 1.468832789600168204E-16, 6.271875000614516971, 1.443375671530686910 ) ) ;
#643 = CARTESIAN_POINT ( 'NONE',  ( 0.6249999993749989491, -0.3468749993854828295, -1.082531753648015460 ) ) ;
#644 = AXIS2_PLACEMENT_3D ( 'NONE', #1713, #5398, #1745 ) ;
#645 = CARTESIAN_POINT ( 'NONE',  ( -1.006430354999998888, 9.112500000944777412, -4.404546912488137509E-09 ) ) ;
#646 = CARTESIAN_POINT ( 'NONE',  ( -1.006430354999998666, 9.000000001968180285, 3.049692991530495978E-08 ) ) ;
#647 = ORIENTED_EDGE ( 'NONE', *, *, #3931, .F. ) ;
#648 = CARTESIAN_POINT ( 'NONE',  ( 1.249999998749998342, 10.88437500061451679, -1.530808497403381346E-16 ) ) ;
#649 = ADVANCED_FACE ( 'NONE', ( #5581 ), #987, .F. ) ;
#650 = CARTESIAN_POINT ( 'NONE',  ( -0.5032151774999994442, 0.4875000012290360285, -0.8715942545697896726 ) ) ;
#651 = CARTESIAN_POINT ( 'NONE',  ( 1.249999998749998564, 0.9843750006145179920, -1.530808497403381346E-16 ) ) ;
#652 = EDGE_CURVE ( 'NONE', #2725, #2954, #4982, .T. ) ;
#653 = LINE ( 'NONE', #3328, #3439 ) ;
#654 = CARTESIAN_POINT ( 'NONE',  ( 0.2634828508014800397, 7.518749999999999822, -1.006430354999998666 ) ) ;
#655 = CARTESIAN_POINT ( 'NONE',  ( 1.249999998749998564, 5.034375000614518036, -1.530808497403381346E-16 ) ) ;
#656 = CARTESIAN_POINT ( 'NONE',  ( -0.5032151774999986671, 2.775000000000001243, 0.8715942545697901167 ) ) ;
#657 = CARTESIAN_POINT ( 'NONE',  ( 0.6249999993749998373, 1.753125000614516704, 1.082531753648015238 ) ) ;
#658 = CARTESIAN_POINT ( 'NONE',  ( 1.153341223086380207, 11.40334128598072283, -0.2319952502428370700 ) ) ;
#659 = CARTESIAN_POINT ( 'NONE',  ( -1.984355814956021131E-16, 6.750000001229033764, -1.162125672759719341 ) ) ;
#660 = EDGE_CURVE ( 'NONE', #1668, #2334, #3339, .T. ) ;
#661 = CARTESIAN_POINT ( 'NONE',  ( 1.006430354999998000, 8.475000001229034297, -0.5810628363798602258 ) ) ;
#662 = CARTESIAN_POINT ( 'NONE',  ( 0.6249999993749997262, 8.109375000614518214, 1.082531753648015238 ) ) ;
#663 = DIRECTION ( 'NONE',  ( -0.7071067811865522357, -0.7071067811865427988, 8.659560562354990790E-17 ) ) ;
#664 = VERTEX_POINT ( 'NONE', #3244 ) ;
#665 = CARTESIAN_POINT ( 'NONE',  ( 3.317148759599480280E-17, 9.562500000000000000, 1.162125672759719563 ) ) ;
#666 = CARTESIAN_POINT ( 'NONE',  ( 0.6249999993749997262, 8.503125000614515372, 1.082531753648015238 ) ) ;
#667 = VERTEX_POINT ( 'NONE', #24 ) ;
#668 = CARTESIAN_POINT ( 'NONE',  ( 2.073393348823063451E-16, 3.065625000614517592, 1.443375671530686910 ) ) ;
#669 = B_SPLINE_CURVE_WITH_KNOTS ( 'NONE', 3,
 ( #3725, #2284, #3306, #3695, #478, #4113, #5045, #5935, #1836, #930 ),
 .UNSPECIFIED., .F., .F.,
 ( 4, 2, 2, 2, 4 ),
 ( 0.000000000000000000, 0.1250000000000000278, 0.2500000000000000555, 0.3750000000000000000, 0.5000000000000000000 ),
 .UNSPECIFIED. ) ;
#670 = CARTESIAN_POINT ( 'NONE',  ( 1.249999998749998564, 1.378125000614518036, -1.530808497403381346E-16 ) ) ;
#671 = ORIENTED_EDGE ( 'NONE', *, *, #2709, .T. ) ;
#672 = CARTESIAN_POINT ( 'NONE',  ( -1.006430354999998666, 4.968750000000000888, 0.2634828508014803172 ) ) ;
#673 = AXIS2_PLACEMENT_3D ( 'NONE', #1802, #3631, #5369 ) ;
#674 = CYLINDRICAL_SURFACE ( 'NONE', #5906, 1.006430354999998666 ) ;
#675 = CARTESIAN_POINT ( 'NONE',  ( 8.854848815780763321E-17, 9.365625000614516082, 1.443375671530686910 ) ) ;
#676 = CARTESIAN_POINT ( 'NONE',  ( -1.684590280999806182E-16, 4.246875000614517504, -1.443375671530686910 ) ) ;
#677 = CARTESIAN_POINT ( 'NONE',  ( 1.249999998749998564, -1.321874999385483029, -1.530808497403381346E-16 ) ) ;
#678 = CARTESIAN_POINT ( 'NONE',  ( 1.006430354999998666, 3.374999999999999556, 1.173230260442798796E-14 ) ) ;
#679 = FACE_OUTER_BOUND ( 'NONE', #5172, .T. ) ;
#680 = ORIENTED_EDGE ( 'NONE', *, *, #32, .F. ) ;
#681 = CARTESIAN_POINT ( 'NONE',  ( -1.249999998749998342, 9.346875000614517148, 0.7216878357653442322 ) ) ;
#682 =( BOUNDED_CURVE ( )  B_SPLINE_CURVE ( 2, ( #5453, #3602, #359, #385, #1345, #1772, #5873 ),
 .UNSPECIFIED., .F., .F. ) 
 B_SPLINE_CURVE_WITH_KNOTS ( ( 3, 2, 2, 3 ),
 ( 0.3483928855359155197, 0.3532316754313775675, 0.3580704655057800334, 0.3629092555801824438 ),
 .UNSPECIFIED. ) 
 CURVE ( )  GEOMETRIC_REPRESENTATION_ITEM ( )  RATIONAL_B_SPLINE_CURVE ( ( 1.000000000000000000, 0.8660254037844387076, 1.000000000000000000, 0.8660254037844387076, 1.000000000000000000, 0.8660254037844371533, 1.000000000000001554 ) ) 
 REPRESENTATION_ITEM ( '' )  );
#683 = CARTESIAN_POINT ( 'NONE',  ( -1.006430354999998666, 2.325000001229034829, -0.5810628363798596707 ) ) ;
#684 = CARTESIAN_POINT ( 'NONE',  ( 1.006430354999998444, 10.68750000122903465, 0.000000000000000000 ) ) ;
#685 = CARTESIAN_POINT ( 'NONE',  ( 0.6249999993749998373, 4.509375000614518569, 1.082531753648015238 ) ) ;
#686 = ADVANCED_FACE ( 'NONE', ( #1497 ), #5156, .F. ) ;
#687 = CARTESIAN_POINT ( 'NONE',  ( -1.006430354999998666, 2.662499999999999645, -0.5810628363798596707 ) ) ;
#688 = CARTESIAN_POINT ( 'NONE',  ( -0.6249999993749993932, 0.6281250006145173703, -1.082531753648015460 ) ) ;
#689 = CARTESIAN_POINT ( 'NONE',  ( 0.6544186332217120095, 11.44034830109117706, -1.001060479985809826 ) ) ;
#690 = CARTESIAN_POINT ( 'NONE',  ( 0.5032151774999991112, 3.562500001229035540, -0.8715942545697897836 ) ) ;
#691 = CARTESIAN_POINT ( 'NONE',  ( -1.006430354999998444, 10.05000000122903181, 0.5810628363798603369 ) ) ;
#692 = CARTESIAN_POINT ( 'NONE',  ( 0.5032151774999990002, 8.962500001229036783, -0.8715942545697897836 ) ) ;
#693 = CARTESIAN_POINT ( 'NONE',  ( 1.249999998749998342, 7.771875000614516971, -0.7216878357653438991 ) ) ;
#694 = ADVANCED_FACE ( 'NONE', ( #1862 ), #3690, .F. ) ;
#695 = CARTESIAN_POINT ( 'NONE',  ( -2.168404344971008868E-16, 11.50000000000000000, 0.000000000000000000 ) ) ;
#696 = CARTESIAN_POINT ( 'NONE',  ( 0.2634828508014802062, 2.831250000000000266, 1.006430354999998666 ) ) ;
#697 = CARTESIAN_POINT ( 'NONE',  ( 1.006430354999998666, 8.737500000000000711, 0.5810628363798594487 ) ) ;
#698 = CARTESIAN_POINT ( 'NONE',  ( 1.249999998749998342, 8.615625000614517859, -0.7216878357653438991 ) ) ;
#699 = ORIENTED_EDGE ( 'NONE', *, *, #5085, .T. ) ;
#700 = CARTESIAN_POINT ( 'NONE',  ( 0.6249999993749998373, 2.653125000614516171, 1.082531753648015238 ) ) ;
#701 = CARTESIAN_POINT ( 'NONE',  ( 0.6249999993749998373, 1.753125000614516704, 1.082531753648015238 ) ) ;
#702 = ORIENTED_EDGE ( 'NONE', *, *, #2423, .T. ) ;
#703 = CARTESIAN_POINT ( 'NONE',  ( -0.5253432182843933429, 0.5250000000000013545, 0.8979642393405735667 ) ) ;
#704 = EDGE_CURVE ( 'NONE', #1699, #3950, #925, .T. ) ;
#705 = EDGE_LOOP ( 'NONE', ( #5744, #4196, #3079, #2926 ) ) ;
#706 = CARTESIAN_POINT ( 'NONE',  ( 1.006430354999998666, 7.087500001229035895, 0.000000000000000000 ) ) ;
#707 = CARTESIAN_POINT ( 'NONE',  ( 0.6249999993749997262, 10.30312500061451608, 1.082531753648015238 ) ) ;
#708 = ORIENTED_EDGE ( 'NONE', *, *, #5122, .T. ) ;
#709 = CARTESIAN_POINT ( 'NONE',  ( -0.6249999993749983940, 4.434375000614517504, 1.082531753648015904 ) ) ;
#710 = CARTESIAN_POINT ( 'NONE',  ( 1.249999998749999008, -0.009374999385483586203, 0.7216878357653431220 ) ) ;
#711 = CARTESIAN_POINT ( 'NONE',  ( 1.006430354999998444, 9.674999999999998934, 0.000000000000000000 ) ) ;
#712 = CARTESIAN_POINT ( 'NONE',  ( 1.249999998749998342, 13.07812500061451644, -1.530808497403381346E-16 ) ) ;
#713 = CARTESIAN_POINT ( 'NONE',  ( -0.6249999993749995042, 10.13437500061451679, -1.082531753648015460 ) ) ;
#714 = CARTESIAN_POINT ( 'NONE',  ( 0.5032151774999997773, 1.612500001229035362, 0.8715942545697895616 ) ) ;
#715 = CARTESIAN_POINT ( 'NONE',  ( -1.249999998749999008, 10.17187500061451821, -0.7216878357653433440 ) ) ;
#716 = CARTESIAN_POINT ( 'NONE',  ( -1.249999998749998564, 4.321875000614517681, -0.7216878357653433440 ) ) ;
#717 = CARTESIAN_POINT ( 'NONE',  ( -1.006430354999998666, -0.9374999999999991118, -0.5810628363798596707 ) ) ;
#718 = CARTESIAN_POINT ( 'NONE',  ( 0.6249999993749998373, 2.653125000614516171, 1.082531753648015238 ) ) ;
#719 =( LENGTH_UNIT ( ) NAMED_UNIT ( * ) SI_UNIT ( .MILLI., .METRE. ) );
#720 =( BOUNDED_CURVE ( )  B_SPLINE_CURVE ( 2, ( #2287, #5440, #2234, #4571, #4148, #1840, #4061 ),
 .UNSPECIFIED., .F., .T. ) 
 B_SPLINE_CURVE_WITH_KNOTS ( ( 3, 2, 2, 3 ),
 ( 0.8285714284094950477, 0.8333333333333333703, 0.8380952380952381153, 0.8416162549338148668 ),
 .UNSPECIFIED. ) 
 CURVE ( )  GEOMETRIC_REPRESENTATION_ITEM ( )  RATIONAL_B_SPLINE_CURVE ( ( 1.000000000000000000, 0.8660254037844387076, 1.000000000000000000, 0.8660254037844387076, 1.000000000000000000, 0.9009373700645320060, 0.9483712391211862602 ) ) 
 REPRESENTATION_ITEM ( '' )  );
#721 = CARTESIAN_POINT ( 'NONE',  ( -0.5032151774999995553, 6.787500001229035185, -0.8715942545697896726 ) ) ;
#722 = CARTESIAN_POINT ( 'NONE',  ( -0.5032151774999995553, 9.487500001229035362, -0.8715942545697896726 ) ) ;
#723 = CARTESIAN_POINT ( 'NONE',  ( 1.468832789600167958E-16, 6.271875000614517859, 1.443375671530686910 ) ) ;
#724 = CARTESIAN_POINT ( 'NONE',  ( -0.6249999993749983940, 1.734375000614518658, 1.082531753648015904 ) ) ;
#725 = CARTESIAN_POINT ( 'NONE',  ( -1.006430354999998888, 13.46250000000000036, -0.5810628363798596707 ) ) ;
#726 = CARTESIAN_POINT ( 'NONE',  ( 1.006430354999998444, 11.00625000000000320, 0.2634828508014804838 ) ) ;
#727 = CARTESIAN_POINT ( 'NONE',  ( 0.5032151774999990002, 8.849999999999999645, -0.8715942545697897836 ) ) ;
#728 = CARTESIAN_POINT ( 'NONE',  ( 1.249999998749998564, 8.090625000614515727, 0.7216878357653431220 ) ) ;
#729 = ORIENTED_EDGE ( 'NONE', *, *, #4582, .T. ) ;
#730 = CARTESIAN_POINT ( 'NONE',  ( -1.164880326580124679E-16, 1.490625000614517859, -1.443375671530686910 ) ) ;
#731 = CARTESIAN_POINT ( 'NONE',  ( 2.667347582445557441E-16, -0.08437499938548226330, 1.443375671530686910 ) ) ;
#732 = ORIENTED_EDGE ( 'NONE', *, *, #1906, .F. ) ;
#733 = DIRECTION ( 'NONE',  ( -1.885568995626964287E-17, 1.000000000000000000, -0.000000000000000000 ) ) ;
#734 = ORIENTED_EDGE ( 'NONE', *, *, #652, .T. ) ;
#735 = CARTESIAN_POINT ( 'NONE',  ( -1.006430354999998888, 11.50000000000000000, 0.000000000000000000 ) ) ;
#736 = CARTESIAN_POINT ( 'NONE',  ( 1.249999998749998342, 9.065625000614515372, -0.7216878357653438991 ) ) ;
#737 = ORIENTED_EDGE ( 'NONE', *, *, #3593, .F. ) ;
#738 = EDGE_CURVE ( 'NONE', #5917, #482, #1701, .T. ) ;
#739 = CARTESIAN_POINT ( 'NONE',  ( -1.249999998749998564, 3.421875000614518658, -0.7216878357653433440 ) ) ;
#740 = CARTESIAN_POINT ( 'NONE',  ( 1.249999998749998342, 13.07812500061451644, -1.530808497403381346E-16 ) ) ;
#741 = CARTESIAN_POINT ( 'NONE',  ( 2.911293071254795939E-16, -1.378124999385482274, 1.443375671530686910 ) ) ;
#742 = CARTESIAN_POINT ( 'NONE',  ( 1.006430354999998444, 9.225000000000001421, 0.000000000000000000 ) ) ;
#743 = CARTESIAN_POINT ( 'NONE',  ( 0.6249999993749988381, 9.159375000614515372, -1.082531753648015460 ) ) ;
#744 = CARTESIAN_POINT ( 'NONE',  ( 1.006430354999998444, 1.275000001229036117, -0.5810628363798602258 ) ) ;
#745 = CARTESIAN_POINT ( 'NONE',  ( -1.249999998749998342, 11.14687500061451786, 0.7216878357653442322 ) ) ;
#746 = CARTESIAN_POINT ( 'NONE',  ( 1.249999998749998342, 5.971875000614517148, -0.7216878357653438991 ) ) ;
#747 = CARTESIAN_POINT ( 'NONE',  ( -6.903840914752738418E-17, -0.1124999999999997669, -1.162125672759719563 ) ) ;
#748 = CARTESIAN_POINT ( 'NONE',  ( -0.6249999993749983940, 2.128125000614517148, 1.082531753648015904 ) ) ;
#749 = CARTESIAN_POINT ( 'NONE',  ( -0.8979642393405731227, 2.662500000000002309, -0.5253432182843935649 ) ) ;
#750 = CARTESIAN_POINT ( 'NONE',  ( 1.074157667756321971E-16, 5.625000001229036428, 1.162125672759719341 ) ) ;
#751 = FACE_OUTER_BOUND ( 'NONE', #3314, .T. ) ;
#752 = CARTESIAN_POINT ( 'NONE',  ( -0.5032151774999995553, 8.137500001229035718, -0.8715942545697896726 ) ) ;
#753 = CARTESIAN_POINT ( 'NONE',  ( -1.249999998749998564, 4.809375000614518392, 0.000000000000000000 ) ) ;
#754 = CARTESIAN_POINT ( 'NONE',  ( 0.6249999993749989491, -0.2906249993854820857, -1.082531753648015460 ) ) ;
#755 = CARTESIAN_POINT ( 'NONE',  ( -0.5253432182843933429, 2.775000000000002576, 0.8979642393405733447 ) ) ;
#756 = CARTESIAN_POINT ( 'NONE',  ( -0.5032151774999987781, 7.725000000000000533, 0.8715942545697901167 ) ) ;
#757 = CARTESIAN_POINT ( 'NONE',  ( 0.6249999993749997262, 9.403125000614517504, 1.082531753648015238 ) ) ;
#758 = CARTESIAN_POINT ( 'NONE',  ( 0.6249999993749998373, 1.753125000614516704, 1.082531753648015238 ) ) ;
#759 = CARTESIAN_POINT ( 'NONE',  ( -0.6249999993749983940, 1.678125000614517859, 1.082531753648015904 ) ) ;
#760 = CARTESIAN_POINT ( 'NONE',  ( 0.5253432182843933429, 0.6000000000000011990, 0.8979642393405735667 ) ) ;
#761 = ORIENTED_EDGE ( 'NONE', *, *, #5139, .F. ) ;
#762 = FACE_OUTER_BOUND ( 'NONE', #4699, .T. ) ;
#763 = B_SPLINE_CURVE_WITH_KNOTS ( 'NONE', 3,
 ( #1308, #4125, #5918, #4094, #5056, #910, #883, #4943, #4042, #5504 ),
 .UNSPECIFIED., .F., .F.,
 ( 4, 2, 2, 2, 4 ),
 ( 0.000000000000000000, 0.1250000000000000278, 0.2500000000000000555, 0.3750000000000000000, 0.5000000000000000000 ),
 .UNSPECIFIED. ) ;
#764 = CARTESIAN_POINT ( 'NONE',  ( 0.6249999993749987270, 10.45312500061451644, -1.082531753648015460 ) ) ;
#765 = AXIS2_PLACEMENT_3D ( 'NONE', #3605, #781, #3548 ) ;
#766 = EDGE_LOOP ( 'NONE', ( #4037, #2713, #279, #1574 ) ) ;
#767 = CARTESIAN_POINT ( 'NONE',  ( -0.6249999993749983940, 0.3843750006145181253, 1.082531753648015904 ) ) ;
#768 = CARTESIAN_POINT ( 'NONE',  ( 1.006430354999998666, 8.850000001229034297, 0.5810628363798593377 ) ) ;
#769 = CARTESIAN_POINT ( 'NONE',  ( -1.430038466590165689E-16, 2.896875000614517415, -1.443375671530686910 ) ) ;
#770 = CARTESIAN_POINT ( 'NONE',  ( 2.826442466451581455E-16, -0.9281249993854812086, 1.443375671530686910 ) ) ;
#771 = CARTESIAN_POINT ( 'NONE',  ( -0.8979642393405736778, 3.637499999999999734, 0.5253432182843934539 ) ) ;
#772 = CARTESIAN_POINT ( 'NONE',  ( -1.249999998749998786, 10.60312500061451679, 0.000000000000000000 ) ) ;
#773 = CARTESIAN_POINT ( 'NONE',  ( 1.006430354999998444, -1.874999998770964016, -0.5810628363798602258 ) ) ;
#774 = AXIS2_PLACEMENT_3D ( 'NONE', #447, #3787, #1474 ) ;
#775 = CARTESIAN_POINT ( 'NONE',  ( 7.051773463712478344E-17, 10.32187500061451679, 1.443375671530686910 ) ) ;
#776 = CARTESIAN_POINT ( 'NONE',  ( 1.249999998749998564, 4.584375000614516971, -1.530808497403381346E-16 ) ) ;
#777 = CARTESIAN_POINT ( 'NONE',  ( 0.5032151774999992222, -1.499999999999999556, -0.8715942545697897836 ) ) ;
#778 = CARTESIAN_POINT ( 'NONE',  ( 1.249999998749999008, 0.4406250006145171483, 0.7216878357653431220 ) ) ;
#779 = CARTESIAN_POINT ( 'NONE',  ( -1.006430354999998444, 10.78125000000000178, -0.2634828508014804282 ) ) ;
#780 = CARTESIAN_POINT ( 'NONE',  ( 0.5032151774999996663, 5.662500001229035185, 0.8715942545697895616 ) ) ;
#781 = DIRECTION ( 'NONE',  ( -1.885568995626964287E-17, 1.000000000000000000, -0.000000000000000000 ) ) ;
#782 = CARTESIAN_POINT ( 'NONE',  ( -1.006430354999998666, 5.962500001229035007, 0.000000000000000000 ) ) ;
#783 = CARTESIAN_POINT ( 'NONE',  ( -0.6249999993749985050, 4.884375000614516793, 1.082531753648015904 ) ) ;
#784 = CARTESIAN_POINT ( 'NONE',  ( -1.249999998749998564, 0.2718750006145184139, -0.7216878357653433440 ) ) ;
#785 = CARTESIAN_POINT ( 'NONE',  ( -0.2634828508014800952, 7.106249999999998401, -1.006430354999998666 ) ) ;
#786 = DIRECTION ( 'NONE',  ( -1.000000000000000000, 0.000000000000000000, 0.000000000000000000 ) ) ;
#787 = CARTESIAN_POINT ( 'NONE',  ( 0.5032151774999996663, 7.350000000000000533, 0.8715942545697895616 ) ) ;
#788 = CARTESIAN_POINT ( 'NONE',  ( -2.522490003431538916E-16, 8.690625000614515372, -1.443375671530686910 ) ) ;
#789 = CARTESIAN_POINT ( 'NONE',  ( 0.9703991295750908908, 0.2435665981791107215, -0.2668849728123994236 ) ) ;
#790 = CARTESIAN_POINT ( 'NONE',  ( 1.018994216155444832, -2.170514652415948209, -0.8550590865306694210 ) ) ;
#791 = EDGE_CURVE ( 'NONE', #1520, #1729, #5629, .T. ) ;
#792 = DIRECTION ( 'NONE',  ( -1.885568995626964287E-17, 1.000000000000000000, -0.000000000000000000 ) ) ;
#793 = ORIENTED_EDGE ( 'NONE', *, *, #3046, .T. ) ;
#794 = CARTESIAN_POINT ( 'NONE',  ( 0.5032151774999997773, 1.612500001229035362, 0.8715942545697895616 ) ) ;
#795 = CARTESIAN_POINT ( 'NONE',  ( 1.249999998749998342, 9.965625000614515727, -0.7216878357653438991 ) ) ;
#796 = ORIENTED_EDGE ( 'NONE', *, *, #5894, .T. ) ;
#797 = CARTESIAN_POINT ( 'NONE',  ( 1.232169463634896323, 0.01783053636510032250, 1.741188461077147823E-11 ) ) ;
#798 = CARTESIAN_POINT ( 'NONE',  ( 1.249999998749998564, 3.684375000614517059, -1.530808497403381346E-16 ) ) ;
#799 = CARTESIAN_POINT ( 'NONE',  ( 0.6249999993749999483, -1.340624999385482630, 1.082531753648015238 ) ) ;
#800 = CARTESIAN_POINT ( 'NONE',  ( 0.6249999993749997262, 9.853125000614516793, 1.082531753648015238 ) ) ;
#801 = CARTESIAN_POINT ( 'NONE',  ( 0.5032151774999991112, -0.9374999987709631277, -0.8715942545697897836 ) ) ;
#802 = CARTESIAN_POINT ( 'NONE',  ( -1.249999998749998786, 10.65937500061451715, 0.000000000000000000 ) ) ;
#803 = CARTESIAN_POINT ( 'NONE',  ( -0.6249999993749993932, 2.934375000614518392, -1.082531753648015460 ) ) ;
#804 = CARTESIAN_POINT ( 'NONE',  ( 0.5032151774999991112, -0.1499999999999990785, -0.8715942545697897836 ) ) ;
#805 = DIRECTION ( 'NONE',  ( -1.885568995626964287E-17, 1.000000000000000000, -0.000000000000000000 ) ) ;
#806 = CARTESIAN_POINT ( 'NONE',  ( 1.006430354999998666, 5.625000000000000000, 0.000000000000000000 ) ) ;
#807 = DIRECTION ( 'NONE',  ( -1.885568995626964287E-17, 1.000000000000000000, -0.000000000000000000 ) ) ;
#808 = B_SPLINE_CURVE_WITH_KNOTS ( 'NONE', 3,
 ( #1831, #5039, #4537, #2338, #1806, #5517, #85, #1408, #924, #4169 ),
 .UNSPECIFIED., .F., .F.,
 ( 4, 2, 2, 2, 4 ),
 ( 0.5000000000000000000, 0.6250000000000000000, 0.7500000000000000000, 0.8750000000000000000, 1.000000000000000000 ),
 .UNSPECIFIED. ) ;
#809 = CARTESIAN_POINT ( 'NONE',  ( -0.5032151774999995553, 6.337500001229035007, -0.8715942545697896726 ) ) ;
#810 = CARTESIAN_POINT ( 'NONE',  ( -1.249999998749998564, 4.321875000614518569, -0.7216878357653433440 ) ) ;
#811 = CARTESIAN_POINT ( 'NONE',  ( 1.249999998749999008, 0.04687500061451715938, 0.7216878357653431220 ) ) ;
#812 = FACE_OUTER_BOUND ( 'NONE', #1060, .T. ) ;
#813 = CARTESIAN_POINT ( 'NONE',  ( 1.249999998749998564, 10.84687500061451892, 0.7216878357653431220 ) ) ;
#814 = CARTESIAN_POINT ( 'NONE',  ( 1.006430354999998000, 7.912499999999999645, -0.5810628363798602258 ) ) ;
#815 = CARTESIAN_POINT ( 'NONE',  ( 1.249999998749999008, 5.840625000614516615, 0.7216878357653431220 ) ) ;
#816 = CARTESIAN_POINT ( 'NONE',  ( 1.006430354999998444, 11.13750000122903572, -1.232521712815482580E-16 ) ) ;
#817 = CARTESIAN_POINT ( 'NONE',  ( 1.006430354999998444, 12.48750000122903536, -1.232521712815482580E-16 ) ) ;
#818 = CARTESIAN_POINT ( 'NONE',  ( -0.8979642393405733447, 6.787500000000001421, 0.5253432182843934539 ) ) ;
#819 = ORIENTED_EDGE ( 'NONE', *, *, #434, .T. ) ;
#820 = CARTESIAN_POINT ( 'NONE',  ( 0.000000000000000000, 0.000000000000000000, 0.000000000000000000 ) ) ;
#821 = CARTESIAN_POINT ( 'NONE',  ( 0.6249999993749997262, 6.253125000614517148, 1.082531753648015238 ) ) ;
#822 = CARTESIAN_POINT ( 'NONE',  ( 0.6249999993749997262, 5.803125000614516082, 1.082531753648015238 ) ) ;
#823 = ORIENTED_EDGE ( 'NONE', *, *, #2391, .T. ) ;
#824 = CARTESIAN_POINT ( 'NONE',  ( -2.168404344971008868E-16, 11.50000000000000000, 0.000000000000000000 ) ) ;
#825 = CARTESIAN_POINT ( 'NONE',  ( 1.249999998749998342, 1.921875000614517326, -0.7216878357653438991 ) ) ;
#826 = CARTESIAN_POINT ( 'NONE',  ( -7.512336281644588165E-17, -0.7031249993854818969, -1.443375671530686910 ) ) ;
#827 = CARTESIAN_POINT ( 'NONE',  ( -1.249999998749998342, 11.54062500061451679, 0.7216878357653442322 ) ) ;
#828 = AXIS2_PLACEMENT_3D ( 'NONE', #2012, #2457, #2910 ) ;
#829 = CARTESIAN_POINT ( 'NONE',  ( -1.006430354999998000, -0.7499999987709649041, 0.5810628363798603369 ) ) ;
#830 = CARTESIAN_POINT ( 'NONE',  ( 0.6249999993749997262, 9.909375000614517148, 1.082531753648015238 ) ) ;
#831 = CARTESIAN_POINT ( 'NONE',  ( 1.249999998749998342, 1.921875000614517326, -0.7216878357653438991 ) ) ;
#832 = CARTESIAN_POINT ( 'NONE',  ( 1.006430354999998666, -1.124999999999999334, -1.232521712815482580E-16 ) ) ;
#833 = CARTESIAN_POINT ( 'NONE',  ( -1.006430354999999111, 8.212500001369473779, 2.176072290791853362E-09 ) ) ;
#834 = ADVANCED_FACE ( 'NONE', ( #3537 ), #5234, .F. ) ;
#835 = ORIENTED_EDGE ( 'NONE', *, *, #704, .T. ) ;
#836 = CARTESIAN_POINT ( 'NONE',  ( 0.4687467380920178894, -1.950718360047898674E-07, 1.158782331761703199 ) ) ;
#837 = EDGE_CURVE ( 'NONE', #5259, #1338, #4172, .T. ) ;
#838 = CARTESIAN_POINT ( 'NONE',  ( 1.006430354999998666, 5.287500001229035185, -1.232521712815482580E-16 ) ) ;
#839 = CARTESIAN_POINT ( 'NONE',  ( 0.6249999993749998373, 4.059375000614517504, 1.082531753648015238 ) ) ;
#840 = EDGE_CURVE ( 'NONE', #4459, #2473, #3568, .T. ) ;
#841 = CARTESIAN_POINT ( 'NONE',  ( -1.249999998749998564, 1.209375000614517415, 0.000000000000000000 ) ) ;
#842 = DIRECTION ( 'NONE',  ( -1.885568995626964287E-17, 1.000000000000000000, -0.000000000000000000 ) ) ;
#843 = CARTESIAN_POINT ( 'NONE',  ( 0.6249999993749988381, 9.609375000614516438, -1.082531753648015460 ) ) ;
#844 = CARTESIAN_POINT ( 'NONE',  ( 0.5032151774999990002, 6.600000000000000533, -0.8715942545697897836 ) ) ;
#845 = CARTESIAN_POINT ( 'NONE',  ( 1.249999998749998342, 5.465625000614517504, -0.7216878357653438991 ) ) ;
#846 = VECTOR ( 'NONE', #2518, 1000.000000000000000 ) ;
#847 = CARTESIAN_POINT ( 'NONE',  ( -1.249999998749998564, 0.2531250006145169817, 0.000000000000000000 ) ) ;
#848 = CARTESIAN_POINT ( 'NONE',  ( 1.249999998749998342, -1.734374999385482674, -0.7216878357653438991 ) ) ;
#849 = CARTESIAN_POINT ( 'NONE',  ( -0.5253432182843934539, 5.475000000000000533, 0.8979642393405735667 ) ) ;
#850 = EDGE_LOOP ( 'NONE', ( #4118, #2025, #2425, #3049 ) ) ;
#851 = CARTESIAN_POINT ( 'NONE',  ( -0.5032151774999995553, 9.037500001229034297, -0.8715942545697896726 ) ) ;
#852 = CARTESIAN_POINT ( 'NONE',  ( 1.249999998749998342, 7.678125000614516082, -1.530808497403381346E-16 ) ) ;
#853 = CARTESIAN_POINT ( 'NONE',  ( -0.6249999993749985050, 4.828125000614516438, 1.082531753648015904 ) ) ;
#854 = CARTESIAN_POINT ( 'NONE',  ( -1.006430354999998666, 5.475000001229036961, -0.5810628363798595597 ) ) ;
#855 = CARTESIAN_POINT ( 'NONE',  ( 1.249999998749998564, 9.440625000614517148, 0.7216878357653431220 ) ) ;
#856 = CARTESIAN_POINT ( 'NONE',  ( 1.006430354999998444, -0.9749999987709642157, -0.5810628363798602258 ) ) ;
#857 = CARTESIAN_POINT ( 'NONE',  ( -2.278544514622299926E-16, 7.396875000614517859, -1.443375671530686910 ) ) ;
#858 = CARTESIAN_POINT ( 'NONE',  ( -0.6249999993749993932, 3.384375000614517237, -1.082531753648015460 ) ) ;
#859 = CARTESIAN_POINT ( 'NONE',  ( 1.249999998749998342, 12.72187500061451892, -0.7216878357653438991 ) ) ;
#860 = LINE ( 'NONE', #4925, #2992 ) ;
#861 = CARTESIAN_POINT ( 'NONE',  ( -0.2634828508014804282, 5.756249999999999645, -1.006430354999998888 ) ) ;
#862 = VERTEX_POINT ( 'NONE', #2603 ) ;
#863 = CARTESIAN_POINT ( 'NONE',  ( -1.006430354999998666, 2.775000001229035895, -0.5810628363798595597 ) ) ;
#864 = CARTESIAN_POINT ( 'NONE',  ( 0.5032151774999990002, 5.812500001229034652, -0.8715942545697897836 ) ) ;
#865 = AXIS2_PLACEMENT_3D ( 'NONE', #5574, #4558, #5484 ) ;
#866 = CARTESIAN_POINT ( 'NONE',  ( 1.249999998749998342, 3.721875000614518481, -0.7216878357653438991 ) ) ;
#867 = ADVANCED_FACE ( 'NONE', ( #1525 ), #5328, .F. ) ;
#868 = CARTESIAN_POINT ( 'NONE',  ( 0.5032151774999991112, 1.762500001229036162, -0.8715942545697897836 ) ) ;
#869 = CARTESIAN_POINT ( 'NONE',  ( 1.006430354999998666, 4.387500001229036606, -1.173230260442801636E-14 ) ) ;
#870 = CARTESIAN_POINT ( 'NONE',  ( -2.787648143441579926E-16, 10.09687500061451715, -1.443375671530686910 ) ) ;
#871 = CARTESIAN_POINT ( 'NONE',  ( 1.010519714385654900E-16, 5.962500000000000355, 1.162125672759719563 ) ) ;
#872 = CARTESIAN_POINT ( 'NONE',  ( -2.013386374612258177E-16, 5.990625000614516971, -1.443375671530686910 ) ) ;
#873 = CARTESIAN_POINT ( 'NONE',  ( -1.249999998749998564, 0.7031250006145177700, 0.000000000000000000 ) ) ;
#874 = CARTESIAN_POINT ( 'NONE',  ( 2.921899396855197441E-16, -1.434374999385482852, 1.443375671530686910 ) ) ;
#875 =( BOUNDED_CURVE ( )  B_SPLINE_CURVE ( 2, ( #1531, #179, #4774, #5190, #3938, #691, #4295 ),
 .UNSPECIFIED., .F., .T. ) 
 B_SPLINE_CURVE_WITH_KNOTS ( ( 3, 2, 2, 3 ),
 ( 0.1887128129016948652, 0.1935516029760972756, 0.1983903930504997415, 0.2032291830127715138 ),
 .UNSPECIFIED. ) 
 CURVE ( )  GEOMETRIC_REPRESENTATION_ITEM ( )  RATIONAL_B_SPLINE_CURVE ( ( 0.9999999999999991118, 0.8660254037844394848, 1.000000000000000000, 0.8660254037844387076, 1.000000000000000000, 0.8660254037844387076, 1.000000000000000000 ) ) 
 REPRESENTATION_ITEM ( '' )  );
#876 = LINE ( 'NONE', #2711, #1553 ) ;
#877 = ORIENTED_EDGE ( 'NONE', *, *, #4811, .T. ) ;
#878 = CARTESIAN_POINT ( 'NONE',  ( 0.000000000000000000, 0.000000000000000000, 0.000000000000000000 ) ) ;
#879 = CARTESIAN_POINT ( 'NONE',  ( -0.6249999993749985050, 6.628125000614516260, 1.082531753648015904 ) ) ;
#880 = CIRCLE ( 'NONE', #3958, 1.006430354999998666 ) ;
#881 = CARTESIAN_POINT ( 'NONE',  ( -1.249999998749998342, 5.240625000614516971, 0.7216878357653442322 ) ) ;
#882 = EDGE_CURVE ( 'NONE', #3407, #546, #1044, .T. ) ;
#883 = CARTESIAN_POINT ( 'NONE',  ( 0.5253432182843934539, 7.950000000000000178, -0.8979642393405731227 ) ) ;
#884 = CARTESIAN_POINT ( 'NONE',  ( 1.249999998749998564, 10.79062500061451679, 0.7216878357653431220 ) ) ;
#885 = CARTESIAN_POINT ( 'NONE',  ( -1.006430354999998666, 4.499999999478868418, -8.074933260716615098E-09 ) ) ;
#886 = CARTESIAN_POINT ( 'NONE',  ( -0.6249999993749995042, 7.434375000614517504, -1.082531753648015460 ) ) ;
#887 = CARTESIAN_POINT ( 'NONE',  ( -0.6249999993749993932, 2.034375000614518481, -1.082531753648015460 ) ) ;
#888 = CARTESIAN_POINT ( 'NONE',  ( -1.249999998749999008, 12.42187500061451821, -0.7216878357653433440 ) ) ;
#889 = CARTESIAN_POINT ( 'NONE',  ( -2.168404344971008868E-16, 11.50000000000000000, 0.000000000000000000 ) ) ;
#890 = FACE_OUTER_BOUND ( 'NONE', #1857, .T. ) ;
#891 = ORIENTED_EDGE ( 'NONE', *, *, #3639, .T. ) ;
#892 = CARTESIAN_POINT ( 'NONE',  ( -1.006430354999998888, 9.525000001229035007, -0.5810628363798595597 ) ) ;
#893 = CARTESIAN_POINT ( 'NONE',  ( -1.899505210152807880E-16, 6.300000001229034474, -1.162125672759719563 ) ) ;
#894 = CARTESIAN_POINT ( 'NONE',  ( 2.317338837632302441E-16, 1.771875000614518081, 1.443375671530686910 ) ) ;
#895 = CARTESIAN_POINT ( 'NONE',  ( -1.089525141676651820, 0.1604747986833542361, -2.852924854312509332E-11 ) ) ;
#896 = CARTESIAN_POINT ( 'NONE',  ( 1.006430354999998888, 6.993750000000000355, -0.2634828508014801507 ) ) ;
#897 = CARTESIAN_POINT ( 'NONE',  ( -0.6249999993749985050, 9.834375000614517859, 1.082531753648015904 ) ) ;
#898 = CARTESIAN_POINT ( 'NONE',  ( -1.006430354999998666, 4.950000000000001066, 0.000000000000000000 ) ) ;
#899 = CARTESIAN_POINT ( 'NONE',  ( -1.249999998749998342, 7.040625000614515905, 0.7216878357653442322 ) ) ;
#900 = CARTESIAN_POINT ( 'NONE',  ( -0.6249999993749993932, 0.1781250006145165821, -1.082531753648015460 ) ) ;
#901 = CARTESIAN_POINT ( 'NONE',  ( -1.249999998749998564, -1.584374999385481875, -0.7216878357653433440 ) ) ;
#902 = DIRECTION ( 'NONE',  ( -1.885568995626964287E-17, 1.000000000000000000, -0.000000000000000000 ) ) ;
#903 = ORIENTED_EDGE ( 'NONE', *, *, #3528, .T. ) ;
#904 = FACE_OUTER_BOUND ( 'NONE', #3503, .T. ) ;
#905 = CARTESIAN_POINT ( 'NONE',  ( -3.066201025965248449E-16, 12.48750000000000071, -1.162125672759719563 ) ) ;
#906 = CARTESIAN_POINT ( 'NONE',  ( -0.6249999993749985050, 7.978125000614515905, 1.082531753648015904 ) ) ;
#907 = EDGE_CURVE ( 'NONE', #4494, #514, #2840, .T. ) ;
#908 = CARTESIAN_POINT ( 'NONE',  ( -0.6249999993749983940, 4.378125000614517148, 1.082531753648015904 ) ) ;
#909 = ORIENTED_EDGE ( 'NONE', *, *, #4260, .T. ) ;
#910 = CARTESIAN_POINT ( 'NONE',  ( 0.2634828508014800397, 7.968749999999998224, -1.006430354999998666 ) ) ;
#911 = CARTESIAN_POINT ( 'NONE',  ( -0.6249999993749995042, 6.928125000614516082, -1.082531753648015460 ) ) ;
#912 = EDGE_CURVE ( 'NONE', #1635, #558, #1977, .T. ) ;
#913 = CARTESIAN_POINT ( 'NONE',  ( -1.006430354999998000, 5.062500003129546400, 2.944843162163427893E-08 ) ) ;
#914 = CARTESIAN_POINT ( 'NONE',  ( -2.617946933835152930E-16, 9.196875000614516793, -1.443375671530686910 ) ) ;
#915 = CARTESIAN_POINT ( 'NONE',  ( -1.249999998749998564, 3.009375000614516793, 0.000000000000000000 ) ) ;
#916 = CARTESIAN_POINT ( 'NONE',  ( 0.6249999993749987270, 11.40937500061451715, -1.082531753648015460 ) ) ;
#917 = CARTESIAN_POINT ( 'NONE',  ( -1.006430354999998888, 11.50000000000000000, 0.000000000000000000 ) ) ;
#918 = AXIS2_PLACEMENT_3D ( 'NONE', #2356, #3290, #5201 ) ;
#919 = CARTESIAN_POINT ( 'NONE',  ( 0.8979642393405734557, 1.987500000000001821, 0.5253432182843934539 ) ) ;
#920 = ORIENTED_EDGE ( 'NONE', *, *, #5358, .T. ) ;
#921 = CARTESIAN_POINT ( 'NONE',  ( 0.5253432182843933429, 5.250000000000000000, -0.8979642393405732337 ) ) ;
#922 = CARTESIAN_POINT ( 'NONE',  ( 1.006430354999998888, 4.800000001229037139, 0.5810628363798594487 ) ) ;
#923 = CARTESIAN_POINT ( 'NONE',  ( 2.147637628025875692E-16, 2.671875000614517770, 1.443375671530686910 ) ) ;
#924 = CARTESIAN_POINT ( 'NONE',  ( -1.006430354999998666, 1.368750000000000577, 0.2634828508014802617 ) ) ;
#925 = LINE ( 'NONE', #2762, #3228 ) ;
#926 = CARTESIAN_POINT ( 'NONE',  ( -2.617946933835152930E-16, 9.196875000614516793, -1.443375671530686910 ) ) ;
#927 = CARTESIAN_POINT ( 'NONE',  ( -1.538890139507407709E-16, 4.387500000000001066, -1.162125672759719563 ) ) ;
#928 = CARTESIAN_POINT ( 'NONE',  ( 1.249999998749998342, 6.815625000614516260, -0.7216878357653438991 ) ) ;
#929 = CARTESIAN_POINT ( 'NONE',  ( 1.006430354999998444, 11.50000000000000000, 1.232521712815482580E-16 ) ) ;
#930 = CARTESIAN_POINT ( 'NONE',  ( 1.006430354999998666, 1.125000000000000888, 0.000000000000000000 ) ) ;
#931 = CARTESIAN_POINT ( 'NONE',  ( 1.006430354999998444, 10.12499999999999822, 0.000000000000000000 ) ) ;
#932 = CARTESIAN_POINT ( 'NONE',  ( -0.5032151774999996663, 12.18750000122903465, -0.8715942545697896726 ) ) ;
#933 = CARTESIAN_POINT ( 'NONE',  ( 0.2634828508014802062, 9.318749999999999645, -1.006430354999998666 ) ) ;
#934 = VECTOR ( 'NONE', #842, 1000.000000000000000 ) ;
#935 = ORIENTED_EDGE ( 'NONE', *, *, #2686, .T. ) ;
#936 = CARTESIAN_POINT ( 'NONE',  ( -2.168404344971008868E-16, 11.50000000000000000, 0.000000000000000000 ) ) ;
#937 = CARTESIAN_POINT ( 'NONE',  ( -1.006430354999998888, 11.25000000000000000, 0.000000000000000000 ) ) ;
#938 = CARTESIAN_POINT ( 'NONE',  ( 2.996143676058009437E-16, -1.828124999385481342, 1.443375671530686910 ) ) ;
#939 = CARTESIAN_POINT ( 'NONE',  ( 1.249999998749998564, 8.090625000614515727, 0.7216878357653431220 ) ) ;
#940 = CARTESIAN_POINT ( 'NONE',  ( 1.733990929610209953E-16, 4.865625000614517859, 1.443375671530686910 ) ) ;
#941 = CARTESIAN_POINT ( 'NONE',  ( 1.006430354999998444, 8.775000000000002132, 0.000000000000000000 ) ) ;
#942 =( BOUNDED_CURVE ( )  B_SPLINE_CURVE ( 2, ( #3786, #1529, #3755, #4657, #2344, #5556, #2858 ),
 .UNSPECIFIED., .F., .F. ) 
 B_SPLINE_CURVE_WITH_KNOTS ( ( 3, 2, 2, 3 ),
 ( 0.5951711791514991967, 0.6000099692259015516, 0.6048487593003040175, 0.6096875492506950156 ),
 .UNSPECIFIED. ) 
 CURVE ( )  GEOMETRIC_REPRESENTATION_ITEM ( )  RATIONAL_B_SPLINE_CURVE ( ( 1.000000000000000000, 0.8660254037844387076, 1.000000000000000000, 0.8660254037844387076, 1.000000000000000000, 0.8660254037844387076, 1.000000000000000000 ) ) 
 REPRESENTATION_ITEM ( '' )  );
#943 = CARTESIAN_POINT ( 'NONE',  ( -0.6249999993749995042, 7.828125000614517326, -1.082531753648015460 ) ) ;
#944 = EDGE_CURVE ( 'NONE', #3342, #1540, #763, .T. ) ;
#945 = CARTESIAN_POINT ( 'NONE',  ( 0.5032151774999992222, -2.287499998770963661, -0.8715942545697897836 ) ) ;
#946 = ADVANCED_FACE ( 'NONE', ( #3229 ), #1819, .F. ) ;
#947 = CARTESIAN_POINT ( 'NONE',  ( 1.214280975190527958E-16, 7.621875000614517504, 1.443375671530686910 ) ) ;
#948 = CARTESIAN_POINT ( 'NONE',  ( 1.249999998749998342, 0.1218750006145175591, -0.7216878357653438991 ) ) ;
#949 = CARTESIAN_POINT ( 'NONE',  ( -1.249999998749998786, 12.00937500061451679, 0.000000000000000000 ) ) ;
#950 = CARTESIAN_POINT ( 'NONE',  ( -1.107352603522018697, 11.44361931980734504, -0.4455317905053104433 ) ) ;
#951 = B_SPLINE_CURVE_WITH_KNOTS ( 'NONE', 3,
 ( #5900, #3095, #3998, #1746, #4049, #4926, #5309, #5340, #4894, #5819 ),
 .UNSPECIFIED., .F., .F.,
 ( 4, 2, 2, 2, 4 ),
 ( 0.5000000000000000000, 0.6250000000000000000, 0.7500000000000000000, 0.8750000000000000000, 1.000000000000000000 ),
 .UNSPECIFIED. ) ;
#952 = CARTESIAN_POINT ( 'NONE',  ( -0.6249999993749996152, 11.42812500061451608, -1.082531753648015460 ) ) ;
#953 = VERTEX_POINT ( 'NONE', #2746 ) ;
#954 = CARTESIAN_POINT ( 'NONE',  ( -1.749999999999999778, 11.50000000000000000, 0.000000000000000000 ) ) ;
#955 = CARTESIAN_POINT ( 'NONE',  ( -0.5032151774999994442, 4.087500001229035007, -0.8715942545697896726 ) ) ;
#956 = CARTESIAN_POINT ( 'NONE',  ( 0.6249999993749998373, 2.709375000614516971, 1.082531753648015238 ) ) ;
#957 = ADVANCED_FACE ( 'NONE', ( #1281 ), #5417, .F. ) ;
#958 = CARTESIAN_POINT ( 'NONE',  ( 1.006430354999998666, 3.843750000000001332, -0.2634828508014800952 ) ) ;
#959 = CARTESIAN_POINT ( 'NONE',  ( -2.168404344971008868E-16, 11.50000000000000000, 0.000000000000000000 ) ) ;
#960 = CARTESIAN_POINT ( 'NONE',  ( 1.249999998749998564, 7.284375000614517148, -1.530808497403381346E-16 ) ) ;
#961 = CARTESIAN_POINT ( 'NONE',  ( -1.006430354999998666, 4.912499999999999645, -0.5810628363798596707 ) ) ;
#962 = CARTESIAN_POINT ( 'NONE',  ( -0.6249999993749983940, 3.478125000614517237, 1.082531753648015904 ) ) ;
#963 = CARTESIAN_POINT ( 'NONE',  ( 1.006430354999998666, 2.137500001229035718, 0.000000000000000000 ) ) ;
#964 = CARTESIAN_POINT ( 'NONE',  ( -0.5032151774999987781, 6.487500001229035362, 0.8715942545697901167 ) ) ;
#965 = FACE_OUTER_BOUND ( 'NONE', #4534, .T. ) ;
#966 = CARTESIAN_POINT ( 'NONE',  ( -1.137507994886654090E-17, 11.92500000122903714, 1.162125672759719563 ) ) ;
#967 = CARTESIAN_POINT ( 'NONE',  ( 1.006430354999998000, 7.406250000000000888, 0.2634828508014803172 ) ) ;
#968 = ORIENTED_EDGE ( 'NONE', *, *, #3494, .F. ) ;
#969 = CIRCLE ( 'NONE', #865, 1.749999999999999556 ) ;
#970 = CARTESIAN_POINT ( 'NONE',  ( -1.006430354999998444, 11.73750000000000071, 0.5810628363798603369 ) ) ;
#971 = CARTESIAN_POINT ( 'NONE',  ( -0.6249999993749986160, 12.47812500061451679, 1.082531753648015904 ) ) ;
#972 = CARTESIAN_POINT ( 'NONE',  ( 0.6249999993749989491, 3.703125000614516882, -1.082531753648015460 ) ) ;
#973 = CARTESIAN_POINT ( 'NONE',  ( -1.249730931383337437E-16, 1.940625000614516926, -1.443375671530686910 ) ) ;
#974 = CARTESIAN_POINT ( 'NONE',  ( -0.5253432182843934539, 8.625000000000000000, 0.8979642393405733447 ) ) ;
#975 = CARTESIAN_POINT ( 'NONE',  ( 1.140036695987716455E-16, 8.015625000614518214, 1.443375671530686910 ) ) ;
#976 = CARTESIAN_POINT ( 'NONE',  ( -0.5032151774999993332, -2.212499998770963039, -0.8715942545697896726 ) ) ;
#977 = CARTESIAN_POINT ( 'NONE',  ( -1.249999998749998564, 7.509375000614517681, 0.000000000000000000 ) ) ;
#978 = CARTESIAN_POINT ( 'NONE',  ( -1.249999998749998342, -0.1031249993854819330, 0.7216878357653442322 ) ) ;
#979 = CARTESIAN_POINT ( 'NONE',  ( -1.249999998749998786, 12.45937500061451786, 0.000000000000000000 ) ) ;
#980 = CARTESIAN_POINT ( 'NONE',  ( -0.9631274078402900507, 11.40729573917667317, -0.6417329820275753383 ) ) ;
#981 = CARTESIAN_POINT ( 'NONE',  ( -1.249999998749998342, 10.64062500061451466, 0.7216878357653442322 ) ) ;
#982 = VERTEX_POINT ( 'NONE', #2661 ) ;
#983 = CARTESIAN_POINT ( 'NONE',  ( -1.006430354999998666, 11.24999999876646584, -1.911364270665279385E-08 ) ) ;
#984 = CARTESIAN_POINT ( 'NONE',  ( -1.006430354999998000, 4.200000001229034829, 0.5810628363798603369 ) ) ;
#985 = CARTESIAN_POINT ( 'NONE',  ( -0.6249999993749983940, 3.534375000614518036, 1.082531753648015904 ) ) ;
#986 = CARTESIAN_POINT ( 'NONE',  ( -0.7812231215638579807, 0.1945003487458288050, 0.7141730756006741121 ) ) ;
#987 = CYLINDRICAL_SURFACE ( 'NONE', #3137, 1.006430354999998666 ) ;
#988 = CARTESIAN_POINT ( 'NONE',  ( -1.249999998749998564, 6.609375000614518214, 0.000000000000000000 ) ) ;
#989 = CARTESIAN_POINT ( 'NONE',  ( 1.265071528795295393E-16, 4.612499999999999822, 1.162125672759719563 ) ) ;
#990 = CARTESIAN_POINT ( 'NONE',  ( 1.249999998749998342, 4.115625000614516082, -0.7216878357653438991 ) ) ;
#991 = CARTESIAN_POINT ( 'NONE',  ( 1.006430354999971799, 4.800000001229035362, 0.5810628363798752138 ) ) ;
#992 = FACE_OUTER_BOUND ( 'NONE', #4062, .T. ) ;
#993 = CARTESIAN_POINT ( 'NONE',  ( -0.2634828508014802062, 9.993749999999993250, 1.006430354999998444 ) ) ;
#994 = CARTESIAN_POINT ( 'NONE',  ( 1.006430354999998000, 12.07500000122903394, -0.5810628363798602258 ) ) ;
#995 = CARTESIAN_POINT ( 'NONE',  ( -1.006430354999998222, 1.012499999349133928, -2.912909007455426627E-08 ) ) ;
#996 = ORIENTED_EDGE ( 'NONE', *, *, #1759, .F. ) ;
#997 = CARTESIAN_POINT ( 'NONE',  ( 1.006430354999998444, 11.47499999999999964, -1.232521712815482580E-16 ) ) ;
#998 = CARTESIAN_POINT ( 'NONE',  ( -1.249999998749999008, 12.36562500061451608, -0.7216878357653433440 ) ) ;
#999 = CARTESIAN_POINT ( 'NONE',  ( -0.6249999993749993932, 3.328125000614516438, -1.082531753648015460 ) ) ;
#1000 = CARTESIAN_POINT ( 'NONE',  ( 1.249999998749998564, 3.628125000614516704, -1.530808497403381346E-16 ) ) ;
#1001 = VERTEX_POINT ( 'NONE', #941 ) ;
#1002 = CARTESIAN_POINT ( 'NONE',  ( 0.5032151774999990002, 8.062500001229034652, -0.8715942545697897836 ) ) ;
#1003 = CARTESIAN_POINT ( 'NONE',  ( -2.352788793825111921E-16, 7.790625000614516793, -1.443375671530686910 ) ) ;
#1004 = CARTESIAN_POINT ( 'NONE',  ( -1.006430354999998222, 4.612499999224610292, -3.105860804094248348E-08 ) ) ;
#1005 = CARTESIAN_POINT ( 'NONE',  ( -1.939142095409446428E-16, 5.596875000614517148, -1.443375671530686910 ) ) ;
#1006 = CARTESIAN_POINT ( 'NONE',  ( -0.6249999993749983940, 0.8343750006145171927, 1.082531753648015904 ) ) ;
#1007 = CARTESIAN_POINT ( 'NONE',  ( 5.354761367648210856E-17, 11.22187500061451892, 1.443375671530686910 ) ) ;
#1008 = CARTESIAN_POINT ( 'NONE',  ( -0.9563952775174267007, 11.40579293092503832, -0.6490426462415842535 ) ) ;
#1009 = ORIENTED_EDGE ( 'NONE', *, *, #2968, .T. ) ;
#1010 = CARTESIAN_POINT ( 'NONE',  ( -1.004866324161791002, 11.25428952294209495, 0.06476348299649475893 ) ) ;
#1011 = CARTESIAN_POINT ( 'NONE',  ( 1.006430354999998666, 3.037500001229036073, -1.232521712815482580E-16 ) ) ;
#1012 = CARTESIAN_POINT ( 'NONE',  ( -9.209348377708859351E-17, 0.1968750006145179865, -1.443375671530686910 ) ) ;
#1013 = EDGE_CURVE ( 'NONE', #4751, #1087, #4277, .T. ) ;
#1014 = VECTOR ( 'NONE', #3490, 1000.000000000000000 ) ;
#1015 = CARTESIAN_POINT ( 'NONE',  ( 0.5032151774999995553, 10.61250000122903536, 0.8715942545697895616 ) ) ;
#1016 = CARTESIAN_POINT ( 'NONE',  ( -0.5253432182843932319, 8.475000000000001421, -0.8979642393405733447 ) ) ;
#1017 = CARTESIAN_POINT ( 'NONE',  ( 0.6249999993749988381, 6.909375000614518036, -1.082531753648015460 ) ) ;
#1018 = CARTESIAN_POINT ( 'NONE',  ( 0.5032151774999991112, 3.449999999999999734, -0.8715942545697897836 ) ) ;
#1019 = CARTESIAN_POINT ( 'NONE',  ( 0.6249999993749997262, 5.353125000614517681, 1.082531753648015238 ) ) ;
#1020 = CARTESIAN_POINT ( 'NONE',  ( 0.5253432182843935649, 2.100000000000000089, -0.8979642393405731227 ) ) ;
#1021 = CARTESIAN_POINT ( 'NONE',  ( -1.006430354999998222, 6.450000001229034829, 0.5810628363798603369 ) ) ;
#1022 = CARTESIAN_POINT ( 'NONE',  ( 0.2634828508014798731, 10.03124999999999645, 1.006430354999998666 ) ) ;
#1023 = ADVANCED_FACE ( 'NONE', ( #2690 ), #4525, .F. ) ;
#1024 = CARTESIAN_POINT ( 'NONE',  ( -0.5032151774999996663, 10.83750000122903501, -0.8715942545697896726 ) ) ;
#1025 = EDGE_CURVE ( 'NONE', #3023, #2905, #3594, .T. ) ;
#1026 = FACE_BOUND ( 'NONE', #2987, .T. ) ;
#1027 = CARTESIAN_POINT ( 'NONE',  ( -1.006430354999998666, 6.749999999392282568, -9.416592460472463073E-09 ) ) ;
#1028 = CARTESIAN_POINT ( 'NONE',  ( -0.5032151774999988891, 12.67500000000000071, 0.8715942545697901167 ) ) ;
#1029 = CARTESIAN_POINT ( 'NONE',  ( 0.6249999993749996152, 11.20312500061451644, 1.082531753648015238 ) ) ;
#1030 = EDGE_LOOP ( 'NONE', ( #414, #3386, #5385, #499 ) ) ;
#1031 = CARTESIAN_POINT ( 'NONE',  ( 0.6249999993749988381, 5.053125000614517859, -1.082531753648015460 ) ) ;
#1032 = CARTESIAN_POINT ( 'NONE',  ( 1.249999998749999008, 4.040625000614515905, 0.7216878357653431220 ) ) ;
#1033 = ORIENTED_EDGE ( 'NONE', *, *, #2340, .T. ) ;
#1034 = CYLINDRICAL_SURFACE ( 'NONE', #918, 1.006430354999998666 ) ;
#1035 = CARTESIAN_POINT ( 'NONE',  ( 1.249999998749998564, 6.778125000614516615, -1.530808497403381346E-16 ) ) ;
#1036 = CARTESIAN_POINT ( 'NONE',  ( -1.249999998749998564, 4.771875000614516971, -0.7216878357653433440 ) ) ;
#1037 = CARTESIAN_POINT ( 'NONE',  ( 1.249999998749998342, 0.5718750006145182363, -0.7216878357653438991 ) ) ;
#1038 = FACE_BOUND ( 'NONE', #4588, .T. ) ;
#1039 = ORIENTED_EDGE ( 'NONE', *, *, #2686, .F. ) ;
#1040 = CARTESIAN_POINT ( 'NONE',  ( -1.006430354999998444, 5.962499999662783878, -2.426908927684681180E-08 ) ) ;
#1041 = CARTESIAN_POINT ( 'NONE',  ( 1.583261296575602218E-16, 2.925000001229036695, 1.162125672759719563 ) ) ;
#1042 = CARTESIAN_POINT ( 'NONE',  ( 2.487040047238728944E-16, 0.8718750006145182807, 1.443375671530686910 ) ) ;
#1043 = CARTESIAN_POINT ( 'NONE',  ( -0.6249999993749986160, 12.08437500061451608, 1.082531753648015904 ) ) ;
#1044 = LINE ( 'NONE', #3871, #2745 ) ;
#1045 = CARTESIAN_POINT ( 'NONE',  ( -1.249999998749999008, 7.921875000614517326, -0.7216878357653433440 ) ) ;
#1046 = CARTESIAN_POINT ( 'NONE',  ( 0.5032151774999991112, 2.550000000000000266, -0.8715942545697897836 ) ) ;
#1047 = CARTESIAN_POINT ( 'NONE',  ( 1.249999998749999008, 4.490625000614516971, 0.7216878357653431220 ) ) ;
#1048 = CARTESIAN_POINT ( 'NONE',  ( 0.6249999993749990601, -2.146874999385482319, -1.082531753648015460 ) ) ;
#1049 = DIRECTION ( 'NONE',  ( -1.885568995626964287E-17, 1.000000000000000000, -0.000000000000000000 ) ) ;
#1050 = PRODUCT_DEFINITION_FORMATION_WITH_SPECIFIED_SOURCE ( 'ANY', '', #380, .NOT_KNOWN. ) ;
#1051 = CARTESIAN_POINT ( 'NONE',  ( -1.006430354999998888, 11.36250000122903536, 0.000000000000000000 ) ) ;
#1052 = CARTESIAN_POINT ( 'NONE',  ( -1.249999998749998564, 7.021875000614517859, -0.7216878357653433440 ) ) ;
#1053 = CARTESIAN_POINT ( 'NONE',  ( 0.5253432182843933429, 6.150000000000001243, -0.8979642393405733447 ) ) ;
#1054 = ORIENTED_EDGE ( 'NONE', *, *, #3308, .F. ) ;
#1055 = CARTESIAN_POINT ( 'NONE',  ( -1.006430354999998888, 9.899999999999998579, 0.000000000000000000 ) ) ;
#1056 = CARTESIAN_POINT ( 'NONE',  ( 1.249999998749998342, 10.82812500061451644, -1.530808497403381346E-16 ) ) ;
#1057 = VERTEX_POINT ( 'NONE', #406 ) ;
#1058 = CARTESIAN_POINT ( 'NONE',  ( 1.649140324806996702E-16, 5.315625000614516260, 1.443375671530686910 ) ) ;
#1059 = CARTESIAN_POINT ( 'NONE',  ( -1.673983955399404679E-16, 4.190625000614517148, -1.443375671530686910 ) ) ;
#1060 = EDGE_LOOP ( 'NONE', ( #1124, #4938, #4907 ) ) ;
#1061 = AXIS2_PLACEMENT_3D ( 'NONE', #1886, #2928, #4587 ) ;
#1062 = CARTESIAN_POINT ( 'NONE',  ( -1.006430354999998444, 4.931250000000001243, -0.2634828508014804282 ) ) ;
#1063 = EDGE_CURVE ( 'NONE', #4489, #546, #5236, .T. ) ;
#1064 = CARTESIAN_POINT ( 'NONE',  ( 0.6249999993749989491, 4.659375000614517148, -1.082531753648015460 ) ) ;
#1065 = CARTESIAN_POINT ( 'NONE',  ( 1.249999998749998342, -0.8343749993854829849, -0.7216878357653438991 ) ) ;
#1066 = CARTESIAN_POINT ( 'NONE',  ( -0.6249999993749993932, -0.6656249993854824742, -1.082531753648015460 ) ) ;
#1067 = CARTESIAN_POINT ( 'NONE',  ( 1.249999998749998342, 12.21562500061451573, -0.7216878357653438991 ) ) ;
#1068 = EDGE_LOOP ( 'NONE', ( #281, #5151, #2117, #3020 ) ) ;
#1069 = CARTESIAN_POINT ( 'NONE',  ( -0.6249999993749996152, 10.58437500061451786, -1.082531753648015460 ) ) ;
#1070 = AXIS2_PLACEMENT_3D ( 'NONE', #5568, #1428, #3262 ) ;
#1071 = CARTESIAN_POINT ( 'NONE',  ( -0.5032151774999994442, 0.9375000012290350959, -0.8715942545697896726 ) ) ;
#1072 = CARTESIAN_POINT ( 'NONE',  ( -1.005785442574099433E-16, 0.6468750006145187470, -1.443375671530686910 ) ) ;
#1073 = CARTESIAN_POINT ( 'NONE',  ( -1.249999998749999008, 12.87187500061451750, -0.7216878357653433440 ) ) ;
#1074 = CARTESIAN_POINT ( 'NONE',  ( -0.5032151774999987781, 8.737500001229037139, 0.8715942545697901167 ) ) ;
#1075 = CARTESIAN_POINT ( 'NONE',  ( -0.6249999993749995042, 7.884375000614517681, -1.082531753648015460 ) ) ;
#1076 = CARTESIAN_POINT ( 'NONE',  ( 0.5032151774999997773, 1.050000000000000488, 0.8715942545697895616 ) ) ;
#1077 = CARTESIAN_POINT ( 'NONE',  ( 0.6249999993749989491, 4.603125000614516793, -1.082531753648015460 ) ) ;
#1078 = CARTESIAN_POINT ( 'NONE',  ( 1.091712642545523027, 11.41295544548213314, -0.4639298228558749737 ) ) ;
#1079 = CARTESIAN_POINT ( 'NONE',  ( -0.5032151774999987781, 6.037500001229035185, 0.8715942545697901167 ) ) ;
#1080 = CARTESIAN_POINT ( 'NONE',  ( 0.5032151774999996663, 8.362500001229035362, 0.8715942545697895616 ) ) ;
#1081 = CARTESIAN_POINT ( 'NONE',  ( 0.5032151774999996663, 9.262500001229033941, 0.8715942545697895616 ) ) ;
#1082 = CARTESIAN_POINT ( 'NONE',  ( 1.129430370387314953E-16, 8.071875000614518569, 1.443375671530686910 ) ) ;
#1083 = CARTESIAN_POINT ( 'NONE',  ( -1.006430354999998666, 0.9750000012290361839, -0.5810628363798595597 ) ) ;
#1084 = EDGE_LOOP ( 'NONE', ( #2600, #35, #1420, #732 ) ) ;
#1085 = CARTESIAN_POINT ( 'NONE',  ( 0.5032151774999996663, 8.699999999999999289, 0.8715942545697895616 ) ) ;
#1086 = CARTESIAN_POINT ( 'NONE',  ( -1.249999998749999008, 11.46562500061451573, -0.7216878357653433440 ) ) ;
#1087 = VERTEX_POINT ( 'NONE', #5447 ) ;
#1088 = CARTESIAN_POINT ( 'NONE',  ( 1.249999998749999008, 3.590625000614517504, 0.7216878357653431220 ) ) ;
#1089 = CARTESIAN_POINT ( 'NONE',  ( 1.249999998749998342, 2.315625000614517148, -0.7216878357653438991 ) ) ;
#1090 = ORIENTED_EDGE ( 'NONE', *, *, #2652, .T. ) ;
#1091 = CARTESIAN_POINT ( 'NONE',  ( -1.006430354999998222, 9.899999997718765599, -3.534773552881751009E-08 ) ) ;
#1092 = EDGE_CURVE ( 'NONE', #1637, #4783, #5856, .T. ) ;
#1093 = CARTESIAN_POINT ( 'NONE',  ( 0.6249999993749996152, 11.20312500061451644, 1.082531753648015238 ) ) ;
#1094 = EDGE_CURVE ( 'NONE', #4546, #2304, #5055, .T. ) ;
#1095 = CARTESIAN_POINT ( 'NONE',  ( 1.249999998749999008, 5.446875000614517681, 0.7216878357653431220 ) ) ;
#1096 = CARTESIAN_POINT ( 'NONE',  ( -5.709260929576304421E-17, -1.659374999385482274, -1.443375671530686910 ) ) ;
#1097 = CARTESIAN_POINT ( 'NONE',  ( -1.249999998749998342, -1.903124999385481297, 0.7216878357653442322 ) ) ;
#1098 = ADVANCED_FACE ( 'NONE', ( #3349 ), #1034, .F. ) ;
#1099 = CARTESIAN_POINT ( 'NONE',  ( -1.249999998749998786, 13.30312500061451608, 0.000000000000000000 ) ) ;
#1100 = VERTEX_POINT ( 'NONE', #2002 ) ;
#1101 = CARTESIAN_POINT ( 'NONE',  ( 0.6249999993749987270, 10.50937500061451679, -1.082531753648015460 ) ) ;
#1102 =( BOUNDED_CURVE ( )  B_SPLINE_CURVE ( 2, ( #3036, #3908, #1080, #1112, #209, #2916, #1658 ),
 .UNSPECIFIED., .F., .T. ) 
 B_SPLINE_CURVE_WITH_KNOTS ( ( 3, 2, 2, 3 ),
 ( 0.3048437746873531862, 0.3096825647617556521, 0.3145213548361580624, 0.3193601449000982306 ),
 .UNSPECIFIED. ) 
 CURVE ( )  GEOMETRIC_REPRESENTATION_ITEM ( )  RATIONAL_B_SPLINE_CURVE ( ( 0.9999999999999984457, 0.8660254037844402619, 1.000000000000000000, 0.8660254037844387076, 1.000000000000000000, 0.8660254037844387076, 1.000000000000000000 ) ) 
 REPRESENTATION_ITEM ( '' )  );
#1103 = CARTESIAN_POINT ( 'NONE',  ( -1.006430354999998666, 1.912500001229035185, 0.000000000000000000 ) ) ;
#1104 = CARTESIAN_POINT ( 'NONE',  ( -0.6249999993749993932, 0.2343750006145173259, -1.082531753648015460 ) ) ;
#1105 = CARTESIAN_POINT ( 'NONE',  ( -0.6249999993749996152, 12.83437500061451786, -1.082531753648015460 ) ) ;
#1106 = CARTESIAN_POINT ( 'NONE',  ( 1.227084881648985215, 0.02291511835312574907, -0.1521464926984995580 ) ) ;
#1107 = CARTESIAN_POINT ( 'NONE',  ( 1.249999998749998564, 5.934375000614517504, -1.530808497403381346E-16 ) ) ;
#1108 = CARTESIAN_POINT ( 'NONE',  ( 1.006430354999998666, 2.475000000000001421, -1.232521712815482580E-16 ) ) ;
#1109 = CARTESIAN_POINT ( 'NONE',  ( -0.6249999993749983940, 1.678125000614517859, 1.082531753648015904 ) ) ;
#1110 = CARTESIAN_POINT ( 'NONE',  ( -0.002892804692466196051, 11.46649843840562433, -1.238189851718617618 ) ) ;
#1111 = FILL_AREA_STYLE_COLOUR ( '', #4422 ) ;
#1112 = CARTESIAN_POINT ( 'NONE',  ( 5.650540389370417250E-17, 8.325000001229035718, 1.162125672759719341 ) ) ;
#1113 = CARTESIAN_POINT ( 'NONE',  ( 0.5032151774999996663, 8.812500001229034652, 0.8715942545697895616 ) ) ;
#1114 = CARTESIAN_POINT ( 'NONE',  ( 1.249999998749998564, 6.384375000614517681, -1.530808497403381346E-16 ) ) ;
#1115 = DIRECTION ( 'NONE',  ( -1.885568995626964287E-17, 1.000000000000000000, -0.000000000000000000 ) ) ;
#1116 = CARTESIAN_POINT ( 'NONE',  ( 1.006430354999998444, 11.50000000000000000, 1.232521712815482580E-16 ) ) ;
#1117 = CARTESIAN_POINT ( 'NONE',  ( -0.5032151774999986671, 2.437500001229036428, 0.8715942545697901167 ) ) ;
#1118 = CARTESIAN_POINT ( 'NONE',  ( -0.5032151774999995553, 8.025000000000000355, -0.8715942545697896726 ) ) ;
#1119 = CARTESIAN_POINT ( 'NONE',  ( 1.140036695987716455E-16, 8.015625000614518214, 1.443375671530686910 ) ) ;
#1120 = VERTEX_POINT ( 'NONE', #1091 ) ;
#1121 = CARTESIAN_POINT ( 'NONE',  ( -0.6249999993749993932, 1.528125000614517059, -1.082531753648015460 ) ) ;
#1122 = AXIS2_PLACEMENT_3D ( 'NONE', #4220, #191, #104 ) ;
#1123 = CARTESIAN_POINT ( 'NONE',  ( 2.582496977642344437E-16, 0.3656250006145167486, 1.443375671530686910 ) ) ;
#1124 = ORIENTED_EDGE ( 'NONE', *, *, #4608, .F. ) ;
#1125 = CARTESIAN_POINT ( 'NONE',  ( -2.122477607882222795E-16, 11.25643035500000266, 0.000000000000000000 ) ) ;
#1126 = CARTESIAN_POINT ( 'NONE',  ( -2.168404344971008868E-16, 11.50000000000000000, 0.000000000000000000 ) ) ;
#1127 = CARTESIAN_POINT ( 'NONE',  ( -1.249999998749998786, 10.15312500061451573, 0.000000000000000000 ) ) ;
#1128 = CARTESIAN_POINT ( 'NONE',  ( -0.6249999993749985050, 5.784375000614517148, 1.082531753648015904 ) ) ;
#1129 = CARTESIAN_POINT ( 'NONE',  ( 0.6249999993749989491, -0.7968749993854818969, -1.082531753648015460 ) ) ;
#1130 = AXIS2_PLACEMENT_3D ( 'NONE', #1360, #4038, #1842 ) ;
#1131 = DIRECTION ( 'NONE',  ( -1.885568995626964287E-17, 1.000000000000000000, -0.000000000000000000 ) ) ;
#1132 = CARTESIAN_POINT ( 'NONE',  ( -1.249999998749998786, 12.40312500061451573, 0.000000000000000000 ) ) ;
#1133 = ORIENTED_EDGE ( 'NONE', *, *, #2870, .T. ) ;
#1134 = CARTESIAN_POINT ( 'NONE',  ( -1.249999998749998342, 9.796875000614516438, 0.7216878357653442322 ) ) ;
#1135 = ADVANCED_FACE ( 'NONE', ( #2927 ), #3902, .F. ) ;
#1136 = CARTESIAN_POINT ( 'NONE',  ( -1.006430354999998666, 1.462500001229036339, 0.000000000000000000 ) ) ;
#1137 = CARTESIAN_POINT ( 'NONE',  ( -1.249999998749998564, 5.709375000614516971, 0.000000000000000000 ) ) ;
#1138 = CARTESIAN_POINT ( 'NONE',  ( -9.449359058849138418E-17, 1.237500000000000933, -1.162125672759719563 ) ) ;
#1139 = CARTESIAN_POINT ( 'NONE',  ( 2.497646372839130446E-16, 0.8156250006145175924, 1.443375671530686910 ) ) ;
#1140 = CARTESIAN_POINT ( 'NONE',  ( 1.006430354999998666, 2.475000000000002309, -1.173230260442806212E-14 ) ) ;
#1141 = CARTESIAN_POINT ( 'NONE',  ( -0.2634828508014799286, 1.706250000000001599, -1.006430354999998666 ) ) ;
#1142 =( BOUNDED_CURVE ( )  B_SPLINE_CURVE ( 2, ( #1671, #251, #794, #5741, #1638, #3471, #5295 ),
 .UNSPECIFIED., .F., .T. ) 
 B_SPLINE_CURVE_WITH_KNOTS ( ( 3, 2, 2, 3 ),
 ( 0.7403348813835721742, 0.7451736714579745291, 0.7500124615323771060, 0.7548512516237501080 ),
 .UNSPECIFIED. ) 
 CURVE ( )  GEOMETRIC_REPRESENTATION_ITEM ( )  RATIONAL_B_SPLINE_CURVE ( ( 0.9999999999999906741, 0.8660254037844480335, 1.000000000000000000, 0.8660254037844387076, 1.000000000000000000, 0.8660254037844387076, 1.000000000000000000 ) ) 
 REPRESENTATION_ITEM ( '' )  );
#1143 = CARTESIAN_POINT ( 'NONE',  ( 0.5032151774999990002, 6.712500001229035895, -0.8715942545697897836 ) ) ;
#1144 = EDGE_CURVE ( 'NONE', #2689, #3866, #521, .T. ) ;
#1145 = CARTESIAN_POINT ( 'NONE',  ( 1.006430354999998000, 9.375000001229036428, -0.5810628363798602258 ) ) ;
#1146 = CARTESIAN_POINT ( 'NONE',  ( 1.249999998749998342, 7.734375000614517326, -1.530808497403381346E-16 ) ) ;
#1147 = CARTESIAN_POINT ( 'NONE',  ( 1.006430354999998444, 12.82499999999999929, -1.232521712815482580E-16 ) ) ;
#1148 = CARTESIAN_POINT ( 'NONE',  ( 1.006430354999998444, 7.125000001229035540, -0.5810628363798601148 ) ) ;
#1149 = CARTESIAN_POINT ( 'NONE',  ( 4.165654807631614024E-17, 9.112500000000000711, 1.162125672759719563 ) ) ;
#1150 = CARTESIAN_POINT ( 'NONE',  ( 1.249999998749998342, 9.065625000614517148, -0.7216878357653438991 ) ) ;
#1151 = ORIENTED_EDGE ( 'NONE', *, *, #3891, .F. ) ;
#1152 = CARTESIAN_POINT ( 'NONE',  ( 1.249999998749999008, 3.140625000614516882, 0.7216878357653431220 ) ) ;
#1153 = CARTESIAN_POINT ( 'NONE',  ( 1.249999998749998564, 0.4781250006145165155, -1.530808497403381346E-16 ) ) ;
#1154 = ORIENTED_EDGE ( 'NONE', *, *, #5202, .F. ) ;
#1155 = CARTESIAN_POINT ( 'NONE',  ( 1.006430354999998666, 5.175000000000001599, -1.173230260442806212E-14 ) ) ;
#1156 = ORIENTED_EDGE ( 'NONE', *, *, #4473, .T. ) ;
#1157 = CARTESIAN_POINT ( 'NONE',  ( 1.006430354999998666, 1.125000000000000888, 0.000000000000000000 ) ) ;
#1158 = CARTESIAN_POINT ( 'NONE',  ( 8.006342767748628344E-17, 9.815625000614517148, 1.443375671530686910 ) ) ;
#1159 = EDGE_LOOP ( 'NONE', ( #2803, #606, #2660, #371 ) ) ;
#1160 = CARTESIAN_POINT ( 'NONE',  ( 0.6249999993749998373, 3.159375000614518036, 1.082531753648015238 ) ) ;
#1161 = CARTESIAN_POINT ( 'NONE',  ( -8.254779073672706886E-17, -0.3093749993854834623, -1.443375671530686910 ) ) ;
#1162 = CARTESIAN_POINT ( 'NONE',  ( 1.249999998749999008, -1.303124999385481653, 0.7216878357653431220 ) ) ;
#1163 = CARTESIAN_POINT ( 'NONE',  ( 3.763812527587959007E-17, 12.06562500061451537, 1.443375671530686910 ) ) ;
#1164 = CARTESIAN_POINT ( 'NONE',  ( 1.249999998749998564, 10.39687500061451786, 0.7216878357653431220 ) ) ;
#1165 = CARTESIAN_POINT ( 'NONE',  ( -1.006430354999998666, 2.775000001229035895, -0.5810628363798596707 ) ) ;
#1166 = CARTESIAN_POINT ( 'NONE',  ( -1.249999998749998342, 10.69687500061451679, 0.7216878357653442322 ) ) ;
#1167 = CARTESIAN_POINT ( 'NONE',  ( -0.6249999993749983940, 4.434375000614517504, 1.082531753648015904 ) ) ;
#1168 = CARTESIAN_POINT ( 'NONE',  ( 1.006430354999998666, 1.575000000000001732, -1.232521712815482580E-16 ) ) ;
#1169 = CARTESIAN_POINT ( 'NONE',  ( -1.249999998749998564, 2.053125000614516527, 0.000000000000000000 ) ) ;
#1170 = CARTESIAN_POINT ( 'NONE',  ( 1.144997917698520995, 11.39499798037507006, -2.679967941464025151E-13 ) ) ;
#1171 = CARTESIAN_POINT ( 'NONE',  ( 1.006430354999998444, 3.525000001229036339, -0.5810628363798601148 ) ) ;
#1172 = AXIS2_PLACEMENT_3D ( 'NONE', #1475, #568, #122 ) ;
#1173 = CARTESIAN_POINT ( 'NONE',  ( 0.8979642393405731227, 8.287500000000001421, 0.5253432182843934539 ) ) ;
#1174 = CARTESIAN_POINT ( 'NONE',  ( 1.006430354999998444, 7.987500001229035362, -1.232521712815482580E-16 ) ) ;
#1175 = CARTESIAN_POINT ( 'NONE',  ( 1.299131579993741455E-16, 7.171875000614517326, 1.443375671530686910 ) ) ;
#1176 = CARTESIAN_POINT ( 'NONE',  ( 0.6249999993749989491, 0.6093750006145176590, -1.082531753648015460 ) ) ;
#1177 = CARTESIAN_POINT ( 'NONE',  ( 0.5032151774999990002, 8.512500001229035718, -0.8715942545697897836 ) ) ;
#1178 = CARTESIAN_POINT ( 'NONE',  ( 1.006430354999998444, 11.02500000000000036, 0.000000000000000000 ) ) ;
#1179 = CARTESIAN_POINT ( 'NONE',  ( 1.006430354999998000, 9.262499999999999289, -0.5810628363798602258 ) ) ;
#1180 = CARTESIAN_POINT ( 'NONE',  ( 9.703354863812897065E-17, 8.915625000614515017, 1.443375671530686910 ) ) ;
#1181 = EDGE_CURVE ( 'NONE', #2898, #2725, #1563, .T. ) ;
#1182 = EDGE_LOOP ( 'NONE', ( #426, #489, #996, #5121 ) ) ;
#1183 = CARTESIAN_POINT ( 'NONE',  ( 1.249999998749999008, 2.240625000614516527, 0.7216878357653431220 ) ) ;
#1184 = CARTESIAN_POINT ( 'NONE',  ( -1.249999998749998564, 0.2156250006145176701, -0.7216878357653433440 ) ) ;
#1185 = ORIENTED_EDGE ( 'NONE', *, *, #1394, .T. ) ;
#1186 = CARTESIAN_POINT ( 'NONE',  ( -1.006430354999998888, 11.50000000000000000, 0.000000000000000000 ) ) ;
#1187 = VERTEX_POINT ( 'NONE', #5598 ) ;
#1188 = CARTESIAN_POINT ( 'NONE',  ( -1.249999999999998890, -2.356961244533703509E-17, 1.530808498934190338E-16 ) ) ;
#1189 = CARTESIAN_POINT ( 'NONE',  ( -1.249999998749998342, 8.840625000614517504, 0.7216878357653442322 ) ) ;
#1190 = ORIENTED_EDGE ( 'NONE', *, *, #840, .F. ) ;
#1191 = B_SPLINE_CURVE_WITH_KNOTS ( 'NONE', 3,
 ( #4573, #2210, #1334, #5914, #3643, #1815, #372, #3222, #5470, #3195 ),
 .UNSPECIFIED., .F., .F.,
 ( 4, 2, 2, 2, 4 ),
 ( 0.000000000000000000, 0.1250000000000000000, 0.2500000000000000000, 0.3750000000000000000, 0.5000000000000000000 ),
 .UNSPECIFIED. ) ;
#1192 = CARTESIAN_POINT ( 'NONE',  ( -1.249999998749998342, 2.146875000614518303, 0.7216878357653442322 ) ) ;
#1193 = CARTESIAN_POINT ( 'NONE',  ( 1.249999998749998564, -0.4218749993854832292, -1.530808497403381346E-16 ) ) ;
#1194 = CARTESIAN_POINT ( 'NONE',  ( -0.6249999993749982830, -1.865624999385482097, 1.082531753648015904 ) ) ;
#1195 = CARTESIAN_POINT ( 'NONE',  ( 1.249999998749998564, 11.69062500061451537, 0.7216878357653431220 ) ) ;
#1196 = CARTESIAN_POINT ( 'NONE',  ( 0.6249999993749997262, 9.459375000614517859, 1.082531753648015238 ) ) ;
#1197 = CARTESIAN_POINT ( 'NONE',  ( 1.006430354999998444, 2.625000001229036428, -0.5810628363798602258 ) ) ;
#1198 = CARTESIAN_POINT ( 'NONE',  ( -0.6249999993749986160, 11.63437500061451857, 1.082531753648015904 ) ) ;
#1199 = CARTESIAN_POINT ( 'NONE',  ( 1.468832789600168204E-16, 6.271875000614516971, 1.443375671530686910 ) ) ;
#1200 = CARTESIAN_POINT ( 'NONE',  ( 2.283278786433855393E-16, -0.7874999999999982014, 1.162125672759719563 ) ) ;
#1201 = CARTESIAN_POINT ( 'NONE',  ( -1.249999998749998564, 2.503125000614517148, 0.000000000000000000 ) ) ;
#1202 = CARTESIAN_POINT ( 'NONE',  ( 0.9054936273264808655, 11.42713081887879767, -0.7611543682717397674 ) ) ;
#1203 = CARTESIAN_POINT ( 'NONE',  ( -1.006430354999998666, 6.825000001229035718, -0.5810628363798595597 ) ) ;
#1204 = CARTESIAN_POINT ( 'NONE',  ( 0.5032151774999996663, 8.362500001229035362, 0.8715942545697895616 ) ) ;
#1205 = ADVANCED_FACE ( 'NONE', ( #1515 ), #2899, .F. ) ;
#1206 = CARTESIAN_POINT ( 'NONE',  ( 1.249999998749998564, 4.584375000614516971, -1.530808497403381346E-16 ) ) ;
#1207 = CARTESIAN_POINT ( 'NONE',  ( 2.317338837632302441E-16, 1.771875000614518081, 1.443375671530686910 ) ) ;
#1208 = CARTESIAN_POINT ( 'NONE',  ( -1.904424685583233843E-16, 10.09999999999999964, 0.000000000000000000 ) ) ;
#1209 = CARTESIAN_POINT ( 'NONE',  ( 8.408185047792281512E-17, 6.862500000000002487, 1.162125672759719563 ) ) ;
#1210 = CARTESIAN_POINT ( 'NONE',  ( -2.607340608234752414E-16, 9.140625000614516438, -1.443375671530686910 ) ) ;
#1211 = EDGE_CURVE ( 'NONE', #4009, #2235, #5595, .T. ) ;
#1212 = ORIENTED_EDGE ( 'NONE', *, *, #326, .F. ) ;
#1213 = CARTESIAN_POINT ( 'NONE',  ( -1.249999998749998564, 1.115625000614517415, -0.7216878357653433440 ) ) ;
#1214 = CARTESIAN_POINT ( 'NONE',  ( -0.6249999993749983940, -0.1218749993854833374, 1.082531753648015904 ) ) ;
#1215 = ADVANCED_FACE ( 'NONE', ( #3258 ), #2475, .F. ) ;
#1216 = CARTESIAN_POINT ( 'NONE',  ( 1.006430354999998888, 0.6562500000000022204, 0.2634828508014804838 ) ) ;
#1217 = ORIENTED_EDGE ( 'NONE', *, *, #3848, .T. ) ;
#1218 = CYLINDRICAL_SURFACE ( 'NONE', #254, 1.006430354999998666 ) ;
#1219 = CARTESIAN_POINT ( 'NONE',  ( 1.249999998749998564, 8.990625000614517859, 0.7216878357653431220 ) ) ;
#1220 = VERTEX_POINT ( 'NONE', #4250 ) ;
#1221 = CARTESIAN_POINT ( 'NONE',  ( -0.6249999993749993932, 1.134375000614517015, -1.082531753648015460 ) ) ;
#1222 = CARTESIAN_POINT ( 'NONE',  ( 1.006430354999998444, 10.55625000000000391, 0.2634828508014804838 ) ) ;
#1223 = CARTESIAN_POINT ( 'NONE',  ( 0.6249999993749989491, 3.759375000614517681, -1.082531753648015460 ) ) ;
#1224 = CARTESIAN_POINT ( 'NONE',  ( 0.6249999993749990601, -1.190624999385481830, -1.082531753648015460 ) ) ;
#1225 = CARTESIAN_POINT ( 'NONE',  ( -0.2634828508014802617, 3.693750000000000533, 1.006430354999998888 ) ) ;
#1226 = CARTESIAN_POINT ( 'NONE',  ( 0.6249999993749987270, 10.45312500061451644, -1.082531753648015460 ) ) ;
#1227 = CARTESIAN_POINT ( 'NONE',  ( -0.5032151774999985561, -1.612499998770963394, 0.8715942545697901167 ) ) ;
#1228 = AXIS2_PLACEMENT_3D ( 'NONE', #3155, #4108, #4201 ) ;
#1229 = CARTESIAN_POINT ( 'NONE',  ( -2.957349353048006921E-16, 10.99687500061451750, -1.443375671530686910 ) ) ;
#1230 = CARTESIAN_POINT ( 'NONE',  ( -1.769440885803019186E-16, 4.696875000614517681, -1.443375671530686910 ) ) ;
#1231 = CARTESIAN_POINT ( 'NONE',  ( 1.006430354999998888, -0.2624999999999988454, 0.5810628363798594487 ) ) ;
#1232 = CARTESIAN_POINT ( 'NONE',  ( 0.6249999993749989491, 1.003125000614517592, -1.082531753648015460 ) ) ;
#1233 = DIRECTION ( 'NONE',  ( -1.000000000000000000, 0.000000000000000000, 0.000000000000000000 ) ) ;
#1234 = EDGE_CURVE ( 'NONE', #1001, #1668, #188, .T. ) ;
#1235 = CARTESIAN_POINT ( 'NONE',  ( 1.045486627490882725, 0.1289550538138135582, 0.4640063887747574722 ) ) ;
#1236 = CARTESIAN_POINT ( 'NONE',  ( 1.006430354999998444, 6.225000001229036073, -0.5810628363798602258 ) ) ;
#1237 = CARTESIAN_POINT ( 'NONE',  ( -0.6249999993749995042, 5.184375000614516615, -1.082531753648015460 ) ) ;
#1238 = CARTESIAN_POINT ( 'NONE',  ( 1.249999998749998564, 0.9843750006145179920, -1.530808497403381346E-16 ) ) ;
#1239 = CARTESIAN_POINT ( 'NONE',  ( 1.006430354999998222, 9.825000001229032165, -0.5810628363798601148 ) ) ;
#1240 = CARTESIAN_POINT ( 'NONE',  ( -1.006430354999998666, 9.000000001968180285, 3.049692991530495978E-08 ) ) ;
#1241 = CARTESIAN_POINT ( 'NONE',  ( -1.006430354999998666, 6.750000000000000888, 0.000000000000000000 ) ) ;
#1242 = CARTESIAN_POINT ( 'NONE',  ( 0.6249999993749997262, 8.053125000614516082, 1.082531753648015238 ) ) ;
#1243 = DIRECTION ( 'NONE',  ( -1.000000000000000000, -1.885568995626964595E-17, 0.000000000000000000 ) ) ;
#1244 = CARTESIAN_POINT ( 'NONE',  ( 2.752198187248770939E-16, -0.5343749993854830516, 1.443375671530686910 ) ) ;
#1245 = CARTESIAN_POINT ( 'NONE',  ( -0.2634828508014803727, 0.5437500000000003997, 1.006430354999998888 ) ) ;
#1246 = EDGE_LOOP ( 'NONE', ( #4754, #4910, #4786 ) ) ;
#1247 = DIRECTION ( 'NONE',  ( -1.885568995626964287E-17, 1.000000000000000000, -0.000000000000000000 ) ) ;
#1248 = CARTESIAN_POINT ( 'NONE',  ( 0.6249999993749997262, 8.953125000614516438, 1.082531753648015238 ) ) ;
#1249 = COLOUR_RGB ( '',0.7921568627450980005, 0.8196078431372548767, 0.9333333333333333481 ) ;
#1250 = ORIENTED_EDGE ( 'NONE', *, *, #791, .F. ) ;
#1251 = PRODUCT_CONTEXT ( 'NONE', #2539, 'mechanical' ) ;
#1252 = CARTESIAN_POINT ( 'NONE',  ( -0.5032151774999987781, 7.387500001229034829, 0.8715942545697901167 ) ) ;
#1253 = CARTESIAN_POINT ( 'NONE',  ( -1.249999998749998564, 2.559375000614517948, 0.000000000000000000 ) ) ;
#1254 = CARTESIAN_POINT ( 'NONE',  ( -1.249999998749998342, -0.5531249993854826519, 0.7216878357653442322 ) ) ;
#1255 = CARTESIAN_POINT ( 'NONE',  ( -0.6249999993749986160, 11.12812500061451537, 1.082531753648015904 ) ) ;
#1256 = CARTESIAN_POINT ( 'NONE',  ( 1.006430354999998444, -0.5249999987709634830, -0.5810628363798602258 ) ) ;
#1257 = CIRCLE ( 'NONE', #5, 1.006430354999998666 ) ;
#1258 = CARTESIAN_POINT ( 'NONE',  ( 1.249999998749998342, 10.92187500061451644, -0.7216878357653438991 ) ) ;
#1259 = CARTESIAN_POINT ( 'NONE',  ( -1.175486652180526182E-16, 1.546875000614518658, -1.443375671530686910 ) ) ;
#1260 = CARTESIAN_POINT ( 'NONE',  ( 1.006430354999998666, -1.574999999999998179, -1.232521712815482580E-16 ) ) ;
#1261 = CARTESIAN_POINT ( 'NONE',  ( -1.904424685583233843E-16, 10.09999999999999964, 0.000000000000000000 ) ) ;
#1262 = CARTESIAN_POINT ( 'NONE',  ( -1.006430354999998222, 5.550000001229034474, 0.5810628363798603369 ) ) ;
#1263 = CARTESIAN_POINT ( 'NONE',  ( 0.2290718221988716774, 11.23292938468854452, -1.029870994549442864 ) ) ;
#1264 = CARTESIAN_POINT ( 'NONE',  ( 0.5032151774999996663, 7.462500001229035895, 0.8715942545697895616 ) ) ;
#1265 = CARTESIAN_POINT ( 'NONE',  ( 0.6249999993749998373, 4.509375000614518569, 1.082531753648015238 ) ) ;
#1266 = CARTESIAN_POINT ( 'NONE',  ( 0.6249999993749998373, 0.9093750006145175924, 1.082531753648015238 ) ) ;
#1267 = DIRECTION ( 'NONE',  ( -1.885568995626964287E-17, 1.000000000000000000, -0.000000000000000000 ) ) ;
#1268 = CARTESIAN_POINT ( 'NONE',  ( -1.249999998749998786, 11.10937500061451644, 0.000000000000000000 ) ) ;
#1269 = CARTESIAN_POINT ( 'NONE',  ( 1.006430354999998888, 7.387499999999999289, 0.5810628363798594487 ) ) ;
#1270 = CARTESIAN_POINT ( 'NONE',  ( -1.249999998749998564, 7.453125000614516438, 0.000000000000000000 ) ) ;
#1271 = PLANE ( 'NONE',  #1640 ) ;
#1272 = CARTESIAN_POINT ( 'NONE',  ( 1.006430354999998444, 12.93750000122903465, -1.232521712815482580E-16 ) ) ;
#1273 = CARTESIAN_POINT ( 'NONE',  ( 1.006430354999998666, 6.975000000000000533, 0.000000000000000000 ) ) ;
#1274 = ORIENTED_EDGE ( 'NONE', *, *, #1990, .T. ) ;
#1275 = DIRECTION ( 'NONE',  ( -1.885568995626964287E-17, 1.000000000000000000, -0.000000000000000000 ) ) ;
#1276 = CARTESIAN_POINT ( 'NONE',  ( -2.183087584218685172E-16, 6.890625000614516438, -1.443375671530686910 ) ) ;
#1277 = CARTESIAN_POINT ( 'NONE',  ( -0.6249999993749995042, 5.128125000614516260, -1.082531753648015460 ) ) ;
#1278 = ORIENTED_EDGE ( 'NONE', *, *, #3052, .T. ) ;
#1279 = CARTESIAN_POINT ( 'NONE',  ( 0.000000000000000000, 0.000000000000000000, 0.000000000000000000 ) ) ;
#1280 = ADVANCED_FACE ( 'NONE', ( #3501 ), #1218, .F. ) ;
#1281 = FACE_OUTER_BOUND ( 'NONE', #4249, .T. ) ;
#1282 = CARTESIAN_POINT ( 'NONE',  ( 1.249999998749998564, 1.884375000614517681, -1.530808497403381346E-16 ) ) ;
#1283 = CARTESIAN_POINT ( 'NONE',  ( -1.249999998749998564, -1.528124999385481075, -0.7216878357653433440 ) ) ;
#1284 = CARTESIAN_POINT ( 'NONE',  ( -0.6249999993749996152, 10.97812500061451679, -1.082531753648015460 ) ) ;
#1285 = ADVANCED_FACE ( 'NONE', ( #762 ), #4878, .F. ) ;
#1286 = CARTESIAN_POINT ( 'NONE',  ( -1.006430354999998666, 0.1125000012290357232, 0.000000000000000000 ) ) ;
#1287 = CARTESIAN_POINT ( 'NONE',  ( -1.249999998749998342, 9.796875000614518214, 0.7216878357653442322 ) ) ;
#1288 = CARTESIAN_POINT ( 'NONE',  ( -1.249999998749998564, 2.071875000614517681, -0.7216878357653433440 ) ) ;
#1289 = CARTESIAN_POINT ( 'NONE',  ( 0.5032151774999997773, -0.7499999999999988898, 0.8715942545697895616 ) ) ;
#1290 = CARTESIAN_POINT ( 'NONE',  ( 0.2634828508014802062, 10.66875000000000284, -1.006430354999998666 ) ) ;
#1291 = CARTESIAN_POINT ( 'NONE',  ( 0.5032151774999991112, 3.112500001229034918, -0.8715942545697897836 ) ) ;
#1292 = CARTESIAN_POINT ( 'NONE',  ( 0.5032151774999990002, 9.412500001229034297, -0.8715942545697897836 ) ) ;
#1293 = CARTESIAN_POINT ( 'NONE',  ( -0.5032151774999987781, 5.587500001229035895, 0.8715942545697901167 ) ) ;
#1294 = CARTESIAN_POINT ( 'NONE',  ( 0.6249999993749988381, 5.559375000614517504, -1.082531753648015460 ) ) ;
#1295 = CARTESIAN_POINT ( 'NONE',  ( -9.209348377708856886E-17, 0.1968750006145179865, -1.443375671530686910 ) ) ;
#1296 = CARTESIAN_POINT ( 'NONE',  ( -2.122477607882222795E-16, 11.25643035500000266, 0.000000000000000000 ) ) ;
#1297 = CARTESIAN_POINT ( 'NONE',  ( 1.249999998749998342, 10.88437500061451679, -1.530808497403381346E-16 ) ) ;
#1298 = CARTESIAN_POINT ( 'NONE',  ( 1.006430354999998666, 6.975000000000000533, -1.232521712815482580E-16 ) ) ;
#1299 = CARTESIAN_POINT ( 'NONE',  ( -1.249999998749998564, 5.615625000614516971, -0.7216878357653433440 ) ) ;
#1300 = CARTESIAN_POINT ( 'NONE',  ( -0.6249999993749983940, 0.7781250006145163933, 1.082531753648015904 ) ) ;
#1301 = CARTESIAN_POINT ( 'NONE',  ( 0.6249999993749990601, -1.246874999385482630, -1.082531753648015460 ) ) ;
#1302 =( BOUNDED_CURVE ( )  B_SPLINE_CURVE ( 2, ( #64, #1902, #153, #5561, #1177, #5731, #3460 ),
 .UNSPECIFIED., .F., .T. ) 
 B_SPLINE_CURVE_WITH_KNOTS ( ( 3, 2, 2, 3 ),
 ( 0.2903274043175489427, 0.2951661945385483654, 0.3000049846129507758, 0.3048437746873531862 ),
 .UNSPECIFIED. ) 
 CURVE ( )  GEOMETRIC_REPRESENTATION_ITEM ( )  RATIONAL_B_SPLINE_CURVE ( ( 1.000000000000000000, 0.8660254037844387076, 1.000000000000000000, 0.8660254037844387076, 1.000000000000000000, 0.8660254037844371533, 1.000000000000001554 ) ) 
 REPRESENTATION_ITEM ( '' )  );
#1303 = CARTESIAN_POINT ( 'NONE',  ( -1.006430354999998888, 9.449999999715997134, -4.400634189564975980E-09 ) ) ;
#1304 = ORIENTED_EDGE ( 'NONE', *, *, #5395, .F. ) ;
#1305 = CARTESIAN_POINT ( 'NONE',  ( -1.006430354999998666, 6.749999999392282568, -9.416592460472463073E-09 ) ) ;
#1306 = CARTESIAN_POINT ( 'NONE',  ( 0.6249999993749997262, 6.703125000614517326, 1.082531753648015238 ) ) ;
#1307 = CARTESIAN_POINT ( 'NONE',  ( -0.6249999993749995042, 6.478125000614516793, -1.082531753648015460 ) ) ;
#1308 = CARTESIAN_POINT ( 'NONE',  ( -1.006430354999998222, 8.099999997598272827, -3.721474672258065731E-08 ) ) ;
#1309 = B_SPLINE_CURVE_WITH_KNOTS ( 'NONE', 3,
 ( #3164, #3220, #5886, #4967, #4035, #399, #849, #5380, #3668, #2 ),
 .UNSPECIFIED., .F., .F.,
 ( 4, 2, 2, 2, 4 ),
 ( 0.5000000000000000000, 0.6250000000000000000, 0.7500000000000000000, 0.8750000000000000000, 1.000000000000000000 ),
 .UNSPECIFIED. ) ;
#1310 = CARTESIAN_POINT ( 'NONE',  ( -1.249999998749999008, 10.11562500061451608, -0.7216878357653433440 ) ) ;
#1311 = AXIS2_PLACEMENT_3D ( 'NONE', #3749, #1957, #86 ) ;
#1312 = EDGE_CURVE ( 'NONE', #5141, #1699, #4768, .T. ) ;
#1313 = CARTESIAN_POINT ( 'NONE',  ( -7.964473477110341355E-17, 0.4500000012290367724, -1.162125672759719563 ) ) ;
#1314 = CARTESIAN_POINT ( 'NONE',  ( 9.597291607808882042E-17, 8.971875000614515372, 1.443375671530686910 ) ) ;
#1315 = CARTESIAN_POINT ( 'NONE',  ( -0.6249999993749983940, 2.634375000614518569, 1.082531753648015904 ) ) ;
#1316 = CARTESIAN_POINT ( 'NONE',  ( 0.6249999993749996152, 11.70937500061451608, 1.082531753648015238 ) ) ;
#1317 = CARTESIAN_POINT ( 'NONE',  ( -1.006430354999998888, 10.80000000090626067, 1.404247223446633733E-08 ) ) ;
#1318 = CARTESIAN_POINT ( 'NONE',  ( -1.006430354999998666, 7.650000000017862511, 2.767474199845514563E-10 ) ) ;
#1319 = ORIENTED_EDGE ( 'NONE', *, *, #2836, .F. ) ;
#1320 = DIRECTION ( 'NONE',  ( -1.000000000000000000, 0.000000000000000000, 0.000000000000000000 ) ) ;
#1321 = CARTESIAN_POINT ( 'NONE',  ( 0.5032151774999990002, 6.262500001229035718, -0.8715942545697897836 ) ) ;
#1322 = CARTESIAN_POINT ( 'NONE',  ( 1.249999998749999008, 5.446875000614517681, 0.7216878357653431220 ) ) ;
#1323 = CARTESIAN_POINT ( 'NONE',  ( 1.006430354999998666, 6.075000000000000178, 0.000000000000000000 ) ) ;
#1324 = CARTESIAN_POINT ( 'NONE',  ( -1.006430354999998222, 1.012499999349133928, -2.912909007455426627E-08 ) ) ;
#1325 = CARTESIAN_POINT ( 'NONE',  ( -1.249999998749998342, 9.346875000614517148, 0.7216878357653442322 ) ) ;
#1326 = CARTESIAN_POINT ( 'NONE',  ( 1.006430354999998666, 6.525000000000000355, -1.232521712815482580E-16 ) ) ;
#1327 = CARTESIAN_POINT ( 'NONE',  ( 1.309737905594143204E-16, 7.115625000614516082, 1.443375671530686910 ) ) ;
#1328 = AXIS2_PLACEMENT_3D ( 'NONE', #4119, #3109, #4 ) ;
#1329 = CARTESIAN_POINT ( 'NONE',  ( -2.549999999999998934, 10.09999999999999964, 0.000000000000000000 ) ) ;
#1330 = EDGE_CURVE ( 'NONE', #3465, #1404, #3890, .T. ) ;
#1331 = CARTESIAN_POINT ( 'NONE',  ( -0.6249999993749983940, -0.5718749993854823632, 1.082531753648015904 ) ) ;
#1332 = CARTESIAN_POINT ( 'NONE',  ( -0.5253432182843933429, 8.925000000000000711, -0.8979642393405733447 ) ) ;
#1333 = ORIENTED_EDGE ( 'NONE', *, *, #1990, .F. ) ;
#1334 = CARTESIAN_POINT ( 'NONE',  ( -0.8979642393405734557, 3.562500000000000000, -0.5253432182843935649 ) ) ;
#1335 = CARTESIAN_POINT ( 'NONE',  ( -0.6249999993749985050, 6.178125000614516971, 1.082531753648015904 ) ) ;
#1336 =( BOUNDED_CURVE ( )  B_SPLINE_CURVE ( 2, ( #4719, #1083, #3791, #2380, #4210, #2919, #5619 ),
 .UNSPECIFIED., .F., .T. ) 
 B_SPLINE_CURVE_WITH_KNOTS ( ( 3, 2, 2, 3 ),
 ( 0.7838839921932430066, 0.7887227821275965001, 0.7935615722019988549, 0.7984003622764013208 ),
 .UNSPECIFIED. ) 
 CURVE ( )  GEOMETRIC_REPRESENTATION_ITEM ( )  RATIONAL_B_SPLINE_CURVE ( ( 1.000000000000000000, 0.8660254037844387076, 1.000000000000000000, 0.8660254037844387076, 1.000000000000000000, 0.8660254037844387076, 1.000000000000000000 ) ) 
 REPRESENTATION_ITEM ( '' )  );
#1337 = CARTESIAN_POINT ( 'NONE',  ( -0.6249999993749995042, 6.028125000614516615, -1.082531753648015460 ) ) ;
#1338 = VERTEX_POINT ( 'NONE', #5262 ) ;
#1339 = CARTESIAN_POINT ( 'NONE',  ( -2.168404344971008868E-16, 11.50000000000000000, 0.000000000000000000 ) ) ;
#1340 = CARTESIAN_POINT ( 'NONE',  ( 1.249999998749998342, 11.27812500061451573, -1.530808497403381346E-16 ) ) ;
#1341 = CARTESIAN_POINT ( 'NONE',  ( -1.006430354999998666, -0.7874999987709639937, 0.000000000000000000 ) ) ;
#1342 = CARTESIAN_POINT ( 'NONE',  ( 1.249999998749998342, 9.084375000614517859, -1.530808497403381346E-16 ) ) ;
#1343 = CARTESIAN_POINT ( 'NONE',  ( 1.249999998749998342, 2.371875000614517948, -0.7216878357653438991 ) ) ;
#1344 = CARTESIAN_POINT ( 'NONE',  ( 0.6249999993749996152, 12.60937500061451644, 1.082531753648015238 ) ) ;
#1345 = CARTESIAN_POINT ( 'NONE',  ( 0.5032151774999990002, 7.612500001229035362, -0.8715942545697897836 ) ) ;
#1346 = CARTESIAN_POINT ( 'NONE',  ( -1.006430354999998666, 1.799999999771100256, -3.546827598927089570E-09 ) ) ;
#1347 = ORIENTED_EDGE ( 'NONE', *, *, #4288, .F. ) ;
#1348 = CARTESIAN_POINT ( 'NONE',  ( -0.08631545648392864589, 11.25643037596553420, -1.002722145678321963 ) ) ;
#1349 = CARTESIAN_POINT ( 'NONE',  ( 1.006430354999998666, 5.737500001229035362, -1.232521712815482580E-16 ) ) ;
#1350 = CARTESIAN_POINT ( 'NONE',  ( 0.6249999993749998373, 1.809375000614517282, 1.082531753648015238 ) ) ;
#1351 = CARTESIAN_POINT ( 'NONE',  ( 0.5032151774999988891, 10.76250000122903572, -0.8715942545697897836 ) ) ;
#1352 = CARTESIAN_POINT ( 'NONE',  ( 0.5032151774999990002, 9.862500001229035362, -0.8715942545697897836 ) ) ;
#1353 = CARTESIAN_POINT ( 'NONE',  ( 1.249999998749998342, 10.47187500061451715, -0.7216878357653438991 ) ) ;
#1354 = CARTESIAN_POINT ( 'NONE',  ( 1.006430354999998666, 4.275000000000001243, -1.232521712815482580E-16 ) ) ;
#1355 = CARTESIAN_POINT ( 'NONE',  ( -0.6249999993749985050, 6.178125000614516971, 1.082531753648015904 ) ) ;
#1356 = DIRECTION ( 'NONE',  ( -1.000000000000000000, 0.000000000000000000, 0.000000000000000000 ) ) ;
#1357 = CARTESIAN_POINT ( 'NONE',  ( -1.249999998749998564, -1.546874999385482452, 0.000000000000000000 ) ) ;
#1358 = CARTESIAN_POINT ( 'NONE',  ( 1.006430354999998444, 9.225000000000001421, 0.000000000000000000 ) ) ;
#1359 = ORIENTED_EDGE ( 'NONE', *, *, #5085, .F. ) ;
#1360 = CARTESIAN_POINT ( 'NONE',  ( -2.122477607882222795E-16, 11.25643035500000266, 0.000000000000000000 ) ) ;
#1361 = EDGE_CURVE ( 'NONE', #546, #1599, #3989, .T. ) ;
#1362 = CARTESIAN_POINT ( 'NONE',  ( -1.006430354999998888, 10.34999999999999964, 0.000000000000000000 ) ) ;
#1363 = CARTESIAN_POINT ( 'NONE',  ( -1.249999998749998564, 6.065625000614517148, -0.7216878357653433440 ) ) ;
#1364 = VECTOR ( 'NONE', #1799, 1000.000000000000000 ) ;
#1365 = CARTESIAN_POINT ( 'NONE',  ( 1.564289720003782958E-16, 5.765625000614517326, 1.443375671530686910 ) ) ;
#1366 = VERTEX_POINT ( 'NONE', #2031 ) ;
#1367 = CARTESIAN_POINT ( 'NONE',  ( -2.168404344971008868E-16, 11.50000000000000000, 0.000000000000000000 ) ) ;
#1368 = CARTESIAN_POINT ( 'NONE',  ( 1.249999998749999008, 7.190625000614516260, 0.7216878357653431220 ) ) ;
#1369 = CARTESIAN_POINT ( 'NONE',  ( 0.8204373693870538053, -2.311139651801429107, -0.6884459366908757261 ) ) ;
#1370 = CARTESIAN_POINT ( 'NONE',  ( -0.6249999993749995042, 9.234375000614518214, -1.082531753648015460 ) ) ;
#1371 = CARTESIAN_POINT ( 'NONE',  ( -1.249999998749998342, 1.696875000614517459, 0.7216878357653442322 ) ) ;
#1372 = CARTESIAN_POINT ( 'NONE',  ( -0.6249999993749996152, 11.48437500061451644, -1.082531753648015460 ) ) ;
#1373 = CARTESIAN_POINT ( 'NONE',  ( -0.9365260022495556225, 11.40141072038437287, -0.6700967328774082299 ) ) ;
#1374 = CARTESIAN_POINT ( 'NONE',  ( 0.6249999993749987270, 11.35312500061451502, -1.082531753648015460 ) ) ;
#1375 = ORIENTED_EDGE ( 'NONE', *, *, #4965, .T. ) ;
#1376 = CARTESIAN_POINT ( 'NONE',  ( 1.006430354999998666, 4.387500001229036606, -1.173230260442801636E-14 ) ) ;
#1377 = CARTESIAN_POINT ( 'NONE',  ( 1.413560086969175469E-16, 3.825000001229036162, 1.162125672759719563 ) ) ;
#1378 = CARTESIAN_POINT ( 'NONE',  ( -1.249999998749998564, 1.621875000614517059, -0.7216878357653433440 ) ) ;
#1379 = CARTESIAN_POINT ( 'NONE',  ( -1.006430354999998888, 11.25643035500000266, 0.000000000000000000 ) ) ;
#1380 = CARTESIAN_POINT ( 'NONE',  ( 1.006430354999998666, 5.287500001229035185, 0.000000000000000000 ) ) ;
#1381 = CARTESIAN_POINT ( 'NONE',  ( 1.249999998749998564, 9.946875000614516793, 0.7216878357653431220 ) ) ;
#1382 = CARTESIAN_POINT ( 'NONE',  ( -1.708591349113834458E-16, 5.287500000000000533, -1.162125672759719563 ) ) ;
#1383 = CARTESIAN_POINT ( 'NONE',  ( 0.6249999993749988381, 7.753125000614517148, -1.082531753648015460 ) ) ;
#1384 = CARTESIAN_POINT ( 'NONE',  ( 0.5253432182843930098, 3.299999999999999378, 0.8979642393405733447 ) ) ;
#1385 = CARTESIAN_POINT ( 'NONE',  ( -0.5253432182843936760, 9.975000000000001421, 0.8979642393405733447 ) ) ;
#1386 = CARTESIAN_POINT ( 'NONE',  ( 1.249999998749998564, -0.8718749993854822966, -1.530808497403381346E-16 ) ) ;
#1387 = CARTESIAN_POINT ( 'NONE',  ( 1.006430354999998444, 8.775000000000002132, 0.000000000000000000 ) ) ;
#1388 = EDGE_CURVE ( 'NONE', #4819, #5655, #5775, .T. ) ;
#1389 = ORIENTED_EDGE ( 'NONE', *, *, #4552, .F. ) ;
#1390 = DIRECTION ( 'NONE',  ( 1.000000000000000000, 1.885568995626964595E-17, 0.000000000000000000 ) ) ;
#1391 = CARTESIAN_POINT ( 'NONE',  ( -0.5032151774999996663, 12.52500000000000036, -0.8715942545697896726 ) ) ;
#1392 = CARTESIAN_POINT ( 'NONE',  ( -1.249999998749998564, -1.078124999385482008, -0.7216878357653433440 ) ) ;
#1393 = CARTESIAN_POINT ( 'NONE',  ( 0.6249999993749988381, 5.953125000614516438, -1.082531753648015460 ) ) ;
#1394 = EDGE_CURVE ( 'NONE', #5166, #3044, #5712, .T. ) ;
#1395 = CARTESIAN_POINT ( 'NONE',  ( -1.249999998749998564, 6.553125000614516971, 0.000000000000000000 ) ) ;
#1396 = CARTESIAN_POINT ( 'NONE',  ( -0.5253432182843936760, 10.42500000000000071, 0.8979642393405733447 ) ) ;
#1397 = CARTESIAN_POINT ( 'NONE',  ( -2.437639398628325419E-16, 8.240625000614516082, -1.443375671530686910 ) ) ;
#1398 = DIRECTION ( 'NONE',  ( -1.885568995626964287E-17, 1.000000000000000000, -0.000000000000000000 ) ) ;
#1399 = CARTESIAN_POINT ( 'NONE',  ( -0.6249999993749985050, 8.484375000614518214, 1.082531753648015904 ) ) ;
#1400 = CARTESIAN_POINT ( 'NONE',  ( 1.249999998749999008, 1.396875000614517637, 0.7216878357653431220 ) ) ;
#1401 = CARTESIAN_POINT ( 'NONE',  ( -0.6249999993749986160, 12.08437500061451608, 1.082531753648015904 ) ) ;
#1402 = CARTESIAN_POINT ( 'NONE',  ( -0.2135797378962970283, 11.27808269056272650, -1.005793381364733952 ) ) ;
#1403 = CARTESIAN_POINT ( 'NONE',  ( -1.006430354999997778, 2.812499998737793661, -3.860180994429083776E-08 ) ) ;
#1404 = VERTEX_POINT ( 'NONE', #706 ) ;
#1405 = CARTESIAN_POINT ( 'NONE',  ( 1.006430354999998666, 5.193750000000001421, -0.2634828508014800952 ) ) ;
#1406 = CARTESIAN_POINT ( 'NONE',  ( -0.5032151774999994442, 3.637500001229036162, -0.8715942545697896726 ) ) ;
#1407 = CARTESIAN_POINT ( 'NONE',  ( 1.249999998749998564, 2.784375000614517592, -1.530808497403381346E-16 ) ) ;
#1408 = CARTESIAN_POINT ( 'NONE',  ( -0.8979642393405733447, 1.387499999999999734, 0.5253432182843934539 ) ) ;
#1409 = CARTESIAN_POINT ( 'NONE',  ( -0.2634828508014802617, 8.456250000000002487, -1.006430354999998666 ) ) ;
#1410 = CARTESIAN_POINT ( 'NONE',  ( -2.278544514622299926E-16, 7.396875000614517859, -1.443375671530686910 ) ) ;
#1411 = ADVANCED_FACE ( 'NONE', ( #1606 ), #674, .F. ) ;
#1412 = CARTESIAN_POINT ( 'NONE',  ( -0.5032151774999986671, 4.125000000000000000, 0.8715942545697901167 ) ) ;
#1413 = CARTESIAN_POINT ( 'NONE',  ( -1.249999998749998564, 4.265625000614517326, -0.7216878357653433440 ) ) ;
#1414 = CARTESIAN_POINT ( 'NONE',  ( 1.006430354999998444, 1.275000001229036117, -0.5810628363798601148 ) ) ;
#1415 = CYLINDRICAL_SURFACE ( 'NONE', #5274, 1.749999999999999556 ) ;
#1416 = DIRECTION ( 'NONE',  ( -1.000000000000000000, 0.000000000000000000, 0.000000000000000000 ) ) ;
#1417 = CARTESIAN_POINT ( 'NONE',  ( 0.5032151774999995553, 10.61250000122903536, 0.8715942545697895616 ) ) ;
#1418 = DIRECTION ( 'NONE',  ( 1.885568995626964287E-17, -1.000000000000000000, 0.000000000000000000 ) ) ;
#1419 = AXIS2_PLACEMENT_3D ( 'NONE', #4353, #236, #4101 ) ;
#1420 = ORIENTED_EDGE ( 'NONE', *, *, #74, .F. ) ;
#1421 = CARTESIAN_POINT ( 'NONE',  ( 1.006430354999998444, 11.02500000000000036, -1.232521712815482580E-16 ) ) ;
#1422 = CARTESIAN_POINT ( 'NONE',  ( -0.6249999993749982830, -1.865624999385482097, 1.082531753648015904 ) ) ;
#1423 = CARTESIAN_POINT ( 'NONE',  ( -1.249999998749998564, 5.203125000614516438, 0.000000000000000000 ) ) ;
#1424 = CARTESIAN_POINT ( 'NONE',  ( 0.6249999993749998373, 4.003125000614517148, 1.082531753648015238 ) ) ;
#1425 = ORIENTED_EDGE ( 'NONE', *, *, #4733, .F. ) ;
#1426 = CARTESIAN_POINT ( 'NONE',  ( 1.006430355000001331, 10.27500000122903678, -0.5810628363798582274 ) ) ;
#1427 = CARTESIAN_POINT ( 'NONE',  ( -0.6249999993749985050, 8.878125000614515372, 1.082531753648015904 ) ) ;
#1428 = DIRECTION ( 'NONE',  ( -1.885568995626964287E-17, 1.000000000000000000, -0.000000000000000000 ) ) ;
#1429 = CARTESIAN_POINT ( 'NONE',  ( 1.249999998749998342, 8.221875000614517148, -0.7216878357653438991 ) ) ;
#1430 = ADVANCED_BREP_SHAPE_REPRESENTATION ( '9774100151R', ( #4433, #570 ), #2493 ) ;
#1431 = CARTESIAN_POINT ( 'NONE',  ( -1.249999998749998564, 0.3093750006145177256, 0.000000000000000000 ) ) ;
#1432 = CARTESIAN_POINT ( 'NONE',  ( -1.006430354999998666, -1.837499999999998801, -0.5810628363798596707 ) ) ;
#1433 = CARTESIAN_POINT ( 'NONE',  ( -0.8378562950343008131, 11.38114362447242378, -0.7599370381114984863 ) ) ;
#1434 = CARTESIAN_POINT ( 'NONE',  ( 1.006430354999998666, 2.025000000000000799, 0.000000000000000000 ) ) ;
#1435 = ORIENTED_EDGE ( 'NONE', *, *, #3931, .T. ) ;
#1436 = CIRCLE ( 'NONE', #1631, 1.006430354999998888 ) ;
#1437 = CARTESIAN_POINT ( 'NONE',  ( 0.5032151774999996663, 5.212500001229035895, 0.8715942545697895616 ) ) ;
#1438 = CARTESIAN_POINT ( 'NONE',  ( 1.249999998749999008, 3.646875000614517859, 0.7216878357653431220 ) ) ;
#1439 = CARTESIAN_POINT ( 'NONE',  ( -1.006430354999998888, 10.91249999999527276, -1.911712426746836953E-08 ) ) ;
#1440 = FACE_OUTER_BOUND ( 'NONE', #766, .T. ) ;
#1441 = CARTESIAN_POINT ( 'NONE',  ( 0.6249999993749997262, 6.759375000614517681, 1.082531753648015238 ) ) ;
#1442 = CARTESIAN_POINT ( 'NONE',  ( -0.5032151774999994442, 3.975000000000000977, -0.8715942545697896726 ) ) ;
#1443 = CARTESIAN_POINT ( 'NONE',  ( -1.673983955399404679E-16, 4.190625000614517148, -1.443375671530686910 ) ) ;
#1444 = CARTESIAN_POINT ( 'NONE',  ( 1.006430354999998666, 4.837500001229035007, 1.173230260442809209E-14 ) ) ;
#1445 = DIRECTION ( 'NONE',  ( -1.885568995626964287E-17, 1.000000000000000000, -0.000000000000000000 ) ) ;
#1446 = CARTESIAN_POINT ( 'NONE',  ( -1.006430354999998222, 9.899999997718765599, -3.534773552881751009E-08 ) ) ;
#1447 = CARTESIAN_POINT ( 'NONE',  ( 1.408010149209747913E-17, 10.57500000122903572, 1.162125672759719563 ) ) ;
#1448 = CARTESIAN_POINT ( 'NONE',  ( -0.2634828508014804282, 7.293750000000001066, 1.006430354999998888 ) ) ;
#1449 = VERTEX_POINT ( 'NONE', #2537 ) ;
#1450 = CARTESIAN_POINT ( 'NONE',  ( -1.006430354999998888, 12.11250000000000071, -0.5810628363798596707 ) ) ;
#1451 = CARTESIAN_POINT ( 'NONE',  ( -3.116444237054032414E-16, 11.84062500061451750, -1.443375671530686910 ) ) ;
#1452 = CARTESIAN_POINT ( 'NONE',  ( -1.249999998749998564, 3.853125000614517681, 0.000000000000000000 ) ) ;
#1453 = CARTESIAN_POINT ( 'NONE',  ( -0.6249999993749983940, 2.128125000614517148, 1.082531753648015904 ) ) ;
#1454 = ORIENTED_EDGE ( 'NONE', *, *, #5358, .F. ) ;
#1455 = CARTESIAN_POINT ( 'NONE',  ( 1.006430354999998666, 3.937500001229035984, 0.000000000000000000 ) ) ;
#1456 = CARTESIAN_POINT ( 'NONE',  ( -1.249999998749999008, 9.215625000614515727, -0.7216878357653433440 ) ) ;
#1457 = EDGE_CURVE ( 'NONE', #3023, #4256, #2458, .T. ) ;
#1458 = CARTESIAN_POINT ( 'NONE',  ( -1.006430354999998666, -2.137499998770964638, 0.000000000000000000 ) ) ;
#1459 = CARTESIAN_POINT ( 'NONE',  ( -1.249999998749998564, 5.221875000614517148, -0.7216878357653433440 ) ) ;
#1460 = EDGE_CURVE ( 'NONE', #2839, #1449, #1142, .T. ) ;
#1461 = CARTESIAN_POINT ( 'NONE',  ( 1.249999998749998342, -0.7781249993854820746, -0.7216878357653438991 ) ) ;
#1462 = CARTESIAN_POINT ( 'NONE',  ( -1.249999998749998342, 11.14687500061451786, 0.7216878357653442322 ) ) ;
#1463 = CARTESIAN_POINT ( 'NONE',  ( -0.7028292679910072005, 11.35629973805385262, -0.8548863162988262765 ) ) ;
#1464 = CARTESIAN_POINT ( 'NONE',  ( -0.5253432182843933429, 1.875000000000001776, 0.8979642393405733447 ) ) ;
#1465 = ORIENTED_EDGE ( 'NONE', *, *, #652, .F. ) ;
#1466 = CARTESIAN_POINT ( 'NONE',  ( -0.5032151774999994442, 3.187500001229035540, -0.8715942545697896726 ) ) ;
#1467 = CARTESIAN_POINT ( 'NONE',  ( -1.249999998749998342, 2.146875000614518303, 0.7216878357653442322 ) ) ;
#1468 = CARTESIAN_POINT ( 'NONE',  ( 1.006430354999998666, 10.65000000122903323, 0.5810628363798593377 ) ) ;
#1469 = CARTESIAN_POINT ( 'NONE',  ( 1.006430354999998444, 7.987500001229035362, 0.000000000000000000 ) ) ;
#1470 = CARTESIAN_POINT ( 'NONE',  ( 1.249999998749998342, 6.421875000614517326, -0.7216878357653438991 ) ) ;
#1471 = CARTESIAN_POINT ( 'NONE',  ( 1.006430354999998444, 5.212500000000000355, -0.5810628363798602258 ) ) ;
#1472 = CARTESIAN_POINT ( 'NONE',  ( -1.249999998749998564, 3.853125000614517681, 0.000000000000000000 ) ) ;
#1473 = CARTESIAN_POINT ( 'NONE',  ( -1.006430354999998666, 0.5625000015790730945, 5.423820033337930530E-09 ) ) ;
#1474 = DIRECTION ( 'NONE',  ( -1.000000000000000000, 0.000000000000000000, 0.000000000000000000 ) ) ;
#1475 = CARTESIAN_POINT ( 'NONE',  ( -2.168404344971008868E-16, 11.50000000000000000, 0.000000000000000000 ) ) ;
#1476 = CARTESIAN_POINT ( 'NONE',  ( -2.663160653381727633E-16, 10.35000000122903430, -1.162125672759719563 ) ) ;
#1477 = FACE_OUTER_BOUND ( 'NONE', #5455, .T. ) ;
#1478 = CARTESIAN_POINT ( 'NONE',  ( -1.006430354999999111, 5.868750000000001243, 0.2634828508014803727 ) ) ;
#1479 = CARTESIAN_POINT ( 'NONE',  ( -2.896499816358821453E-16, 11.58750000000000036, -1.162125672759719563 ) ) ;
#1480 = CARTESIAN_POINT ( 'NONE',  ( -2.861892422644391921E-16, 10.49062500061451431, -1.443375671530686910 ) ) ;
#1481 = ORIENTED_EDGE ( 'NONE', *, *, #5321, .F. ) ;
#1482 = CARTESIAN_POINT ( 'NONE',  ( -1.249999998749998564, 4.715625000614516615, -0.7216878357653433440 ) ) ;
#1483 = CARTESIAN_POINT ( 'NONE',  ( -1.249999998749998342, 3.440625000614516704, 0.7216878357653442322 ) ) ;
#1484 = VERTEX_POINT ( 'NONE', #1188 ) ;
#1485 = CARTESIAN_POINT ( 'NONE',  ( -2.663160653381728126E-16, 10.35000000122903430, -1.162125672759719341 ) ) ;
#1486 = CARTESIAN_POINT ( 'NONE',  ( -0.6249999993749985050, 7.978125000614515905, 1.082531753648015904 ) ) ;
#1487 = FACE_OUTER_BOUND ( 'NONE', #4995, .T. ) ;
#1488 =( BOUNDED_CURVE ( )  B_SPLINE_CURVE ( 2, ( #5368, #2222, #413, #2248, #1291, #3122, #4077 ),
 .UNSPECIFIED., .F., .T. ) 
 B_SPLINE_CURVE_WITH_KNOTS ( ( 3, 2, 2, 3 ),
 ( 0.6387202897853367922, 0.6435590798955234115, 0.6483978699699258774, 0.6532366600443284543 ),
 .UNSPECIFIED. ) 
 CURVE ( )  GEOMETRIC_REPRESENTATION_ITEM ( )  RATIONAL_B_SPLINE_CURVE ( ( 1.000000000000000000, 0.8660254037844387076, 1.000000000000000000, 0.8660254037844387076, 1.000000000000000000, 0.8660254037844418162, 0.9999999999999968914 ) ) 
 REPRESENTATION_ITEM ( '' )  );
#1489 = CARTESIAN_POINT ( 'NONE',  ( -0.6249999993749985050, 6.684375000614517504, 1.082531753648015904 ) ) ;
#1490 = CARTESIAN_POINT ( 'NONE',  ( 1.249999998749999008, 0.9468750006145185694, 0.7216878357653431220 ) ) ;
#1491 = CARTESIAN_POINT ( 'NONE',  ( -0.6609337484263563267, 11.34921743664601657, -0.8783619947748029233 ) ) ;
#1492 = ORIENTED_EDGE ( 'NONE', *, *, #2094, .T. ) ;
#1493 = CARTESIAN_POINT ( 'NONE',  ( 0.5032151774999997773, 0.2625000012290365503, 0.8715942545697895616 ) ) ;
#1494 = CARTESIAN_POINT ( 'NONE',  ( 1.006430354999998666, 3.487500001229035362, -1.232521712815482580E-16 ) ) ;
#1495 = CARTESIAN_POINT ( 'NONE',  ( 0.6249999993749989491, 0.1593750006145186471, -1.082531753648015460 ) ) ;
#1496 = CARTESIAN_POINT ( 'NONE',  ( -1.249999998749998342, 12.94687500061451679, 0.7216878357653442322 ) ) ;
#1497 = FACE_OUTER_BOUND ( 'NONE', #2288, .T. ) ;
#1498 = CARTESIAN_POINT ( 'NONE',  ( 1.249999998749998342, 6.871875000614517504, -0.7216878357653438991 ) ) ;
#1499 = CARTESIAN_POINT ( 'NONE',  ( -0.5032151774999994442, 2.625000000000000444, -0.8715942545697896726 ) ) ;
#1500 = CARTESIAN_POINT ( 'NONE',  ( 1.249999998749998342, 3.665625000614517681, -0.7216878357653438991 ) ) ;
#1501 = CARTESIAN_POINT ( 'NONE',  ( 1.018994216155490351, -2.170514652415950874, -0.8550590865306432198 ) ) ;
#1502 = CARTESIAN_POINT ( 'NONE',  ( 9.044564581498952226E-17, 6.525000001229035895, 1.162125672759719341 ) ) ;
#1503 = DIRECTION ( 'NONE',  ( -1.885568995626964287E-17, 1.000000000000000000, -0.000000000000000000 ) ) ;
#1504 = CARTESIAN_POINT ( 'NONE',  ( 1.006430354999998444, 10.23750000122903359, -1.232521712815482580E-16 ) ) ;
#1505 = CARTESIAN_POINT ( 'NONE',  ( -1.249999998749998786, 7.959375000614516971, 0.000000000000000000 ) ) ;
#1506 = FACE_OUTER_BOUND ( 'NONE', #4634, .T. ) ;
#1507 = ORIENTED_EDGE ( 'NONE', *, *, #3740, .F. ) ;
#1508 = CARTESIAN_POINT ( 'NONE',  ( -2.641948001949181453E-16, 10.23750000000000071, -1.162125672759719563 ) ) ;
#1509 = CARTESIAN_POINT ( 'NONE',  ( -1.249999998749998342, 11.54062500061451679, 0.7216878357653442322 ) ) ;
#1510 = EDGE_CURVE ( 'NONE', #4751, #2057, #3021, .T. ) ;
#1511 = ORIENTED_EDGE ( 'NONE', *, *, #3740, .T. ) ;
#1512 = CARTESIAN_POINT ( 'NONE',  ( -1.249999998749998342, 3.890625000614517326, 0.7216878357653442322 ) ) ;
#1513 = CARTESIAN_POINT ( 'NONE',  ( -1.249999998749998564, 3.365625000614517415, -0.7216878357653433440 ) ) ;
#1514 = ORIENTED_EDGE ( 'NONE', *, *, #1063, .T. ) ;
#1515 = FACE_OUTER_BOUND ( 'NONE', #5208, .T. ) ;
#1516 = CARTESIAN_POINT ( 'NONE',  ( -1.249999998749998342, 6.646875000614516971, 0.7216878357653442322 ) ) ;
#1517 = CARTESIAN_POINT ( 'NONE',  ( 1.249999998749999008, -0.9093749993854832736, 0.7216878357653431220 ) ) ;
#1518 = CARTESIAN_POINT ( 'NONE',  ( -1.249999998749998564, 0.7593750006145184583, 0.000000000000000000 ) ) ;
#1519 = CARTESIAN_POINT ( 'NONE',  ( -0.6249999993749996152, 12.77812500061451750, -1.082531753648015460 ) ) ;
#1520 = VERTEX_POINT ( 'NONE', #2123 ) ;
#1521 = CARTESIAN_POINT ( 'NONE',  ( -2.787648143441579926E-16, 10.09687500061451715, -1.443375671530686910 ) ) ;
#1522 =( BOUNDED_CURVE ( )  B_SPLINE_CURVE ( 2, ( #3814, #5644, #3426, #5189, #1079, #4294, #4803 ),
 .UNSPECIFIED., .F., .F. ) 
 B_SPLINE_CURVE_WITH_KNOTS ( ( 3, 2, 2, 3 ),
 ( 0.4500074769194261637, 0.4548462669938286296, 0.4596850570682310400, 0.4645238472593161694 ),
 .UNSPECIFIED. ) 
 CURVE ( )  GEOMETRIC_REPRESENTATION_ITEM ( )  RATIONAL_B_SPLINE_CURVE ( ( 0.9999999999999984457, 0.8660254037844402619, 1.000000000000000000, 0.8660254037844387076, 1.000000000000000000, 0.8660254037844387076, 1.000000000000000000 ) ) 
 REPRESENTATION_ITEM ( '' )  );
#1523 = CARTESIAN_POINT ( 'NONE',  ( -1.006430354999998000, 1.500000001229035540, 0.5810628363798603369 ) ) ;
#1524 = CARTESIAN_POINT ( 'NONE',  ( 1.249999998749998342, 1.021875000614517415, -0.7216878357653438991 ) ) ;
#1525 = FACE_OUTER_BOUND ( 'NONE', #2569, .T. ) ;
#1526 = CARTESIAN_POINT ( 'NONE',  ( -0.6249999993749985050, 8.484375000614518214, 1.082531753648015904 ) ) ;
#1527 = CARTESIAN_POINT ( 'NONE',  ( 1.689324552811362388E-16, 2.362500000000000266, 1.162125672759719563 ) ) ;
#1528 = CARTESIAN_POINT ( 'NONE',  ( -1.249999998749998564, 3.403125000614517059, 0.000000000000000000 ) ) ;
#1529 = CARTESIAN_POINT ( 'NONE',  ( 1.006430354999998888, 3.900000001229035451, 0.5810628363798593377 ) ) ;
#1530 = LINE ( 'NONE', #2553, #2307 ) ;
#1531 = CARTESIAN_POINT ( 'NONE',  ( 1.006430354999998444, 10.23750000122903359, 0.000000000000000000 ) ) ;
#1532 = CARTESIAN_POINT ( 'NONE',  ( 0.5032151774999995553, 11.96250000122903501, 0.8715942545697895616 ) ) ;
#1533 = CARTESIAN_POINT ( 'NONE',  ( 1.249999998749998564, 7.696875000614516793, 0.7216878357653431220 ) ) ;
#1534 = EDGE_CURVE ( 'NONE', #2125, #4078, #2289, .T. ) ;
#1535 = CARTESIAN_POINT ( 'NONE',  ( -2.168404344971008868E-16, 11.50000000000000000, 0.000000000000000000 ) ) ;
#1536 = ORIENTED_EDGE ( 'NONE', *, *, #3593, .T. ) ;
#1537 = CARTESIAN_POINT ( 'NONE',  ( -1.006430354999998888, 9.862500000000000711, -0.5810628363798596707 ) ) ;
#1538 = CARTESIAN_POINT ( 'NONE',  ( -0.6249999993749996152, 10.97812500061451679, -1.082531753648015460 ) ) ;
#1539 = ADVANCED_FACE ( 'NONE', ( #4547 ), #402, .F. ) ;
#1540 = VERTEX_POINT ( 'NONE', #2182 ) ;
#1541 = CARTESIAN_POINT ( 'NONE',  ( -0.6249999993749993932, 3.778125000614517504, -1.082531753648015460 ) ) ;
#1542 = CARTESIAN_POINT ( 'NONE',  ( -0.6249999993749983940, 2.578125000614517770, 1.082531753648015904 ) ) ;
#1543 = ORIENTED_EDGE ( 'NONE', *, *, #882, .F. ) ;
#1544 = VECTOR ( 'NONE', #4237, 1000.000000000000000 ) ;
#1545 = ADVANCED_FACE ( 'NONE', ( #904 ), #3421, .F. ) ;
#1546 = CARTESIAN_POINT ( 'NONE',  ( -0.2634828508014802062, 4.856250000000001066, -1.006430354999998666 ) ) ;
#1547 = CARTESIAN_POINT ( 'NONE',  ( 1.249999998749998342, 6.871875000614517504, -0.7216878357653438991 ) ) ;
#1548 = CARTESIAN_POINT ( 'NONE',  ( -1.249999998749998564, -1.546874999385482452, 0.000000000000000000 ) ) ;
#1549 = CARTESIAN_POINT ( 'NONE',  ( 2.826442466451581455E-16, -0.9281249993854812086, 1.443375671530686910 ) ) ;
#1550 = CARTESIAN_POINT ( 'NONE',  ( -1.249999998749999008, 12.81562500061451537, -0.7216878357653433440 ) ) ;
#1551 = ORIENTED_EDGE ( 'NONE', *, *, #4219, .F. ) ;
#1552 = CARTESIAN_POINT ( 'NONE',  ( -0.6249999993749996152, 11.48437500061451644, -1.082531753648015460 ) ) ;
#1553 = VECTOR ( 'NONE', #5912, 1000.000000000000000 ) ;
#1554 = CARTESIAN_POINT ( 'NONE',  ( -0.5032151774999994442, 2.287500001229035629, -0.8715942545697896726 ) ) ;
#1555 = CARTESIAN_POINT ( 'NONE',  ( -1.090636047377312314E-16, 1.096875000614517814, -1.443375671530686910 ) ) ;
#1556 = CARTESIAN_POINT ( 'NONE',  ( -3.296751772260859926E-16, 12.79687500061451644, -1.443375671530686910 ) ) ;
#1557 = CARTESIAN_POINT ( 'NONE',  ( 0.6249999993749997262, 6.309375000614517504, 1.082531753648015238 ) ) ;
#1558 = CARTESIAN_POINT ( 'NONE',  ( -0.5032151774999986671, 0.9750000000000001998, 0.8715942545697901167 ) ) ;
#1559 = CARTESIAN_POINT ( 'NONE',  ( 1.249999998749998342, 2.765625000614517770, -0.7216878357653438991 ) ) ;
#1560 = DIRECTION ( 'NONE',  ( -1.885568995626964287E-17, 1.000000000000000000, -0.000000000000000000 ) ) ;
#1561 = PRODUCT_RELATED_PRODUCT_CATEGORY ( 'part', '', ( #380 ) ) ;
#1562 = CARTESIAN_POINT ( 'NONE',  ( 0.5253432182843934539, 0.7500000000000011102, -0.8979642393405733447 ) ) ;
#1563 =( BOUNDED_CURVE ( )  B_SPLINE_CURVE ( 2, ( #2446, #582, #5627, #520, #1002, #2841, #71 ),
 .UNSPECIFIED., .F., .F. ) 
 B_SPLINE_CURVE_WITH_KNOTS ( ( 3, 2, 2, 3 ),
 ( 0.3193601449000982306, 0.3241989349849629387, 0.3290377250593654046, 0.3338765151337678150 ),
 .UNSPECIFIED. ) 
 CURVE ( )  GEOMETRIC_REPRESENTATION_ITEM ( )  RATIONAL_B_SPLINE_CURVE ( ( 1.000000000000000000, 0.8660254037844387076, 1.000000000000000000, 0.8660254037844387076, 1.000000000000000000, 0.8660254037844387076, 1.000000000000000000 ) ) 
 REPRESENTATION_ITEM ( '' )  );
#1564 = CARTESIAN_POINT ( 'NONE',  ( -0.2634828508014804282, 8.193750000000001421, 1.006430354999998888 ) ) ;
#1565 = CARTESIAN_POINT ( 'NONE',  ( 4.802034341338283506E-17, 8.775000001229035007, 1.162125672759719563 ) ) ;
#1566 = CARTESIAN_POINT ( 'NONE',  ( -0.6249999993749995042, 6.984375000614517326, -1.082531753648015460 ) ) ;
#1567 = CARTESIAN_POINT ( 'NONE',  ( -2.168404344971008868E-16, 11.50000000000000000, 0.000000000000000000 ) ) ;
#1568 = ORIENTED_EDGE ( 'NONE', *, *, #1649, .T. ) ;
#1569 = CARTESIAN_POINT ( 'NONE',  ( 1.006430354999998000, 9.712500000000000355, -0.5810628363798602258 ) ) ;
#1570 = CARTESIAN_POINT ( 'NONE',  ( -0.6249999993749995042, 8.278125000614515727, -1.082531753648015460 ) ) ;
#1571 = ORIENTED_EDGE ( 'NONE', *, *, #5715, .T. ) ;
#1572 = CARTESIAN_POINT ( 'NONE',  ( 1.249999998749998564, 1.378125000614518036, -1.530808497403381346E-16 ) ) ;
#1573 = CARTESIAN_POINT ( 'NONE',  ( -1.249999998749998564, 1.603125000614517459, 0.000000000000000000 ) ) ;
#1574 = ORIENTED_EDGE ( 'NONE', *, *, #2169, .F. ) ;
#1575 = CARTESIAN_POINT ( 'NONE',  ( 1.159008272559535469E-16, 5.175000001229036251, 1.162125672759719341 ) ) ;
#1576 = ADVANCED_FACE ( 'NONE', ( #3670 ), #5632, .F. ) ;
#1577 = CARTESIAN_POINT ( 'NONE',  ( 1.249999998749998564, 8.540625000614516793, 0.7216878357653431220 ) ) ;
#1578 = CARTESIAN_POINT ( 'NONE',  ( 1.249999998749998564, 5.484375000614516438, -1.530808497403381346E-16 ) ) ;
#1579 = CARTESIAN_POINT ( 'NONE',  ( -1.249999998749998564, -2.034374999385482496, -0.7216878357653433440 ) ) ;
#1580 = DIRECTION ( 'NONE',  ( -1.885568995626964287E-17, 1.000000000000000000, -0.000000000000000000 ) ) ;
#1581 = CARTESIAN_POINT ( 'NONE',  ( 1.249999998749998564, 12.59062500061451573, 0.7216878357653431220 ) ) ;
#1582 = ADVANCED_FACE ( 'NONE', ( #3561 ), #5249, .F. ) ;
#1583 = ORIENTED_EDGE ( 'NONE', *, *, #3000, .F. ) ;
#1584 = CARTESIAN_POINT ( 'NONE',  ( -1.249999998749998342, 10.24687500061451573, 0.7216878357653442322 ) ) ;
#1585 = CARTESIAN_POINT ( 'NONE',  ( 1.922663715788455962E-16, 1.125000001229035318, 1.162125672759719563 ) ) ;
#1586 = CARTESIAN_POINT ( 'NONE',  ( 3.657749271583942751E-17, 12.12187500061451573, 1.443375671530686910 ) ) ;
#1587 = CARTESIAN_POINT ( 'NONE',  ( -1.249999998749998564, 5.221875000614517148, -0.7216878357653433440 ) ) ;
#1588 = CARTESIAN_POINT ( 'NONE',  ( -0.5032151774999986671, 1.425000000000000933, 0.8715942545697901167 ) ) ;
#1589 = CARTESIAN_POINT ( 'NONE',  ( 1.249999998749999008, 1.340625000614516837, 0.7216878357653431220 ) ) ;
#1590 = CARTESIAN_POINT ( 'NONE',  ( 1.006430354999998888, 10.14375000000000071, -0.2634828508014800952 ) ) ;
#1591 = CARTESIAN_POINT ( 'NONE',  ( -1.006430354999998888, 0.8812500000000018652, -0.2634828508014803727 ) ) ;
#1592 = CARTESIAN_POINT ( 'NONE',  ( -1.006430354999998444, 9.881249999999997868, -0.2634828508014804282 ) ) ;
#1593 = CARTESIAN_POINT ( 'NONE',  ( 0.5032151774999990002, 9.862500001229035362, -0.8715942545697897836 ) ) ;
#1594 = CARTESIAN_POINT ( 'NONE',  ( 1.249999998749999008, 6.796875000614517326, 0.7216878357653431220 ) ) ;
#1595 = CARTESIAN_POINT ( 'NONE',  ( 0.5032151774999995553, 13.19999999999999929, 0.8715942545697895616 ) ) ;
#1596 = CARTESIAN_POINT ( 'NONE',  ( -1.006430354999998888, 2.362500001223962087, -7.862989205487675788E-11 ) ) ;
#1597 = CARTESIAN_POINT ( 'NONE',  ( -1.006430354999998444, 8.137500000000001066, 0.5810628363798603369 ) ) ;
#1598 = CARTESIAN_POINT ( 'NONE',  ( 1.249999998749998342, 9.478125000614515017, -1.530808497403381346E-16 ) ) ;
#1599 = VERTEX_POINT ( 'NONE', #2739 ) ;
#1600 = CARTESIAN_POINT ( 'NONE',  ( -1.249999998749998342, 2.990625000614517415, 0.7216878357653442322 ) ) ;
#1601 = AXIS2_PLACEMENT_3D ( 'NONE', #1367, #3677, #5892 ) ;
#1602 = CARTESIAN_POINT ( 'NONE',  ( 2.412795768035917441E-16, 1.265625000614516438, 1.443375671530686910 ) ) ;
#1603 = VERTEX_POINT ( 'NONE', #1305 ) ;
#1604 = CARTESIAN_POINT ( 'NONE',  ( 0.2634828508014802062, 2.381250000000000533, 1.006430354999998666 ) ) ;
#1605 = ORIENTED_EDGE ( 'NONE', *, *, #907, .T. ) ;
#1606 = FACE_OUTER_BOUND ( 'NONE', #1703, .T. ) ;
#1607 = B_SPLINE_CURVE_WITH_KNOTS ( 'NONE', 3,
 ( #2614, #3035, #5425, #1773, #861, #3149, #4980, #4505, #4864, #806 ),
 .UNSPECIFIED., .F., .F.,
 ( 4, 2, 2, 2, 4 ),
 ( 0.000000000000000000, 0.1249999999999999722, 0.2499999999999999445, 0.3749999999999999445, 0.5000000000000000000 ),
 .UNSPECIFIED. ) ;
#1608 = CARTESIAN_POINT ( 'NONE',  ( -1.249999998749998342, 10.19062500061451715, 0.7216878357653442322 ) ) ;
#1609 = ORIENTED_EDGE ( 'NONE', *, *, #3707, .T. ) ;
#1610 = CARTESIAN_POINT ( 'NONE',  ( 1.249999998749998564, 4.134375000614517681, -1.530808497403381346E-16 ) ) ;
#1611 = CARTESIAN_POINT ( 'NONE',  ( -1.249999998749998564, -0.1968749993854820302, 0.000000000000000000 ) ) ;
#1612 = CARTESIAN_POINT ( 'NONE',  ( -0.6249999993749992822, -1.565624999385482274, -1.082531753648015460 ) ) ;
#1613 = CARTESIAN_POINT ( 'NONE',  ( 0.6249999993749987270, 11.80312500061451608, -1.082531753648015460 ) ) ;
#1614 = CARTESIAN_POINT ( 'NONE',  ( 1.249999998749998342, 11.33437500061451608, -1.530808497403381346E-16 ) ) ;
#1615 = CARTESIAN_POINT ( 'NONE',  ( 1.006430354999998888, 1.650000001229036339, 0.5810628363798594487 ) ) ;
#1616 = ADVANCED_FACE ( 'NONE', ( #2261 ), #5834, .F. ) ;
#1617 = CARTESIAN_POINT ( 'NONE',  ( -1.249999998749999008, 11.52187500061451608, -0.7216878357653433440 ) ) ;
#1618 = CARTESIAN_POINT ( 'NONE',  ( -1.249999998749998564, 4.771875000614516971, -0.7216878357653433440 ) ) ;
#1619 = CARTESIAN_POINT ( 'NONE',  ( -1.006430354999998666, 0.8625000000000003775, -0.5810628363798596707 ) ) ;
#1620 = CARTESIAN_POINT ( 'NONE',  ( -0.6249999993749993932, 2.878125000614517592, -1.082531753648015460 ) ) ;
#1621 = CARTESIAN_POINT ( 'NONE',  ( -1.006430354999998666, 2.699999999995018829, -7.719855113713652835E-11 ) ) ;
#1622 = LINE ( 'NONE', #2915, #195 ) ;
#1623 = CARTESIAN_POINT ( 'NONE',  ( -1.006430354999998666, 6.412500000622184615, -9.403176572410689281E-09 ) ) ;
#1624 = CARTESIAN_POINT ( 'NONE',  ( -1.006430354999998888, 8.212500001229035007, 0.000000000000000000 ) ) ;
#1625 = CARTESIAN_POINT ( 'NONE',  ( 1.249999998749998342, 8.221875000614517148, -0.7216878357653438991 ) ) ;
#1626 = B_SPLINE_CURVE_WITH_KNOTS ( 'NONE', 3,
 ( #4181, #97, #4663, #2467, #1935, #3761, #2892, #5590, #1478, #3793 ),
 .UNSPECIFIED., .F., .F.,
 ( 4, 2, 2, 2, 4 ),
 ( 0.5000000000000000000, 0.6250000000000000000, 0.7500000000000000000, 0.8750000000000000000, 1.000000000000000000 ),
 .UNSPECIFIED. ) ;
#1627 = DIRECTION ( 'NONE',  ( -1.000000000000000000, 0.000000000000000000, 0.000000000000000000 ) ) ;
#1628 = CARTESIAN_POINT ( 'NONE',  ( 1.668111901378815716E-16, 2.475000001229035185, 1.162125672759719341 ) ) ;
#1629 = CARTESIAN_POINT ( 'NONE',  ( -0.5032151774999995553, 8.925000000000000711, -0.8715942545697896726 ) ) ;
#1630 = CARTESIAN_POINT ( 'NONE',  ( 1.249999998749998342, 9.515625000614518214, -0.7216878357653438991 ) ) ;
#1631 = AXIS2_PLACEMENT_3D ( 'NONE', #5036, #3686, #4197 ) ;
#1632 = ORIENTED_EDGE ( 'NONE', *, *, #5273, .T. ) ;
#1633 = CARTESIAN_POINT ( 'NONE',  ( -0.6249999993749993932, 2.878125000614517592, -1.082531753648015460 ) ) ;
#1634 = CARTESIAN_POINT ( 'NONE',  ( -1.164880326580124679E-16, 1.490625000614517637, -1.443375671530686910 ) ) ;
#1635 = VERTEX_POINT ( 'NONE', #3167 ) ;
#1636 = DIRECTION ( 'NONE',  ( -1.885568995626964287E-17, 1.000000000000000000, -0.000000000000000000 ) ) ;
#1637 = VERTEX_POINT ( 'NONE', #4091 ) ;
#1638 = CARTESIAN_POINT ( 'NONE',  ( -0.5032151774999986671, 1.537500001229036739, 0.8715942545697901167 ) ) ;
#1639 = CARTESIAN_POINT ( 'NONE',  ( -0.6249999993749985050, 9.328125000614516438, 1.082531753648015904 ) ) ;
#1640 = AXIS2_PLACEMENT_3D ( 'NONE', #1329, #4032, #2708 ) ;
#1641 = ORIENTED_EDGE ( 'NONE', *, *, #1534, .T. ) ;
#1642 = CARTESIAN_POINT ( 'NONE',  ( -1.249999998749998564, 3.459375000614517859, 0.000000000000000000 ) ) ;
#1643 = CARTESIAN_POINT ( 'NONE',  ( -1.249999998749998342, 0.2906250006145180698, 0.7216878357653442322 ) ) ;
#1644 = FACE_OUTER_BOUND ( 'NONE', #5291, .T. ) ;
#1645 = CARTESIAN_POINT ( 'NONE',  ( -1.237433241577336585, 11.49188527320271902, -0.1231842357706651736 ) ) ;
#1646 = ADVANCED_FACE ( 'NONE', ( #5499 ), #2656, .F. ) ;
#1647 = CARTESIAN_POINT ( 'NONE',  ( 0.6249999993749988381, 9.609375000614516438, -1.082531753648015460 ) ) ;
#1648 = CARTESIAN_POINT ( 'NONE',  ( 0.5032151774999997773, 0.7125000012290355622, 0.8715942545697895616 ) ) ;
#1649 = EDGE_CURVE ( 'NONE', #4395, #313, #1191, .T. ) ;
#1650 = CARTESIAN_POINT ( 'NONE',  ( 1.249999998749998564, 9.496875000614517504, 0.7216878357653431220 ) ) ;
#1651 = CARTESIAN_POINT ( 'NONE',  ( 0.6249999993749988381, 6.009375000614516793, -1.082531753648015460 ) ) ;
#1652 = ADVANCED_FACE ( 'NONE', ( #3136 ), #5023, .F. ) ;
#1653 = CARTESIAN_POINT ( 'NONE',  ( 2.028726972024215886E-16, 0.5625000000000004441, 1.162125672759719563 ) ) ;
#1654 = CARTESIAN_POINT ( 'NONE',  ( -1.249999998749998564, 2.915625000614516793, -0.7216878357653433440 ) ) ;
#1655 = CARTESIAN_POINT ( 'NONE',  ( -1.006430354999998444, 10.35000000150474619, 2.331603913334447373E-08 ) ) ;
#1656 = CARTESIAN_POINT ( 'NONE',  ( -1.006430354999998888, 0.9000000003508921154, 5.437054070694858692E-09 ) ) ;
#1657 = AXIS2_PLACEMENT_3D ( 'NONE', #1535, #2409, #2466 ) ;
#1658 = CARTESIAN_POINT ( 'NONE',  ( -1.006430354999999111, 8.212500001369473779, 2.176072290791853362E-09 ) ) ;
#1659 = CARTESIAN_POINT ( 'NONE',  ( -1.006430354999998444, 7.800000001229035362, 0.5810628363798603369 ) ) ;
#1660 = CARTESIAN_POINT ( 'NONE',  ( 1.553683394403381702E-16, 5.821875000614517681, 1.443375671530686910 ) ) ;
#1661 = CARTESIAN_POINT ( 'NONE',  ( 1.249999998749998564, 1.434375000614518836, -1.530808497403381346E-16 ) ) ;
#1662 = CARTESIAN_POINT ( 'NONE',  ( 1.006430354999998666, 2.587500001229035451, 0.000000000000000000 ) ) ;
#1663 = CARTESIAN_POINT ( 'NONE',  ( 6.711172951728014024E-17, 7.762500000000000178, 1.162125672759719563 ) ) ;
#1664 = CARTESIAN_POINT ( 'NONE',  ( 8.006342767748628344E-17, 9.815625000614518925, 1.443375671530686910 ) ) ;
#1665 = EDGE_LOOP ( 'NONE', ( #612, #3820, #190, #2155, #1304, #3181, #5805, #3289, #1758, #2083, #253, #3776, #1347, #3053, #3284, #3532, #2089, #5683, #1359, #1551, #2120, #1212, #129, #1827, #3345, #5710, #1763, #1054, #3764, #737, #5265, #4365, #3604, #4647, #3656, #4873, #3252, #647, #5416, #2684, #5113, #1154, #618, #3401, #5256, #3440, #3150, #3796, #4012, #5680, #2951, #5661, #4519, #5288, #3685 ) ) ;
#1666 = CARTESIAN_POINT ( 'NONE',  ( -1.249999998749998342, 2.540625000614516793, 0.7216878357653442322 ) ) ;
#1667 = CARTESIAN_POINT ( 'NONE',  ( -1.249999998749998564, 0.7031250006145177700, 0.000000000000000000 ) ) ;
#1668 = VERTEX_POINT ( 'NONE', #4969 ) ;
#1669 = CARTESIAN_POINT ( 'NONE',  ( 1.006430354999998666, 6.975000000000000533, 0.000000000000000000 ) ) ;
#1670 = ORIENTED_EDGE ( 'NONE', *, *, #1330, .F. ) ;
#1671 = CARTESIAN_POINT ( 'NONE',  ( 1.006430354999998666, 1.687500001229034874, 1.173230260442809209E-14 ) ) ;
#1672 = CARTESIAN_POINT ( 'NONE',  ( -0.6249999993749985050, 9.778125000614517504, 1.082531753648015904 ) ) ;
#1673 = ORIENTED_EDGE ( 'NONE', *, *, #62, .T. ) ;
#1674 = CARTESIAN_POINT ( 'NONE',  ( 1.249999998749999008, 0.9468750006145185694, 0.7216878357653431220 ) ) ;
#1675 = CARTESIAN_POINT ( 'NONE',  ( 1.006430354999998444, 8.887500001229033941, 0.000000000000000000 ) ) ;
#1676 = CARTESIAN_POINT ( 'NONE',  ( -1.249999998749998342, 3.496875000614516615, 0.7216878357653442322 ) ) ;
#1677 = CARTESIAN_POINT ( 'NONE',  ( -1.249999998749998564, -1.490624999385481875, 0.000000000000000000 ) ) ;
#1678 = CARTESIAN_POINT ( 'NONE',  ( 0.8979642393405731227, 9.637499999999999289, 0.5253432182843934539 ) ) ;
#1679 = CARTESIAN_POINT ( 'NONE',  ( 1.249999998749998342, 10.37812500061451715, -1.530808497403381346E-16 ) ) ;
#1680 = CARTESIAN_POINT ( 'NONE',  ( -0.6249999993749985050, 8.934375000614517504, 1.082531753648015904 ) ) ;
#1681 = CARTESIAN_POINT ( 'NONE',  ( -4.570449284981800216E-17, -1.349999998770964549, -1.162125672759719563 ) ) ;
#1682 = CARTESIAN_POINT ( 'NONE',  ( -0.6249999993749986160, 10.73437500061451644, 1.082531753648015904 ) ) ;
#1683 = CARTESIAN_POINT ( 'NONE',  ( 1.249999998749998342, 4.171875000614517326, -0.7216878357653438991 ) ) ;
#1684 = CARTESIAN_POINT ( 'NONE',  ( 1.006430354999998888, 0.1875000000000001943, 0.5810628363798594487 ) ) ;
#1685 = CARTESIAN_POINT ( 'NONE',  ( 2.327945163232703944E-16, 1.715625000614517282, 1.443375671530686910 ) ) ;
#1686 = CARTESIAN_POINT ( 'NONE',  ( -1.006430354999998444, 10.33125000000000071, -0.2634828508014804282 ) ) ;
#1687 = LINE ( 'NONE', #386, #1741 ) ;
#1688 = CARTESIAN_POINT ( 'NONE',  ( 1.006430354999998444, 9.337500001229036783, 0.000000000000000000 ) ) ;
#1689 = CARTESIAN_POINT ( 'NONE',  ( 1.006430354999998888, 6.600000001229034297, 0.5810628363798594487 ) ) ;
#1690 = CARTESIAN_POINT ( 'NONE',  ( -0.6249999993749995042, 6.084375000614517859, -1.082531753648015460 ) ) ;
#1691 = CARTESIAN_POINT ( 'NONE',  ( 2.741591861648368944E-16, -0.4781249993854822522, 1.443375671530686910 ) ) ;
#1692 = FACE_OUTER_BOUND ( 'NONE', #3918, .T. ) ;
#1693 = CARTESIAN_POINT ( 'NONE',  ( -2.168404344971008868E-16, 11.50000000000000000, 0.000000000000000000 ) ) ;
#1694 = CARTESIAN_POINT ( 'NONE',  ( 1.006430354999998444, 7.462500000000001243, -0.5810628363798602258 ) ) ;
#1695 = CARTESIAN_POINT ( 'NONE',  ( -1.249999998749998342, 9.740625000614516082, 0.7216878357653442322 ) ) ;
#1696 = CARTESIAN_POINT ( 'NONE',  ( -1.080029721776910689E-16, 1.040625000614517015, -1.443375671530686910 ) ) ;
#1697 = CARTESIAN_POINT ( 'NONE',  ( -0.6249999993749993932, 0.1781250006145165821, -1.082531753648015460 ) ) ;
#1698 = CARTESIAN_POINT ( 'NONE',  ( 0.2634828508014799286, 5.081250000000000711, 1.006430354999998666 ) ) ;
#1699 = VERTEX_POINT ( 'NONE', #345 ) ;
#1700 = CARTESIAN_POINT ( 'NONE',  ( 1.006430354999998666, 5.287500001229035185, 0.000000000000000000 ) ) ;
#1701 = CIRCLE ( 'NONE', #4187, 1.249999999999998668 ) ;
#1702 = CARTESIAN_POINT ( 'NONE',  ( 1.055186091184503081E-16, 8.465625000614515727, 1.443375671530686910 ) ) ;
#1703 = EDGE_LOOP ( 'NONE', ( #3257, #2093, #3208, #1938 ) ) ;
#1704 = CARTESIAN_POINT ( 'NONE',  ( -1.006430354841061137, 7.350000001240881708, 0.5810628364716224903 ) ) ;
#1705 = CARTESIAN_POINT ( 'NONE',  ( 1.249999998749998342, 2.371875000614517948, -0.7216878357653438991 ) ) ;
#1706 = CARTESIAN_POINT ( 'NONE',  ( -0.6249999993749983940, -0.9656249993854824076, 1.082531753648015904 ) ) ;
#1707 = CARTESIAN_POINT ( 'NONE',  ( -1.249999998749998786, 11.50312500061451715, 0.000000000000000000 ) ) ;
#1708 = CARTESIAN_POINT ( 'NONE',  ( -1.006430354999998666, -1.724999998770963217, -0.5810628363798596707 ) ) ;
#1709 = VECTOR ( 'NONE', #2798, 1000.000000000000000 ) ;
#1710 = CARTESIAN_POINT ( 'NONE',  ( -2.787648143441579926E-16, 10.09687500061451715, -1.443375671530686910 ) ) ;
#1711 = CARTESIAN_POINT ( 'NONE',  ( 1.249999998749999008, 3.196875000614516793, 0.7216878357653431220 ) ) ;
#1712 = CARTESIAN_POINT ( 'NONE',  ( -0.5032151774999986671, -0.8249999999999992895, 0.8715942545697901167 ) ) ;
#1713 = CARTESIAN_POINT ( 'NONE',  ( -2.168404344971008868E-16, 11.50000000000000000, 0.000000000000000000 ) ) ;
#1714 = CARTESIAN_POINT ( 'NONE',  ( -1.006430354999998666, 5.512500001834003349, 9.373974871155365374E-09 ) ) ;
#1715 = CARTESIAN_POINT ( 'NONE',  ( 1.083765319198174870, 0.1662346808018261013, 0.2282755152712155899 ) ) ;
#1716 = CARTESIAN_POINT ( 'NONE',  ( 0.5032151774999996663, 5.662500001229035185, 0.8715942545697895616 ) ) ;
#1717 = CARTESIAN_POINT ( 'NONE',  ( 1.249999998749999008, 5.896875000614516971, 0.7216878357653431220 ) ) ;
#1718 = CARTESIAN_POINT ( 'NONE',  ( 1.249999998749998342, 1.471875000614518259, -0.7216878357653438991 ) ) ;
#1719 = CARTESIAN_POINT ( 'NONE',  ( -1.006430354999998888, 11.50000000000000000, 0.000000000000000000 ) ) ;
#1720 = CARTESIAN_POINT ( 'NONE',  ( -0.5032151774999995553, 7.237500001229035362, -0.8715942545697896726 ) ) ;
#1721 = CARTESIAN_POINT ( 'NONE',  ( 1.006430354999998666, 5.625000000000000000, -1.232521712815482580E-16 ) ) ;
#1722 = CARTESIAN_POINT ( 'NONE',  ( -1.249999998749998342, 5.690625000614516260, 0.7216878357653442322 ) ) ;
#1723 = CARTESIAN_POINT ( 'NONE',  ( -1.006430354999998888, 10.91249999999527276, -1.911712426746836953E-08 ) ) ;
#1724 = EDGE_CURVE ( 'NONE', #1220, #2260, #5863, .T. ) ;
#1725 = CARTESIAN_POINT ( 'NONE',  ( -1.006430354999998888, 12.71250000122903323, 0.000000000000000000 ) ) ;
#1726 =( BOUNDED_CURVE ( )  B_SPLINE_CURVE ( 2, ( #4229, #5605, #1493, #3325, #5152 ),
 .UNSPECIFIED., .F., .T. ) 
 B_SPLINE_CURVE_WITH_KNOTS ( ( 3, 2, 3 ),
 ( 0.8274332063784897162, 0.8322718927972171388, 0.8335559644138428315 ),
 .UNSPECIFIED. ) 
 CURVE ( )  GEOMETRIC_REPRESENTATION_ITEM ( )  RATIONAL_B_SPLINE_CURVE ( ( 0.9999942601641866879, 0.8660282737638255179, 1.000000000000000000, 0.9644471089458492852, 0.9477635871305438720 ) ) 
 REPRESENTATION_ITEM ( '' )  );
#1727 = CARTESIAN_POINT ( 'NONE',  ( 1.006430354999998666, 2.475000000000002309, -1.173230260442806212E-14 ) ) ;
#1728 = EDGE_CURVE ( 'NONE', #186, #5259, #3140, .T. ) ;
#1729 = VERTEX_POINT ( 'NONE', #1787 ) ;
#1730 = CARTESIAN_POINT ( 'NONE',  ( -1.006430354999998888, 11.50000000000000000, 0.000000000000000000 ) ) ;
#1731 = CARTESIAN_POINT ( 'NONE',  ( 1.140036695987716455E-16, 8.015625000614516438, 1.443375671530686910 ) ) ;
#1732 = CARTESIAN_POINT ( 'NONE',  ( 1.249999998749998564, 6.328125000614516438, -1.530808497403381346E-16 ) ) ;
#1733 = ORIENTED_EDGE ( 'NONE', *, *, #4485, .F. ) ;
#1734 = EDGE_CURVE ( 'NONE', #1087, #2388, #4604, .T. ) ;
#1735 = PRESENTATION_STYLE_ASSIGNMENT (( #2264 ) ) ;
#1736 = CARTESIAN_POINT ( 'NONE',  ( 1.192983045397572273, 0.02856251748465987728, -0.3028324567453065663 ) ) ;
#1737 = CARTESIAN_POINT ( 'NONE',  ( -0.6249999993749983940, 2.634375000614518569, 1.082531753648015904 ) ) ;
#1738 = CARTESIAN_POINT ( 'NONE',  ( -0.6249999993749982830, -1.415624999385481253, 1.082531753648015904 ) ) ;
#1739 = CARTESIAN_POINT ( 'NONE',  ( 1.249999998749998564, 9.890625000614516438, 0.7216878357653431220 ) ) ;
#1740 = CARTESIAN_POINT ( 'NONE',  ( 1.006430354999998444, 0.3750000012290362617, -0.5810628363798602258 ) ) ;
#1741 = VECTOR ( 'NONE', #3546, 1000.000000000000000 ) ;
#1742 = CARTESIAN_POINT ( 'NONE',  ( 4.506255319616076495E-17, 11.67187500061451821, 1.443375671530686910 ) ) ;
#1743 = CARTESIAN_POINT ( 'NONE',  ( -1.430038466590165689E-16, 2.896875000614517415, -1.443375671530686910 ) ) ;
#1744 = CARTESIAN_POINT ( 'NONE',  ( -6.055334866720603442E-17, -0.5624999999999987788, -1.162125672759719563 ) ) ;
#1745 = DIRECTION ( 'NONE',  ( -1.000000000000000000, 0.000000000000000000, 0.000000000000000000 ) ) ;
#1746 = CARTESIAN_POINT ( 'NONE',  ( 0.5253432182843930098, 4.650000000000001243, 0.8979642393405734557 ) ) ;
#1747 = CARTESIAN_POINT ( 'NONE',  ( -1.006430354999998222, 9.562499998948043256, -3.534399585732716078E-08 ) ) ;
#1748 = CARTESIAN_POINT ( 'NONE',  ( -1.006430354999998666, 5.925000001229036251, -0.5810628363798596707 ) ) ;
#1749 = CARTESIAN_POINT ( 'NONE',  ( 0.6249999993749997262, 6.309375000614517504, 1.082531753648015238 ) ) ;
#1750 = CARTESIAN_POINT ( 'NONE',  ( 2.571890652041942441E-16, 0.4218750006145174369, 1.443375671530686910 ) ) ;
#1751 = CARTESIAN_POINT ( 'NONE',  ( -1.006430354999998888, 7.181250000000000355, -0.2634828508014804838 ) ) ;
#1752 = CARTESIAN_POINT ( 'NONE',  ( 1.249999998749998342, 9.984375000614516438, -1.530808497403381346E-16 ) ) ;
#1753 = CARTESIAN_POINT ( 'NONE',  ( 1.006430354999998444, 6.562500000000000888, -0.5810628363798602258 ) ) ;
#1754 = CARTESIAN_POINT ( 'NONE',  ( -0.6249999993749985050, 5.728125000614516793, 1.082531753648015904 ) ) ;
#1755 = CARTESIAN_POINT ( 'NONE',  ( -2.168404344971008868E-16, 11.50000000000000000, 0.000000000000000000 ) ) ;
#1756 = CARTESIAN_POINT ( 'NONE',  ( -7.406273025640570677E-17, -0.7593749993854825853, -1.443375671530686910 ) ) ;
#1757 = CARTESIAN_POINT ( 'NONE',  ( -1.006430354999998666, 6.749999999392282568, -9.416592460472463073E-09 ) ) ;
#1758 = ORIENTED_EDGE ( 'NONE', *, *, #4400, .F. ) ;
#1759 = EDGE_CURVE ( 'NONE', #1366, #5771, #5820, .T. ) ;
#1760 = CARTESIAN_POINT ( 'NONE',  ( -1.249999998749998342, 7.040625000614515905, 0.7216878357653442322 ) ) ;
#1761 =( BOUNDED_CURVE ( )  B_SPLINE_CURVE ( 2, ( #684, #1468, #1015, #2400, #5155, #5608, #595 ),
 .UNSPECIFIED., .F., .T. ) 
 B_SPLINE_CURVE_WITH_KNOTS ( ( 3, 2, 2, 3 ),
 ( 0.1596800724552802642, 0.1645188625296827023, 0.1693576526040851127, 0.1741964426109923192 ),
 .UNSPECIFIED. ) 
 CURVE ( )  GEOMETRIC_REPRESENTATION_ITEM ( )  RATIONAL_B_SPLINE_CURVE ( ( 1.000000000000000000, 0.8660254037844387076, 1.000000000000000000, 0.8660254037844387076, 1.000000000000000000, 0.8660254037844387076, 1.000000000000000000 ) ) 
 REPRESENTATION_ITEM ( '' )  );
#1762 = CARTESIAN_POINT ( 'NONE',  ( 1.249999998749998564, 5.428125000614516082, -1.530808497403381346E-16 ) ) ;
#1763 = ORIENTED_EDGE ( 'NONE', *, *, #1094, .F. ) ;
#1764 = EDGE_CURVE ( 'NONE', #2060, #3465, #2760, .T. ) ;
#1765 = CARTESIAN_POINT ( 'NONE',  ( -0.5253432182843933429, 11.17499999999999716, -0.8979642393405733447 ) ) ;
#1766 = CARTESIAN_POINT ( 'NONE',  ( -0.6249999993749985050, 10.22812500061451679, 1.082531753648015904 ) ) ;
#1767 = CARTESIAN_POINT ( 'NONE',  ( -0.5032151774999993332, -1.312499998770963572, -0.8715942545697896726 ) ) ;
#1768 = CARTESIAN_POINT ( 'NONE',  ( 0.6249999993749997262, 8.109375000614518214, 1.082531753648015238 ) ) ;
#1769 = ADVANCED_FACE ( 'NONE', ( #5825 ), #4027, .F. ) ;
#1770 = CARTESIAN_POINT ( 'NONE',  ( 1.249999998749998564, 3.234375000614518214, -1.530808497403381346E-16 ) ) ;
#1771 = CARTESIAN_POINT ( 'NONE',  ( 0.5032151774999997773, -1.199999999999999734, 0.8715942545697895616 ) ) ;
#1772 = CARTESIAN_POINT ( 'NONE',  ( 1.006430355000004884, 7.575000001229033941, -0.5810628363798561180 ) ) ;
#1773 = CARTESIAN_POINT ( 'NONE',  ( -0.5253432182843933429, 5.775000000000000355, -0.8979642393405734557 ) ) ;
#1774 = ORIENTED_EDGE ( 'NONE', *, *, #2199, .T. ) ;
#1775 = CARTESIAN_POINT ( 'NONE',  ( 1.749999999999999334, 11.50000000000000000, 2.143131898507867804E-16 ) ) ;
#1776 = CARTESIAN_POINT ( 'NONE',  ( -0.5032151774999995553, 6.787500001229035185, -0.8715942545697896726 ) ) ;
#1777 = CARTESIAN_POINT ( 'NONE',  ( -1.684590280999806182E-16, 4.246875000614517504, -1.443375671530686910 ) ) ;
#1778 = CARTESIAN_POINT ( 'NONE',  ( 1.249999998749999008, 1.846875000614518481, 0.7216878357653431220 ) ) ;
#1779 = CARTESIAN_POINT ( 'NONE',  ( -1.006430354999998888, 11.50000000000000000, 0.000000000000000000 ) ) ;
#1780 = CARTESIAN_POINT ( 'NONE',  ( -1.249999998749998786, 9.759375000614516793, 0.000000000000000000 ) ) ;
#1781 = CARTESIAN_POINT ( 'NONE',  ( 1.006430354999998444, 7.875000000000000000, -1.232521712815482580E-16 ) ) ;
#1782 = CARTESIAN_POINT ( 'NONE',  ( -1.249999998749998342, 7.490625000614516971, 0.7216878357653442322 ) ) ;
#1783 = FACE_BOUND ( 'NONE', #577, .T. ) ;
#1784 = CARTESIAN_POINT ( 'NONE',  ( 0.6249999993749989491, -0.7968749993854818969, -1.082531753648015460 ) ) ;
#1785 = CARTESIAN_POINT ( 'NONE',  ( 0.2634828508014802062, 8.868750000000003908, -1.006430354999998666 ) ) ;
#1786 = ORIENTED_EDGE ( 'NONE', *, *, #5579, .F. ) ;
#1787 = CARTESIAN_POINT ( 'NONE',  ( -1.089525141676651820, 0.1604747986833542361, -2.852924854312509332E-11 ) ) ;
#1788 = CARTESIAN_POINT ( 'NONE',  ( 0.6249999993749997262, 7.603125000614516793, 1.082531753648015238 ) ) ;
#1789 = CARTESIAN_POINT ( 'NONE',  ( -0.6249999993749995042, 5.578125000614516438, -1.082531753648015460 ) ) ;
#1790 = DIRECTION ( 'NONE',  ( 1.000000000000000000, 0.000000000000000000, 0.000000000000000000 ) ) ;
#1791 = VECTOR ( 'NONE', #3371, 1000.000000000000000 ) ;
#1792 = CARTESIAN_POINT ( 'NONE',  ( 0.5032151774999990002, 5.362500001229035362, -0.8715942545697897836 ) ) ;
#1793 = CARTESIAN_POINT ( 'NONE',  ( 8.854848815780762088E-17, 9.365625000614516082, 1.443375671530686910 ) ) ;
#1794 = AXIS2_PLACEMENT_3D ( 'NONE', #5174, #1910, #2871 ) ;
#1795 = CARTESIAN_POINT ( 'NONE',  ( 1.006430354999998444, -1.424999998770963394, -0.5810628363798602258 ) ) ;
#1796 = CARTESIAN_POINT ( 'NONE',  ( -2.533096329031939926E-16, 8.746875000614515727, -1.443375671530686910 ) ) ;
#1797 = CARTESIAN_POINT ( 'NONE',  ( 1.249999998749998342, 3.271875000614517415, -0.7216878357653438991 ) ) ;
#1798 = CARTESIAN_POINT ( 'NONE',  ( -1.249999998749998786, 11.55937500061451750, 0.000000000000000000 ) ) ;
#1799 = DIRECTION ( 'NONE',  ( -0.7071067811865522357, 0.7071067811865427988, 0.000000000000000000 ) ) ;
#1800 = CARTESIAN_POINT ( 'NONE',  ( 1.006430354999998666, 5.737500001229035362, 0.000000000000000000 ) ) ;
#1801 = ORIENTED_EDGE ( 'NONE', *, *, #1955, .F. ) ;
#1802 = CARTESIAN_POINT ( 'NONE',  ( -2.168404344971008868E-16, 11.50000000000000000, 0.000000000000000000 ) ) ;
#1803 = CARTESIAN_POINT ( 'NONE',  ( -1.006430354999998666, 6.825000001229034829, -0.5810628363798596707 ) ) ;
#1804 = ADVANCED_FACE ( 'NONE', ( #1692 ), #450, .F. ) ;
#1805 = CARTESIAN_POINT ( 'NONE',  ( -1.430038466590165935E-16, 2.896875000614517415, -1.443375671530686910 ) ) ;
#1806 = CARTESIAN_POINT ( 'NONE',  ( 0.2634828508014802617, 1.481250000000000178, 1.006430354999998666 ) ) ;
#1807 = CARTESIAN_POINT ( 'NONE',  ( 1.006430355000012433, 4.350000001229036961, 0.5810628363798515661 ) ) ;
#1808 = CARTESIAN_POINT ( 'NONE',  ( -1.249999998749998342, 10.69687500061451679, 0.7216878357653442322 ) ) ;
#1809 = CARTESIAN_POINT ( 'NONE',  ( 0.5032151774999997773, 4.650000000000001243, 0.8715942545697895616 ) ) ;
#1810 = CARTESIAN_POINT ( 'NONE',  ( 0.6249999993749988381, 6.403125000614517504, -1.082531753648015460 ) ) ;
#1811 = CARTESIAN_POINT ( 'NONE',  ( 1.249999998749998786, 0.01501698990829758613, 0.2522637834069471063 ) ) ;
#1812 = CARTESIAN_POINT ( 'NONE',  ( -1.249999998749998564, -1.134374999385482807, -0.7216878357653433440 ) ) ;
#1813 = CARTESIAN_POINT ( 'NONE',  ( -0.5253432182843934539, 6.825000000000001066, 0.8979642393405733447 ) ) ;
#1814 = ORIENTED_EDGE ( 'NONE', *, *, #293, .T. ) ;
#1815 = CARTESIAN_POINT ( 'NONE',  ( 0.2634828508014803172, 3.468750000000001332, -1.006430354999998666 ) ) ;
#1816 = CARTESIAN_POINT ( 'NONE',  ( -0.6249999993749995042, 7.378125000614516260, -1.082531753648015460 ) ) ;
#1817 = CARTESIAN_POINT ( 'NONE',  ( 0.6249999993749998373, 4.453125000614517326, 1.082531753648015238 ) ) ;
#1818 = ORIENTED_EDGE ( 'NONE', *, *, #2652, .F. ) ;
#1819 = CYLINDRICAL_SURFACE ( 'NONE', #1601, 1.006430354999998666 ) ;
#1820 = CARTESIAN_POINT ( 'NONE',  ( -1.249999998749999008, 7.865625000614516971, -0.7216878357653433440 ) ) ;
#1821 = CARTESIAN_POINT ( 'NONE',  ( 1.006430354999998444, 11.50000000000000000, 1.232521712815482580E-16 ) ) ;
#1822 = CARTESIAN_POINT ( 'NONE',  ( -1.249999998749998342, 7.546875000614517326, 0.7216878357653442322 ) ) ;
#1823 = CARTESIAN_POINT ( 'NONE',  ( -0.6249999993749983940, 3.084375000614517415, 1.082531753648015904 ) ) ;
#1824 = CARTESIAN_POINT ( 'NONE',  ( -1.249999998749999008, 11.97187500061451892, -0.7216878357653433440 ) ) ;
#1825 = CARTESIAN_POINT ( 'NONE',  ( -0.3612997510077749497, 11.30217379386803600, -0.9887756413115883491 ) ) ;
#1826 = CARTESIAN_POINT ( 'NONE',  ( -0.6249999993749996152, 10.52812500061451573, -1.082531753648015460 ) ) ;
#1827 = ORIENTED_EDGE ( 'NONE', *, *, #4139, .F. ) ;
#1828 = CARTESIAN_POINT ( 'NONE',  ( 0.2634828508014803172, 5.268749999999999822, -1.006430354999998666 ) ) ;
#1829 = CARTESIAN_POINT ( 'NONE',  ( -1.006430354999998666, 3.675000001229035362, -0.5810628363798596707 ) ) ;
#1830 = CARTESIAN_POINT ( 'NONE',  ( -1.599739676196592684E-16, 3.796875000614517326, -1.443375671530686910 ) ) ;
#1831 = CARTESIAN_POINT ( 'NONE',  ( 1.006430354999998666, 1.575000000000000178, 1.173230260442798796E-14 ) ) ;
#1832 = CARTESIAN_POINT ( 'NONE',  ( -1.006430354999998888, 8.550000000140054013, 2.170124013367967012E-09 ) ) ;
#1833 = CARTESIAN_POINT ( 'NONE',  ( 1.249999998749998342, 10.43437500061451750, -1.530808497403381346E-16 ) ) ;
#1834 = CARTESIAN_POINT ( 'NONE',  ( -1.006430354999998666, 4.050000000000001599, 0.000000000000000000 ) ) ;
#1835 = CARTESIAN_POINT ( 'NONE',  ( 1.249999998749998342, 7.265625000614516438, -0.7216878357653438991 ) ) ;
#1836 = CARTESIAN_POINT ( 'NONE',  ( 1.006430354999998666, 1.143750000000000933, -0.2634828508014801507 ) ) ;
#1837 = CARTESIAN_POINT ( 'NONE',  ( -0.6249999993749983940, 0.3281250006145174369, 1.082531753648015904 ) ) ;
#1838 = CARTESIAN_POINT ( 'NONE',  ( -3.172264282201008126E-16, 13.05000000122903714, -1.162125672759719563 ) ) ;
#1839 = B_SPLINE_CURVE_WITH_KNOTS ( 'NONE', 3,
 ( #4332, #2979, #2114, #4808, #696, #4839, #755, #3912, #214, #3943 ),
 .UNSPECIFIED., .F., .F.,
 ( 4, 2, 2, 2, 4 ),
 ( 0.5000000000000000000, 0.6250000000000000000, 0.7500000000000000000, 0.8750000000000000000, 1.000000000000000000 ),
 .UNSPECIFIED. ) ;
#1840 = CARTESIAN_POINT ( 'NONE',  ( 0.8608807662693419571, 0.2733464724862160744, -0.6650959306139440086 ) ) ;
#1841 = ORIENTED_EDGE ( 'NONE', *, *, #1388, .F. ) ;
#1842 = DIRECTION ( 'NONE',  ( -1.000000000000000000, 0.000000000000000000, 0.000000000000000000 ) ) ;
#1843 = CARTESIAN_POINT ( 'NONE',  ( -0.5032151774999996663, 11.62500000000000000, -0.8715942545697896726 ) ) ;
#1844 = CARTESIAN_POINT ( 'NONE',  ( 2.066800431523691211E-17, 12.96562500061451750, 1.443375671530686910 ) ) ;
#1845 = CARTESIAN_POINT ( 'NONE',  ( -1.249999998749998564, 7.003125000614517148, 0.000000000000000000 ) ) ;
#1846 = VECTOR ( 'NONE', #1949, 1000.000000000000000 ) ;
#1847 = CARTESIAN_POINT ( 'NONE',  ( -1.249999998749998342, 6.140625000614518214, 0.7216878357653442322 ) ) ;
#1848 = ORIENTED_EDGE ( 'NONE', *, *, #3231, .F. ) ;
#1849 = CARTESIAN_POINT ( 'NONE',  ( -1.006430354999999111, 10.36875000000000036, 0.2634828508014803172 ) ) ;
#1850 = CARTESIAN_POINT ( 'NONE',  ( -1.249999998749998342, 7.040625000614515905, 0.7216878357653442322 ) ) ;
#1851 = CARTESIAN_POINT ( 'NONE',  ( -0.5032151774999985561, -2.062499998770964016, 0.8715942545697901167 ) ) ;
#1852 = CARTESIAN_POINT ( 'NONE',  ( 1.044579765584101455E-16, 8.521875000614516082, 1.443375671530686910 ) ) ;
#1853 = CARTESIAN_POINT ( 'NONE',  ( -1.249999998749998342, -0.5531249993854826519, 0.7216878357653442322 ) ) ;
#1854 = CARTESIAN_POINT ( 'NONE',  ( -1.006430354999998000, -1.762499999999998401, 0.5810628363798603369 ) ) ;
#1855 = CARTESIAN_POINT ( 'NONE',  ( -0.8427640672130416455, 11.38210470255071094, -0.7559229399409340688 ) ) ;
#1856 = CARTESIAN_POINT ( 'NONE',  ( -0.6249999993749986160, 11.12812500061451537, 1.082531753648015904 ) ) ;
#1857 = EDGE_LOOP ( 'NONE', ( #5866, #4603, #3888, #3238 ) ) ;
#1858 = CARTESIAN_POINT ( 'NONE',  ( -1.006430354999998222, 1.349999998121171885, -2.911246540163489503E-08 ) ) ;
#1859 = CARTESIAN_POINT ( 'NONE',  ( 1.006430354999998666, 4.387500001229034829, -1.232521712815482580E-16 ) ) ;
#1860 = CARTESIAN_POINT ( 'NONE',  ( -1.175486652180526182E-16, 1.546875000614518658, -1.443375671530686910 ) ) ;
#1861 = CARTESIAN_POINT ( 'NONE',  ( -1.006430354999998222, 4.200000001229034829, 0.5810628363798603369 ) ) ;
#1862 = FACE_OUTER_BOUND ( 'NONE', #2385, .T. ) ;
#1863 = CARTESIAN_POINT ( 'NONE',  ( -1.249999998749998342, 8.896875000614517859, 0.7216878357653442322 ) ) ;
#1864 = CARTESIAN_POINT ( 'NONE',  ( 1.006430354999998888, 3.337499999999999911, 0.5810628363798594487 ) ) ;
#1865 = CARTESIAN_POINT ( 'NONE',  ( 1.249999998749998342, 5.015625000614516438, -0.7216878357653438991 ) ) ;
#1866 = CARTESIAN_POINT ( 'NONE',  ( -9.661485573174607611E-17, 1.350000001229036517, -1.162125672759719341 ) ) ;
#1867 = CARTESIAN_POINT ( 'NONE',  ( -1.006430354999998666, 4.068750000000001421, 0.2634828508014803172 ) ) ;
#1868 = CARTESIAN_POINT ( 'NONE',  ( -2.168404344971008868E-16, 11.50000000000000000, 0.000000000000000000 ) ) ;
#1869 = CARTESIAN_POINT ( 'NONE',  ( -0.5032151774999988891, 11.88750000122903394, 0.8715942545697901167 ) ) ;
#1870 = CARTESIAN_POINT ( 'NONE',  ( 0.8979642393405735667, 6.112500000000000711, -0.5253432182843932319 ) ) ;
#1871 = ORIENTED_EDGE ( 'NONE', *, *, #3148, .T. ) ;
#1872 = CARTESIAN_POINT ( 'NONE',  ( 1.006430354999998444, 11.50000000000000000, 1.232521712815482580E-16 ) ) ;
#1873 = CARTESIAN_POINT ( 'NONE',  ( 0.5032151774999995553, 11.40000000000000036, 0.8715942545697895616 ) ) ;
#1874 = CARTESIAN_POINT ( 'NONE',  ( 0.6249999993749989491, -0.7406249993854810976, -1.082531753648015460 ) ) ;
#1875 = CARTESIAN_POINT ( 'NONE',  ( -1.249999998749998342, 3.440625000614516260, 0.7216878357653442322 ) ) ;
#1876 = CARTESIAN_POINT ( 'NONE',  ( -1.249999998749998342, 2.090625000614517504, 0.7216878357653442322 ) ) ;
#1877 = ORIENTED_EDGE ( 'NONE', *, *, #2241, .T. ) ;
#1878 = CARTESIAN_POINT ( 'NONE',  ( 0.8979642393405733447, 11.06250000000000355, -0.5253432182843931209 ) ) ;
#1879 = CARTESIAN_POINT ( 'NONE',  ( -2.607340608234752414E-16, 9.140625000614516438, -1.443375671530686910 ) ) ;
#1880 = AXIS2_PLACEMENT_3D ( 'NONE', #3895, #2098, #167 ) ;
#1881 = CARTESIAN_POINT ( 'NONE',  ( 1.006430354999998444, 11.50000000000000000, 1.232521712815482580E-16 ) ) ;
#1882 = CARTESIAN_POINT ( 'NONE',  ( -1.249999998749998786, 8.409375000614517148, 0.000000000000000000 ) ) ;
#1883 = CARTESIAN_POINT ( 'NONE',  ( -1.249999998749998564, 0.7218750006145174813, -0.7216878357653433440 ) ) ;
#1884 = CARTESIAN_POINT ( 'NONE',  ( -0.6249999993749986160, 12.53437500061451715, 1.082531753648015904 ) ) ;
#1885 = CARTESIAN_POINT ( 'NONE',  ( -0.6455633996247576167, 11.34666311270950523, -0.8865619665255642934 ) ) ;
#1886 = CARTESIAN_POINT ( 'NONE',  ( -2.168404344971008868E-16, 11.50000000000000000, 0.000000000000000000 ) ) ;
#1887 = ORIENTED_EDGE ( 'NONE', *, *, #4159, .F. ) ;
#1888 = CARTESIAN_POINT ( 'NONE',  ( -1.006430354999998888, 2.362500001223962087, -7.862989205487675788E-11 ) ) ;
#1889 = CARTESIAN_POINT ( 'NONE',  ( -1.644953395743167880E-16, 4.950000001229035718, -1.162125672759719563 ) ) ;
#1890 = CARTESIAN_POINT ( 'NONE',  ( -1.249999998749998564, 3.421875000614518214, -0.7216878357653433440 ) ) ;
#1891 = CARTESIAN_POINT ( 'NONE',  ( 0.5253432182843933429, 3.900000000000001243, -0.8979642393405732337 ) ) ;
#1892 = CARTESIAN_POINT ( 'NONE',  ( -1.006430354999998666, 8.531249999999998224, -0.2634828508014804282 ) ) ;
#1893 = CARTESIAN_POINT ( 'NONE',  ( -2.193693909819086428E-16, 6.946875000614517681, -1.443375671530686910 ) ) ;
#1894 = CARTESIAN_POINT ( 'NONE',  ( -1.006430354999998666, 5.362500000000001599, -0.5810628363798596707 ) ) ;
#1895 = CARTESIAN_POINT ( 'NONE',  ( -0.6249999993749995042, 5.128125000614516260, -1.082531753648015460 ) ) ;
#1896 = CARTESIAN_POINT ( 'NONE',  ( 0.5032151774999991112, 0.4125000012290356288, -0.8715942545697897836 ) ) ;
#1897 = CARTESIAN_POINT ( 'NONE',  ( -0.8979642393405736778, 3.187500000000000000, 0.5253432182843934539 ) ) ;
#1898 = DIRECTION ( 'NONE',  ( 0.7071067811865522357, 0.7071067811865427988, 8.659560562354990790E-17 ) ) ;
#1899 = CARTESIAN_POINT ( 'NONE',  ( 1.006430354999998444, 11.13750000122903572, -1.232521712815482580E-16 ) ) ;
#1900 = DIRECTION ( 'NONE',  ( -1.000000000000000000, 0.000000000000000000, 0.000000000000000000 ) ) ;
#1901 = CONICAL_SURFACE ( 'NONE', #2381, 1.249999999999998890, 0.7853981633974549403 ) ;
#1902 = CARTESIAN_POINT ( 'NONE',  ( -1.006430354999998888, 8.625000001229034652, -0.5810628363798595597 ) ) ;
#1903 = CARTESIAN_POINT ( 'NONE',  ( 1.006430354999998666, 12.33749999999999858, 0.5810628363798594487 ) ) ;
#1904 = CARTESIAN_POINT ( 'NONE',  ( -1.249999998749999008, 11.91562500061451679, -0.7216878357653433440 ) ) ;
#1905 = CARTESIAN_POINT ( 'NONE',  ( -1.249999998749998342, 5.240625000614517859, 0.7216878357653442322 ) ) ;
#1906 = EDGE_CURVE ( 'NONE', #1668, #1338, #5462, .T. ) ;
#1907 = CARTESIAN_POINT ( 'NONE',  ( 0.6249999993749989491, 3.253125000614516260, -1.082531753648015460 ) ) ;
#1908 = ORIENTED_EDGE ( 'NONE', *, *, #1361, .F. ) ;
#1909 = EDGE_CURVE ( 'NONE', #3112, #5593, #324, .T. ) ;
#1910 = DIRECTION ( 'NONE',  ( -1.885568995626964287E-17, 1.000000000000000000, -0.000000000000000000 ) ) ;
#1911 = EDGE_CURVE ( 'NONE', #387, #186, #3523, .T. ) ;
#1912 = CARTESIAN_POINT ( 'NONE',  ( -1.249999998749998564, 7.453125000614516438, 0.000000000000000000 ) ) ;
#1913 = CARTESIAN_POINT ( 'NONE',  ( 1.006430354999984678, 4.425000001229037139, -0.5810628363798679974 ) ) ;
#1914 = UNCERTAINTY_MEASURE_WITH_UNIT (LENGTH_MEASURE( 1.000000000000000082E-05 ), #4765, 'distance_accuracy_value', 'NONE');
#1915 =( BOUNDED_CURVE ( )  B_SPLINE_CURVE ( 2, ( #4504, #4442, #412, #4076, #329, #2167, #5150 ),
 .UNSPECIFIED., .F., .T. ) 
 B_SPLINE_CURVE_WITH_KNOTS ( ( 3, 2, 2, 3 ),
 ( 0.4645238472593161694, 0.4693626372170359162, 0.4742014272914383821, 0.4790402173658407925 ),
 .UNSPECIFIED. ) 
 CURVE ( )  GEOMETRIC_REPRESENTATION_ITEM ( )  RATIONAL_B_SPLINE_CURVE ( ( 1.000000000000000000, 0.8660254037844387076, 1.000000000000000000, 0.8660254037844387076, 1.000000000000000000, 0.8660254037844387076, 1.000000000000000000 ) ) 
 REPRESENTATION_ITEM ( '' )  );
#1916 = CARTESIAN_POINT ( 'NONE',  ( 1.723384604009808451E-16, 4.921875000614518214, 1.443375671530686910 ) ) ;
#1917 = CARTESIAN_POINT ( 'NONE',  ( 0.6249999993749998373, 0.9093750006145175924, 1.082531753648015238 ) ) ;
#1918 = CARTESIAN_POINT ( 'NONE',  ( 1.249999998749998564, 12.19687500061451502, 0.7216878357653431220 ) ) ;
#1919 = CARTESIAN_POINT ( 'NONE',  ( -0.4737285548024658399, 11.31980099760893488, -0.9593467937794859512 ) ) ;
#1920 = CARTESIAN_POINT ( 'NONE',  ( -2.168404344971008868E-16, 11.50000000000000000, 0.000000000000000000 ) ) ;
#1921 = ORIENTED_EDGE ( 'NONE', *, *, #2452, .F. ) ;
#1922 = CARTESIAN_POINT ( 'NONE',  ( -1.006430354999998888, 11.50000000000000000, 0.000000000000000000 ) ) ;
#1923 = CARTESIAN_POINT ( 'NONE',  ( 0.5032151774999997773, 3.412500001229034741, 0.8715942545697895616 ) ) ;
#1924 = CARTESIAN_POINT ( 'NONE',  ( 1.249999998749998564, 2.334375000614518303, -1.530808497403381346E-16 ) ) ;
#1925 = CARTESIAN_POINT ( 'NONE',  ( -1.006430354999998666, 1.875000001229035984, -0.5810628363798595597 ) ) ;
#1926 = CYLINDRICAL_SURFACE ( 'NONE', #1311, 1.006430354999998666 ) ;
#1927 = CARTESIAN_POINT ( 'NONE',  ( 0.6249999993749988381, 6.459375000614517859, -1.082531753648015460 ) ) ;
#1928 = CARTESIAN_POINT ( 'NONE',  ( 1.434772738401721895E-16, 3.712499999999999911, 1.162125672759719563 ) ) ;
#1929 = CARTESIAN_POINT ( 'NONE',  ( 1.649140324806996702E-16, 5.315625000614516260, 1.443375671530686910 ) ) ;
#1930 = CARTESIAN_POINT ( 'NONE',  ( 1.006430354999998444, 11.50000000000000000, 1.232521712815482580E-16 ) ) ;
#1931 = DIRECTION ( 'NONE',  ( -1.000000000000000000, -1.885568995626964595E-17, 0.000000000000000000 ) ) ;
#1932 = CARTESIAN_POINT ( 'NONE',  ( 1.140089199365879047, 11.39008926191439386, 0.1364925871708285998 ) ) ;
#1933 = CARTESIAN_POINT ( 'NONE',  ( -0.5032151774999988891, 10.98750000122903536, 0.8715942545697901167 ) ) ;
#1934 = CARTESIAN_POINT ( 'NONE',  ( 1.006430354999998666, 6.075000000000000178, 0.000000000000000000 ) ) ;
#1935 = CARTESIAN_POINT ( 'NONE',  ( 0.2634828508014802617, 5.981250000000001066, 1.006430354999998888 ) ) ;
#1936 = CARTESIAN_POINT ( 'NONE',  ( -0.5032151774999996663, 12.07500000000000107, -0.8715942545697896726 ) ) ;
#1937 = CARTESIAN_POINT ( 'NONE',  ( 1.249999998749998342, 12.17812500061451608, -1.530808497403381346E-16 ) ) ;
#1938 = ORIENTED_EDGE ( 'NONE', *, *, #2199, .F. ) ;
#1939 = CARTESIAN_POINT ( 'NONE',  ( 1.733990929610209953E-16, 4.865625000614516971, 1.443375671530686910 ) ) ;
#1940 = CARTESIAN_POINT ( 'NONE',  ( -1.249999998749998564, 2.953125000614516438, 0.000000000000000000 ) ) ;
#1941 = ORIENTED_EDGE ( 'NONE', *, *, #1013, .T. ) ;
#1942 = CARTESIAN_POINT ( 'NONE',  ( 0.8979642393405731227, 8.737500000000000711, 0.5253432182843934539 ) ) ;
#1943 = EDGE_CURVE ( 'NONE', #4942, #5917, #3816, .T. ) ;
#1944 = AXIS2_PLACEMENT_3D ( 'NONE', #2088, #3919, #5739 ) ;
#1945 = CARTESIAN_POINT ( 'NONE',  ( -2.267938189021898423E-16, 7.340625000614517504, -1.443375671530686910 ) ) ;
#1946 = DIRECTION ( 'NONE',  ( -1.885568995626964287E-17, 1.000000000000000000, -0.000000000000000000 ) ) ;
#1947 = CARTESIAN_POINT ( 'NONE',  ( 1.638533999206595199E-16, 5.371875000614516615, 1.443375671530686910 ) ) ;
#1948 = CARTESIAN_POINT ( 'NONE',  ( 1.249999998749998564, -0.8156249993854814972, -1.530808497403381346E-16 ) ) ;
#1949 = DIRECTION ( 'NONE',  ( -1.885568995626964287E-17, 1.000000000000000000, -0.000000000000000000 ) ) ;
#1950 = ORIENTED_EDGE ( 'NONE', *, *, #5797, .F. ) ;
#1951 = CARTESIAN_POINT ( 'NONE',  ( -1.006430354999998222, 1.950000001229036384, 0.5810628363798603369 ) ) ;
#1952 =( BOUNDED_CURVE ( )  B_SPLINE_CURVE ( 2, ( #1800, #4022, #780, #750, #5874, #1262, #1714 ),
 .UNSPECIFIED., .F., .T. ) 
 B_SPLINE_CURVE_WITH_KNOTS ( ( 3, 2, 2, 3 ),
 ( 0.4790402173658407925, 0.4838790074402432029, 0.4887177975146456688, 0.4935565875439791861 ),
 .UNSPECIFIED. ) 
 CURVE ( )  GEOMETRIC_REPRESENTATION_ITEM ( )  RATIONAL_B_SPLINE_CURVE ( ( 1.000000000000000000, 0.8660254037844387076, 1.000000000000000000, 0.8660254037844387076, 1.000000000000000000, 0.8660254037844387076, 1.000000000000000000 ) ) 
 REPRESENTATION_ITEM ( '' )  );
#1953 = CARTESIAN_POINT ( 'NONE',  ( 0.5032151774999991112, 4.462500001229035007, -0.8715942545697897836 ) ) ;
#1954 = CARTESIAN_POINT ( 'NONE',  ( -0.6249999993749993932, 0.6843750006145180587, -1.082531753648015460 ) ) ;
#1955 = EDGE_CURVE ( 'NONE', #2530, #4783, #3552, .T. ) ;
#1956 = CARTESIAN_POINT ( 'NONE',  ( 0.6249999993749987270, 13.20937500061451608, -1.082531753648015460 ) ) ;
#1957 = DIRECTION ( 'NONE',  ( -1.885568995626964287E-17, 1.000000000000000000, -0.000000000000000000 ) ) ;
#1958 = CARTESIAN_POINT ( 'NONE',  ( -2.363395119425512930E-16, 7.846875000614518036, -1.443375671530686910 ) ) ;
#1959 = CARTESIAN_POINT ( 'NONE',  ( -0.5032151774999994442, 3.075000000000001510, -0.8715942545697896726 ) ) ;
#1960 = CARTESIAN_POINT ( 'NONE',  ( -0.6249999993749983940, 4.378125000614517148, 1.082531753648015904 ) ) ;
#1961 = CARTESIAN_POINT ( 'NONE',  ( -0.2634828508014802617, 3.243749999999999467, 1.006430354999998888 ) ) ;
#1962 = CARTESIAN_POINT ( 'NONE',  ( -0.8394547966837176967, 11.28134510193344653, 0.6143540034587215981 ) ) ;
#1963 = CARTESIAN_POINT ( 'NONE',  ( 0.5032151774999995553, 11.06250000122903465, 0.8715942545697895616 ) ) ;
#1964 = CARTESIAN_POINT ( 'NONE',  ( 1.383982184796954953E-16, 6.721875000614518925, 1.443375671530686910 ) ) ;
#1965 = DIRECTION ( 'NONE',  ( -1.885568995626964287E-17, 1.000000000000000000, -0.000000000000000000 ) ) ;
#1966 = CARTESIAN_POINT ( 'NONE',  ( 1.006430354999998666, 10.53749999999999964, 0.5810628363798594487 ) ) ;
#1967 = CARTESIAN_POINT ( 'NONE',  ( -1.249999998749998342, 12.44062500061451537, 0.7216878357653442322 ) ) ;
#1968 = ORIENTED_EDGE ( 'NONE', *, *, #882, .T. ) ;
#1969 = CARTESIAN_POINT ( 'NONE',  ( 0.6249999993749997262, 5.353125000614517681, 1.082531753648015238 ) ) ;
#1970 = CARTESIAN_POINT ( 'NONE',  ( 1.249999998749998564, 2.278125000614517948, -1.530808497403381346E-16 ) ) ;
#1971 = VERTEX_POINT ( 'NONE', #4931 ) ;
#1972 = CARTESIAN_POINT ( 'NONE',  ( 0.8979642393405733447, 4.762500000000001954, -0.5253432182843931209 ) ) ;
#1973 = CARTESIAN_POINT ( 'NONE',  ( -1.854291490606233177E-16, 5.146875000614517859, -1.443375671530686910 ) ) ;
#1974 = CARTESIAN_POINT ( 'NONE',  ( -0.6249999993749993932, 0.1781250006145165821, -1.082531753648015460 ) ) ;
#1975 = CARTESIAN_POINT ( 'NONE',  ( -0.6249999993749993932, 0.6843750006145180587, -1.082531753648015460 ) ) ;
#1976 = CARTESIAN_POINT ( 'NONE',  ( -1.249999998749998342, 12.89062500061451644, 0.7216878357653442322 ) ) ;
#1977 = B_SPLINE_CURVE_WITH_KNOTS ( 'NONE', 3,
 ( #349, #1222, #4013, #5839, #2430, #4262, #1396, #377, #1849, #2239 ),
 .UNSPECIFIED., .F., .F.,
 ( 4, 2, 2, 2, 4 ),
 ( 0.5000000000000000000, 0.6250000000000000000, 0.7500000000000000000, 0.8750000000000000000, 1.000000000000000000 ),
 .UNSPECIFIED. ) ;
#1978 = ORIENTED_EDGE ( 'NONE', *, *, #1460, .F. ) ;
#1979 = CARTESIAN_POINT ( 'NONE',  ( 0.6249999993749987270, 11.40937500061451715, -1.082531753648015460 ) ) ;
#1980 = ADVANCED_FACE ( 'NONE', ( #812 ), #1901, .F. ) ;
#1981 = CARTESIAN_POINT ( 'NONE',  ( 0.5032151774999997773, 2.512500001229035274, 0.8715942545697895616 ) ) ;
#1982 = CARTESIAN_POINT ( 'NONE',  ( 1.249999998749998564, 11.74687500061451750, 0.7216878357653431220 ) ) ;
#1983 = DIRECTION ( 'NONE',  ( -1.000000000000000000, 0.000000000000000000, 0.000000000000000000 ) ) ;
#1984 = VECTOR ( 'NONE', #4908, 1000.000000000000000 ) ;
#1985 = CARTESIAN_POINT ( 'NONE',  ( -1.249999998749998342, 7.996875000614517504, 0.7216878357653442322 ) ) ;
#1986 = CARTESIAN_POINT ( 'NONE',  ( -0.5032151774999994442, 1.725000000000000755, -0.8715942545697896726 ) ) ;
#1987 = CARTESIAN_POINT ( 'NONE',  ( -0.6249999993749983940, 3.028125000614516615, 1.082531753648015904 ) ) ;
#1988 = CARTESIAN_POINT ( 'NONE',  ( 1.174605229287138730, -2.197396790891280816, -0.4275541511976044817 ) ) ;
#1989 = DIRECTION ( 'NONE',  ( -1.000000000000000000, 0.000000000000000000, 0.000000000000000000 ) ) ;
#1990 = EDGE_CURVE ( 'NONE', #2470, #3950, #4402, .T. ) ;
#1991 = CARTESIAN_POINT ( 'NONE',  ( -0.5032151774999996663, 11.28750000122903430, -0.8715942545697896726 ) ) ;
#1992 = CARTESIAN_POINT ( 'NONE',  ( 1.249999998749998342, 8.671875000614518214, -0.7216878357653438991 ) ) ;
#1993 = CARTESIAN_POINT ( 'NONE',  ( -1.006430354999998666, 6.281250000000000888, -0.2634828508014803727 ) ) ;
#1994 = ORIENTED_EDGE ( 'NONE', *, *, #2423, .F. ) ;
#1995 = CARTESIAN_POINT ( 'NONE',  ( 1.006430354999998666, 9.187500000000001776, 0.5810628363798594487 ) ) ;
#1996 = CARTESIAN_POINT ( 'NONE',  ( -0.6249999993749985050, 10.22812500061451679, 1.082531753648015904 ) ) ;
#1997 = ORIENTED_EDGE ( 'NONE', *, *, #3091, .F. ) ;
#1998 = CARTESIAN_POINT ( 'NONE',  ( -0.6249999993749983940, 3.928125000614516527, 1.082531753648015904 ) ) ;
#1999 = CARTESIAN_POINT ( 'NONE',  ( -1.419432140989764186E-16, 2.840625000614516171, -1.443375671530686910 ) ) ;
#2000 = ORIENTED_EDGE ( 'NONE', *, *, #2836, .T. ) ;
#2001 = AXIS2_PLACEMENT_3D ( 'NONE', #4083, #3156, #2173 ) ;
#2002 = CARTESIAN_POINT ( 'NONE',  ( 1.006430354999998444, 9.225000000000001421, 0.000000000000000000 ) ) ;
#2003 = CARTESIAN_POINT ( 'NONE',  ( 1.249999998749998564, 5.034375000614518036, -1.530808497403381346E-16 ) ) ;
#2004 = CARTESIAN_POINT ( 'NONE',  ( 1.249999998749998342, -1.284374999385482052, -0.7216878357653438991 ) ) ;
#2005 = LINE ( 'NONE', #5748, #4471 ) ;
#2006 = CARTESIAN_POINT ( 'NONE',  ( 2.915306479555825263E-17, 12.51562500061451644, 1.443375671530686910 ) ) ;
#2007 = VERTEX_POINT ( 'NONE', #4988 ) ;
#2008 = CARTESIAN_POINT ( 'NONE',  ( -1.249999998749998786, 9.759375000614516793, 0.000000000000000000 ) ) ;
#2009 = CARTESIAN_POINT ( 'NONE',  ( -0.5032151774999986671, 0.6375000012290351625, 0.8715942545697901167 ) ) ;
#2010 = APPLICATION_PROTOCOL_DEFINITION ( 'draft international standard', 'automotive_design', 1998, #2539 ) ;
#2011 = CARTESIAN_POINT ( 'NONE',  ( 1.249999998749998342, 13.17187500061451821, -0.7216878357653438991 ) ) ;
#2012 = CARTESIAN_POINT ( 'NONE',  ( 0.000000000000000000, 0.000000000000000000, 0.000000000000000000 ) ) ;
#2013 = CARTESIAN_POINT ( 'NONE',  ( 0.6249999993749998373, 4.059375000614517504, 1.082531753648015238 ) ) ;
#2014 = CARTESIAN_POINT ( 'NONE',  ( 0.5032151774999991112, 2.100000000000000977, -0.8715942545697897836 ) ) ;
#2015 = CARTESIAN_POINT ( 'NONE',  ( -1.249999998749998342, 0.7406250006145170817, 0.7216878357653442322 ) ) ;
#2016 = CARTESIAN_POINT ( 'NONE',  ( 1.006430354999998666, 1.237500001229036695, 0.000000000000000000 ) ) ;
#2017 = CARTESIAN_POINT ( 'NONE',  ( -1.006430354999998666, 3.675000001229035362, -0.5810628363798595597 ) ) ;
#2018 = CARTESIAN_POINT ( 'NONE',  ( -1.006430354999998444, 9.150000001229036783, 0.5810628363798603369 ) ) ;
#2019 = CARTESIAN_POINT ( 'NONE',  ( 0.6249999993749988381, 8.259375000614518569, -1.082531753648015460 ) ) ;
#2020 = CARTESIAN_POINT ( 'NONE',  ( 1.152165351618040789, -1.261318193587549411E-07, 0.4847834562006765324 ) ) ;
#2021 = EDGE_CURVE ( 'NONE', #5808, #2689, #4789, .T. ) ;
#2022 = CARTESIAN_POINT ( 'NONE',  ( 0.5253432182843933429, 6.600000000000000533, -0.8979642393405733447 ) ) ;
#2023 = CARTESIAN_POINT ( 'NONE',  ( -2.302545582736327956E-16, 8.437500000000000000, -1.162125672759719563 ) ) ;
#2024 = CARTESIAN_POINT ( 'NONE',  ( 1.249999998749998342, 10.41562500061451679, -0.7216878357653438991 ) ) ;
#2025 = ORIENTED_EDGE ( 'NONE', *, *, #4921, .T. ) ;
#2026 = CARTESIAN_POINT ( 'NONE',  ( 2.327945163232703944E-16, 1.715625000614517282, 1.443375671530686910 ) ) ;
#2027 = CARTESIAN_POINT ( 'NONE',  ( -1.249999998749998342, 1.640625000614516660, 0.7216878357653442322 ) ) ;
#2028 = ORIENTED_EDGE ( 'NONE', *, *, #1510, .F. ) ;
#2029 = STYLED_ITEM ( 'NONE', ( #5218 ), #4433 ) ;
#2030 = ADVANCED_FACE ( 'NONE', ( #3689 ), #418, .F. ) ;
#2031 = CARTESIAN_POINT ( 'NONE',  ( -1.006430354999998666, 10.01250000273418372, 2.332229837269090123E-08 ) ) ;
#2032 = CARTESIAN_POINT ( 'NONE',  ( -1.249999998749998342, 8.390625000614518214, 0.7216878357653442322 ) ) ;
#2033 = CARTESIAN_POINT ( 'NONE',  ( 0.6249999993749998373, 4.509375000614518569, 1.082531753648015238 ) ) ;
#2034 = B_SPLINE_CURVE_WITH_KNOTS ( 'NONE', 3,
 ( #1655, #1686, #5217, #4802, #5188, #3425, #2136, #2106, #1590, #3936 ),
 .UNSPECIFIED., .F., .F.,
 ( 4, 2, 2, 2, 4 ),
 ( 0.000000000000000000, 0.1250000000000000000, 0.2500000000000000000, 0.3750000000000000000, 0.5000000000000000000 ),
 .UNSPECIFIED. ) ;
#2035 = CARTESIAN_POINT ( 'NONE',  ( -0.6249999993749982830, -1.921874999385482896, 1.082531753648015904 ) ) ;
#2036 = CARTESIAN_POINT ( 'NONE',  ( -1.249999998749998564, -1.040624999385482807, 0.000000000000000000 ) ) ;
#2037 = CARTESIAN_POINT ( 'NONE',  ( 2.066800431523691211E-17, 12.96562500061451750, 1.443375671530686910 ) ) ;
#2038 = ORIENTED_EDGE ( 'NONE', *, *, #3199, .F. ) ;
#2039 = CARTESIAN_POINT ( 'NONE',  ( -0.6249999993749985050, 10.28437500061451715, 1.082531753648015904 ) ) ;
#2040 = EDGE_CURVE ( 'NONE', #4214, #2839, #5203, .T. ) ;
#2041 = CIRCLE ( 'NONE', #4528, 1.006430354999998888 ) ;
#2042 = CARTESIAN_POINT ( 'NONE',  ( 0.5032151774999991112, 2.212500001229035007, -0.8715942545697897836 ) ) ;
#2043 = CARTESIAN_POINT ( 'NONE',  ( -1.249999998749999008, 12.42187500061451821, -0.7216878357653433440 ) ) ;
#2044 = CARTESIAN_POINT ( 'NONE',  ( -0.8979642393405733447, 7.612500000000000711, -0.5253432182843935649 ) ) ;
#2045 = CARTESIAN_POINT ( 'NONE',  ( 1.249999998749999008, 5.896875000614517859, 0.7216878357653431220 ) ) ;
#2046 = CARTESIAN_POINT ( 'NONE',  ( 1.859025762417788891E-16, 1.462500000000000355, 1.162125672759719563 ) ) ;
#2047 = CARTESIAN_POINT ( 'NONE',  ( -0.6249999993749993932, 1.078125000614516438, -1.082531753648015460 ) ) ;
#2048 = CARTESIAN_POINT ( 'NONE',  ( 0.2634828508014800952, 2.568750000000000533, -1.006430354999998666 ) ) ;
#2049 =( NAMED_UNIT ( * ) SI_UNIT ( $, .STERADIAN. ) SOLID_ANGLE_UNIT ( ) );
#2050 = CARTESIAN_POINT ( 'NONE',  ( 0.2634828508014800952, 8.231249999999999289, 1.006430354999998666 ) ) ;
#2051 = CARTESIAN_POINT ( 'NONE',  ( 1.006430354999998666, 8.400000001229035007, 0.5810628363798594487 ) ) ;
#2052 = CARTESIAN_POINT ( 'NONE',  ( 0.6249999993749988381, 6.909375000614518036, -1.082531753648015460 ) ) ;
#2053 = CARTESIAN_POINT ( 'NONE',  ( -1.006430354999998888, 13.01249999999999929, -0.5810628363798596707 ) ) ;
#2054 = CARTESIAN_POINT ( 'NONE',  ( -1.006430354999998888, 11.50000000000000000, 0.000000000000000000 ) ) ;
#2055 = CARTESIAN_POINT ( 'NONE',  ( -1.006430354999998888, 8.962500000000000355, -0.5810628363798596707 ) ) ;
#2056 = CARTESIAN_POINT ( 'NONE',  ( -1.249999998749999008, 8.315625000614515372, -0.7216878357653433440 ) ) ;
#2057 = VERTEX_POINT ( 'NONE', #1379 ) ;
#2058 = CARTESIAN_POINT ( 'NONE',  ( -0.6249999993749983940, 3.028125000614516615, 1.082531753648015904 ) ) ;
#2059 = CARTESIAN_POINT ( 'NONE',  ( 1.249999998749998564, 0.9281250006145171927, -1.530808497403381346E-16 ) ) ;
#2060 = VERTEX_POINT ( 'NONE', #3212 ) ;
#2061 = FACE_OUTER_BOUND ( 'NONE', #5652, .T. ) ;
#2062 = CARTESIAN_POINT ( 'NONE',  ( 0.2634828508014804282, 1.031250000000001554, 1.006430354999998888 ) ) ;
#2063 = CARTESIAN_POINT ( 'NONE',  ( 1.249999998749998342, 9.515625000614518214, -0.7216878357653438991 ) ) ;
#2064 = CARTESIAN_POINT ( 'NONE',  ( -1.249999998749998564, 2.521875000614516971, -0.7216878357653433440 ) ) ;
#2065 = CARTESIAN_POINT ( 'NONE',  ( 1.249999998749999008, -1.809374999385483296, 0.7216878357653431220 ) ) ;
#2066 = CARTESIAN_POINT ( 'NONE',  ( 0.5253432182843930098, 9.599999999999996092, 0.8979642393405733447 ) ) ;
#2067 = CARTESIAN_POINT ( 'NONE',  ( -3.201294841857245912E-16, 12.29062500061451679, -1.443375671530686910 ) ) ;
#2068 = CARTESIAN_POINT ( 'NONE',  ( -1.249999998749999008, 9.271875000614519635, -0.7216878357653433440 ) ) ;
#2069 = CARTESIAN_POINT ( 'NONE',  ( 0.5032151774999991112, 1.762500001229036162, -0.8715942545697897836 ) ) ;
#2070 = CARTESIAN_POINT ( 'NONE',  ( -2.702797538638366921E-16, 9.646875000614516082, -1.443375671530686910 ) ) ;
#2071 = CARTESIAN_POINT ( 'NONE',  ( 1.249999998749999008, 4.096875000614517148, 0.7216878357653431220 ) ) ;
#2072 = CARTESIAN_POINT ( 'NONE',  ( 0.5032151774999997773, 1.950000000000000400, 0.8715942545697895616 ) ) ;
#2073 = CARTESIAN_POINT ( 'NONE',  ( -1.249999998749998342, 2.540625000614516349, 0.7216878357653442322 ) ) ;
#2074 = CARTESIAN_POINT ( 'NONE',  ( -1.006430354999998222, 0.6000000012290358509, 0.5810628363798603369 ) ) ;
#2075 = LINE ( 'NONE', #3396, #292 ) ;
#2076 = CARTESIAN_POINT ( 'NONE',  ( 1.006430354999998666, 1.575000000000000178, 1.173230260442798796E-14 ) ) ;
#2077 = CARTESIAN_POINT ( 'NONE',  ( -1.006430354999998444, 9.600000001229034297, 0.5810628363798603369 ) ) ;
#2078 = CARTESIAN_POINT ( 'NONE',  ( -0.6249999993749985050, 7.584375000614516971, 1.082531753648015904 ) ) ;
#2079 = CARTESIAN_POINT ( 'NONE',  ( 1.006430354999998444, 13.27500000000000036, -1.232521712815482580E-16 ) ) ;
#2080 = CARTESIAN_POINT ( 'NONE',  ( -1.006430354999998666, 3.600000000479150142, 7.424412276866688881E-09 ) ) ;
#2081 = CARTESIAN_POINT ( 'NONE',  ( -1.006430354999998444, 9.937500000000001776, 0.5810628363798603369 ) ) ;
#2082 = CARTESIAN_POINT ( 'NONE',  ( 0.6249999993749988381, 9.103125000614515017, -1.082531753648015460 ) ) ;
#2083 = ORIENTED_EDGE ( 'NONE', *, *, #1312, .F. ) ;
#2084 = CARTESIAN_POINT ( 'NONE',  ( 1.249999998749998564, 2.278125000614517948, -1.530808497403381346E-16 ) ) ;
#2085 = VECTOR ( 'NONE', #1247, 1000.000000000000000 ) ;
#2086 = CARTESIAN_POINT ( 'NONE',  ( 1.249999998749998342, 0.5156250006145175480, -0.7216878357653438991 ) ) ;
#2087 = ORIENTED_EDGE ( 'NONE', *, *, #400, .T. ) ;
#2088 = CARTESIAN_POINT ( 'NONE',  ( -2.168404344971008868E-16, 11.50000000000000000, 0.000000000000000000 ) ) ;
#2089 = ORIENTED_EDGE ( 'NONE', *, *, #2523, .F. ) ;
#2090 = EDGE_CURVE ( 'NONE', #5297, #5774, #808, .T. ) ;
#2091 = CARTESIAN_POINT ( 'NONE',  ( -1.249999998749998786, 9.703125000614514661, 0.000000000000000000 ) ) ;
#2092 = EDGE_CURVE ( 'NONE', #5635, #5475, #4467, .T. ) ;
#2093 = ORIENTED_EDGE ( 'NONE', *, *, #3199, .T. ) ;
#2094 = EDGE_CURVE ( 'NONE', #3676, #3495, #5016, .T. ) ;
#2095 = CARTESIAN_POINT ( 'NONE',  ( 1.893085813616235199E-16, 4.021875000614517859, 1.443375671530686910 ) ) ;
#2096 = CARTESIAN_POINT ( 'NONE',  ( -0.6249999993749992822, -1.171874999385482230, -1.082531753648015460 ) ) ;
#2097 = VECTOR ( 'NONE', #5694, 1000.000000000000000 ) ;
#2098 = DIRECTION ( 'NONE',  ( -1.885568995626964287E-17, 1.000000000000000000, -0.000000000000000000 ) ) ;
#2099 = CARTESIAN_POINT ( 'NONE',  ( 0.6249999993749987270, 13.15312500061451573, -1.082531753648015460 ) ) ;
#2100 = CARTESIAN_POINT ( 'NONE',  ( 1.249999998749998564, 9.946875000614516793, 0.7216878357653431220 ) ) ;
#2101 = CARTESIAN_POINT ( 'NONE',  ( -1.220700371727100391E-16, 2.700000001229035718, -1.162125672759719563 ) ) ;
#2102 = CARTESIAN_POINT ( 'NONE',  ( 0.6249999993749988381, 9.609375000614516438, -1.082531753648015460 ) ) ;
#2103 = CARTESIAN_POINT ( 'NONE',  ( -1.939142095409446428E-16, 5.596875000614517148, -1.443375671530686910 ) ) ;
#2104 = CARTESIAN_POINT ( 'NONE',  ( 0.5032151774999997773, -0.2999999999999981570, 0.8715942545697895616 ) ) ;
#2105 = CARTESIAN_POINT ( 'NONE',  ( 2.412795768035917441E-16, 1.265625000614516438, 1.443375671530686910 ) ) ;
#2106 = CARTESIAN_POINT ( 'NONE',  ( 0.8979642393405733447, 10.16249999999999964, -0.5253432182843931209 ) ) ;
#2107 = CARTESIAN_POINT ( 'NONE',  ( 1.006430354999998444, 7.537500001229035185, 0.000000000000000000 ) ) ;
#2108 = CARTESIAN_POINT ( 'NONE',  ( 0.5253432182843930098, 8.249999999999998224, 0.8979642393405733447 ) ) ;
#2109 = CARTESIAN_POINT ( 'NONE',  ( 0.5032151774999990002, 9.412500001229034297, -0.8715942545697897836 ) ) ;
#2110 = CARTESIAN_POINT ( 'NONE',  ( -1.249999998749998564, 5.709375000614516971, 0.000000000000000000 ) ) ;
#2111 = CARTESIAN_POINT ( 'NONE',  ( -1.249999998749998342, 0.7968750006145177700, 0.7216878357653442322 ) ) ;
#2112 =( BOUNDED_CURVE ( )  B_SPLINE_CURVE ( 2, ( #4895, #863, #5456, #2224, #4051, #5876, #4023 ),
 .UNSPECIFIED., .F., .T. ) 
 B_SPLINE_CURVE_WITH_KNOTS ( ( 3, 2, 2, 3 ),
 ( 0.6677530304531282823, 0.6725918203419380959, 0.6774306104163404507, 0.6822694004907429166 ),
 .UNSPECIFIED. ) 
 CURVE ( )  GEOMETRIC_REPRESENTATION_ITEM ( )  RATIONAL_B_SPLINE_CURVE ( ( 1.000000000000000000, 0.8660254037844387076, 1.000000000000000000, 0.8660254037844387076, 1.000000000000000000, 0.8660254037844355990, 1.000000000000003109 ) ) 
 REPRESENTATION_ITEM ( '' )  );
#2113 = CARTESIAN_POINT ( 'NONE',  ( 0.5032151774999988891, 13.34999999999999964, -0.8715942545697897836 ) ) ;
#2114 = CARTESIAN_POINT ( 'NONE',  ( 0.8979642393405734557, 2.887500000000000178, 0.5253432182843934539 ) ) ;
#2115 = CARTESIAN_POINT ( 'NONE',  ( -1.006430354999998000, 7.237499999999999822, 0.5810628363798603369 ) ) ;
#2116 = CARTESIAN_POINT ( 'NONE',  ( 0.6249999993749997262, 8.953125000614516438, 1.082531753648015238 ) ) ;
#2117 = ORIENTED_EDGE ( 'NONE', *, *, #4836, .T. ) ;
#2118 = CARTESIAN_POINT ( 'NONE',  ( 1.249999998749998342, 1.415625000614517237, -0.7216878357653438991 ) ) ;
#2119 = CARTESIAN_POINT ( 'NONE',  ( 0.6249999993749998373, 0.8531250006145167930, 1.082531753648015238 ) ) ;
#2120 = ORIENTED_EDGE ( 'NONE', *, *, #1649, .F. ) ;
#2121 = CARTESIAN_POINT ( 'NONE',  ( -0.2634828508014803172, 2.343750000000000000, 1.006430354999998888 ) ) ;
#2122 = VERTEX_POINT ( 'NONE', #3719 ) ;
#2123 = CARTESIAN_POINT ( 'NONE',  ( 1.232169463634896323, 0.01783053636510032250, 1.741188461077147823E-11 ) ) ;
#2124 = CARTESIAN_POINT ( 'NONE',  ( 1.249999998749998342, 9.028125000614517504, -1.530808497403381346E-16 ) ) ;
#2125 = VERTEX_POINT ( 'NONE', #472 ) ;
#2126 = CARTESIAN_POINT ( 'NONE',  ( -0.6249999993749993932, 2.934375000614518392, -1.082531753648015460 ) ) ;
#2127 = CARTESIAN_POINT ( 'NONE',  ( 1.249999998749998564, -0.8156249993854814972, -1.530808497403381346E-16 ) ) ;
#2128 = CARTESIAN_POINT ( 'NONE',  ( -4.966818137548186316E-17, -2.053124999385482319, -1.443375671530686910 ) ) ;
#2129 = CARTESIAN_POINT ( 'NONE',  ( -1.249999998749998342, 10.64062500061451644, 0.7216878357653442322 ) ) ;
#2130 = CARTESIAN_POINT ( 'NONE',  ( -1.249999998749998786, 8.859375000614518214, 0.000000000000000000 ) ) ;
#2131 = CARTESIAN_POINT ( 'NONE',  ( 0.5032151774999991112, 0.4125000012290356288, -0.8715942545697897836 ) ) ;
#2132 = CARTESIAN_POINT ( 'NONE',  ( -3.042199957851220419E-16, 11.44687500061451857, -1.443375671530686910 ) ) ;
#2133 = CARTESIAN_POINT ( 'NONE',  ( 0.6249999993749988381, 5.559375000614517504, -1.082531753648015460 ) ) ;
#2134 = CARTESIAN_POINT ( 'NONE',  ( -1.006430354999998000, -0.4124999999999997002, 0.5810628363798603369 ) ) ;
#2135 = CARTESIAN_POINT ( 'NONE',  ( -1.249999998749998342, 1.640625000614516660, 0.7216878357653442322 ) ) ;
#2136 = CARTESIAN_POINT ( 'NONE',  ( 0.5253432182843932319, 10.19999999999999929, -0.8979642393405732337 ) ) ;
#2137 = CARTESIAN_POINT ( 'NONE',  ( 0.8979642393405731227, 7.837499999999998579, 0.5253432182843934539 ) ) ;
#2138 = AXIS2_PLACEMENT_3D ( 'NONE', #523, #5506, #4581 ) ;
#2139 = DIRECTION ( 'NONE',  ( -1.000000000000000000, 0.000000000000000000, 0.000000000000000000 ) ) ;
#2140 = EDGE_CURVE ( 'NONE', #1729, #5194, #164, .T. ) ;
#2141 = CARTESIAN_POINT ( 'NONE',  ( 6.499046437402552226E-17, 7.875000001229034652, 1.162125672759719563 ) ) ;
#2142 = CARTESIAN_POINT ( 'NONE',  ( -1.769440885803019186E-16, 4.696875000614517681, -1.443375671530686910 ) ) ;
#2143 = CARTESIAN_POINT ( 'NONE',  ( 1.249999998749999008, -0.4031249993854818525, 0.7216878357653431220 ) ) ;
#2144 = DIRECTION ( 'NONE',  ( -1.885568995626964287E-17, 1.000000000000000000, -0.000000000000000000 ) ) ;
#2145 = CARTESIAN_POINT ( 'NONE',  ( 1.006430354999998666, 7.425000000000000711, 0.000000000000000000 ) ) ;
#2146 = CARTESIAN_POINT ( 'NONE',  ( -1.006430354999998000, 5.887500000000000178, 0.5810628363798603369 ) ) ;
#2147 = CARTESIAN_POINT ( 'NONE',  ( -1.249999998749999008, 9.215625000614515727, -0.7216878357653433440 ) ) ;
#2148 = CARTESIAN_POINT ( 'NONE',  ( 0.6249999993749989491, 1.903125000614517504, -1.082531753648015460 ) ) ;
#2149 = CARTESIAN_POINT ( 'NONE',  ( 1.249999998749998342, -0.3843749993854821967, -0.7216878357653438991 ) ) ;
#2150 =( BOUNDED_CURVE ( )  B_SPLINE_CURVE ( 2, ( #1348, #1263, #4983, #5427, #2616 ),
 .UNSPECIFIED., .F., .T. ) 
 B_SPLINE_CURVE_WITH_KNOTS ( ( 3, 2, 3 ),
 ( 0.1210468265562011508, 0.1238095238095237999, 0.1285714285714285032 ),
 .UNSPECIFIED. ) 
 CURVE ( )  GEOMETRIC_REPRESENTATION_ITEM ( )  RATIONAL_B_SPLINE_CURVE ( ( 0.9347347190189123634, 0.9222724377142539343, 1.000000000000000000, 0.8660254037844402619, 0.9999999999999984457 ) ) 
 REPRESENTATION_ITEM ( '' )  );
#2151 = CARTESIAN_POINT ( 'NONE',  ( 1.006430354999998444, 2.456250000000001599, 0.2634828508014803172 ) ) ;
#2152 = VERTEX_POINT ( 'NONE', #1323 ) ;
#2153 = CARTESIAN_POINT ( 'NONE',  ( -1.006430354999998888, 8.550000000140054013, 2.170124013367967012E-09 ) ) ;
#2154 = CARTESIAN_POINT ( 'NONE',  ( 0.6249999993749997262, 9.853125000614516793, 1.082531753648015238 ) ) ;
#2155 = ORIENTED_EDGE ( 'NONE', *, *, #5937, .T. ) ;
#2156 = CARTESIAN_POINT ( 'NONE',  ( 1.249999998749999008, 0.04687500061451715938, 0.7216878357653431220 ) ) ;
#2157 = CARTESIAN_POINT ( 'NONE',  ( 1.006430354999998444, 7.537500001229035185, 0.000000000000000000 ) ) ;
#2158 = CARTESIAN_POINT ( 'NONE',  ( -0.6249999993749993932, 2.484375000614517770, -1.082531753648015460 ) ) ;
#2159 = CARTESIAN_POINT ( 'NONE',  ( 1.249999998749998564, -1.265624999385482230, -1.530808497403381346E-16 ) ) ;
#2160 = CARTESIAN_POINT ( 'NONE',  ( -1.249999998749998342, 11.09062500061451750, 0.7216878357653442322 ) ) ;
#2161 = PRODUCT_DEFINITION_SHAPE ( 'NONE', 'NONE',  #3955 ) ;
#2162 = CARTESIAN_POINT ( 'NONE',  ( -1.006430354999998666, -0.3749999987709643490, -0.5810628363798596707 ) ) ;
#2163 = CARTESIAN_POINT ( 'NONE',  ( 0.6249999993749987270, 10.50937500061451679, -1.082531753648015460 ) ) ;
#2164 = CARTESIAN_POINT ( 'NONE',  ( -1.249999998749998564, 1.659375000614518259, 0.000000000000000000 ) ) ;
#2165 = CARTESIAN_POINT ( 'NONE',  ( 1.006430354999998666, 0.2250000000000012546, -1.232521712815482580E-16 ) ) ;
#2166 = CARTESIAN_POINT ( 'NONE',  ( 0.6249999993749989491, 0.5531250006145169706, -1.082531753648015460 ) ) ;
#2167 = CARTESIAN_POINT ( 'NONE',  ( 1.006430354999998444, 5.775000001229035895, -0.5810628363798601148 ) ) ;
#2168 = CARTESIAN_POINT ( 'NONE',  ( -1.006430354999998222, 9.562499998948043256, -3.534399585732716078E-08 ) ) ;
#2169 = EDGE_CURVE ( 'NONE', #3495, #4009, #1761, .T. ) ;
#2170 = CARTESIAN_POINT ( 'NONE',  ( -0.5032151774999995553, 5.887500001229035718, -0.8715942545697896726 ) ) ;
#2171 = CARTESIAN_POINT ( 'NONE',  ( -1.249999998749998564, 5.259375000614517681, 0.000000000000000000 ) ) ;
#2172 = CARTESIAN_POINT ( 'NONE',  ( -1.249999998749998342, 0.3468750006145188136, 0.7216878357653442322 ) ) ;
#2173 = DIRECTION ( 'NONE',  ( -1.000000000000000000, 0.000000000000000000, 0.000000000000000000 ) ) ;
#2174 = FACE_OUTER_BOUND ( 'NONE', #1084, .T. ) ;
#2175 = CARTESIAN_POINT ( 'NONE',  ( -1.006430354999998666, 7.612499999999999822, -0.5810628363798596707 ) ) ;
#2176 = CARTESIAN_POINT ( 'NONE',  ( 1.249999998749998564, 8.990625000614516082, 0.7216878357653431220 ) ) ;
#2177 = EDGE_CURVE ( 'NONE', #313, #2563, #3300, .T. ) ;
#2178 = CARTESIAN_POINT ( 'NONE',  ( 0.5032151774999995553, 11.06250000122903465, 0.8715942545697895616 ) ) ;
#2179 = CARTESIAN_POINT ( 'NONE',  ( 2.837048792051983450E-16, -0.9843749993854820080, 1.443375671530686910 ) ) ;
#2180 = CARTESIAN_POINT ( 'NONE',  ( -2.168404344971008868E-16, 11.50000000000000000, 0.000000000000000000 ) ) ;
#2181 = ORIENTED_EDGE ( 'NONE', *, *, #3157, .F. ) ;
#2182 = CARTESIAN_POINT ( 'NONE',  ( 1.006430354999998444, 7.875000000000000000, 0.000000000000000000 ) ) ;
#2183 = CARTESIAN_POINT ( 'NONE',  ( -0.6249999993749995042, 6.028125000614516615, -1.082531753648015460 ) ) ;
#2184 = ORIENTED_EDGE ( 'NONE', *, *, #5350, .F. ) ;
#2185 = CARTESIAN_POINT ( 'NONE',  ( -1.006430354999998666, 7.312500001246801773, 2.752867483102996397E-10 ) ) ;
#2186 = CARTESIAN_POINT ( 'NONE',  ( -1.249999998749998564, 2.971875000614517592, -0.7216878357653433440 ) ) ;
#2187 = CARTESIAN_POINT ( 'NONE',  ( 1.249999998749998342, -1.228124999385481253, -0.7216878357653438991 ) ) ;
#2188 = CARTESIAN_POINT ( 'NONE',  ( -0.6249999993749996152, 11.42812500061451608, -1.082531753648015460 ) ) ;
#2189 = CARTESIAN_POINT ( 'NONE',  ( -0.5032151774999986671, -1.162499998770964327, 0.8715942545697901167 ) ) ;
#2190 = CIRCLE ( 'NONE', #4479, 2.549999999999998490 ) ;
#2191 = CARTESIAN_POINT ( 'NONE',  ( -0.6249999993749995042, 10.13437500061451679, -1.082531753648015460 ) ) ;
#2192 = CARTESIAN_POINT ( 'NONE',  ( -1.249999998749998564, 3.459375000614517859, 0.000000000000000000 ) ) ;
#2193 = CARTESIAN_POINT ( 'NONE',  ( 1.006430354999998444, -0.1874999999999984179, -0.5810628363798602258 ) ) ;
#2194 = FACE_OUTER_BOUND ( 'NONE', #4523, .T. ) ;
#2195 = LINE ( 'NONE', #299, #3366 ) ;
#2196 = CARTESIAN_POINT ( 'NONE',  ( 0.8232944304772696897, 0.06019877905950228592, 0.8664390262739903870 ) ) ;
#2197 = CARTESIAN_POINT ( 'NONE',  ( 0.5032151774999990002, 7.162500001229035185, -0.8715942545697897836 ) ) ;
#2198 = CARTESIAN_POINT ( 'NONE',  ( 0.6249999993749989491, 4.209375000614518747, -1.082531753648015460 ) ) ;
#2199 = EDGE_CURVE ( 'NONE', #1603, #529, #115, .T. ) ;
#2200 = CARTESIAN_POINT ( 'NONE',  ( 0.6249999993749989491, 1.509375000614517459, -1.082531753648015460 ) ) ;
#2201 = CARTESIAN_POINT ( 'NONE',  ( -0.5032151774999995553, 9.937500001229036428, -0.8715942545697896726 ) ) ;
#2202 = CARTESIAN_POINT ( 'NONE',  ( -0.6249999993749995042, 9.234375000614518214, -1.082531753648015460 ) ) ;
#2203 = CARTESIAN_POINT ( 'NONE',  ( 1.006430354999998888, 5.587500000000001243, 0.5810628363798594487 ) ) ;
#2204 = CARTESIAN_POINT ( 'NONE',  ( -2.267938189021898423E-16, 7.340625000614517504, -1.443375671530686910 ) ) ;
#2205 = FACE_OUTER_BOUND ( 'NONE', #5547, .T. ) ;
#2206 = CARTESIAN_POINT ( 'NONE',  ( 1.006430354999998000, 12.97500000122903252, -0.5810628363798602258 ) ) ;
#2207 = EDGE_CURVE ( 'NONE', #5475, #3866, #653, .T. ) ;
#2208 = CARTESIAN_POINT ( 'NONE',  ( -0.8979642393405734557, 9.412499999999999645, -0.5253432182843935649 ) ) ;
#2209 = ORIENTED_EDGE ( 'NONE', *, *, #3703, .T. ) ;
#2210 = CARTESIAN_POINT ( 'NONE',  ( -1.006430354999998444, 3.581250000000000266, -0.2634828508014804282 ) ) ;
#2211 = CARTESIAN_POINT ( 'NONE',  ( -0.6249999993749995042, 7.828125000614517326, -1.082531753648015460 ) ) ;
#2212 = CARTESIAN_POINT ( 'NONE',  ( -1.249999998749998564, 4.753125000614517148, 0.000000000000000000 ) ) ;
#2213 = ORIENTED_EDGE ( 'NONE', *, *, #3886, .T. ) ;
#2214 = ADVANCED_FACE ( 'NONE', ( #3870 ), #487, .T. ) ;
#2215 = CARTESIAN_POINT ( 'NONE',  ( 0.5253432182843932319, 11.10000000000000142, -0.8979642393405732337 ) ) ;
#2216 = CARTESIAN_POINT ( 'NONE',  ( -0.6249999993749986160, 10.67812500061451608, 1.082531753648015904 ) ) ;
#2217 = CARTESIAN_POINT ( 'NONE',  ( 1.006430354999998888, -1.049999998770964504, 0.5810628363798594487 ) ) ;
#2218 = CARTESIAN_POINT ( 'NONE',  ( -0.6249999993749985050, 8.034375000614517148, 1.082531753648015904 ) ) ;
#2219 = CARTESIAN_POINT ( 'NONE',  ( -1.249999998749998564, 2.521875000614516971, -0.7216878357653433440 ) ) ;
#2220 = CARTESIAN_POINT ( 'NONE',  ( 1.006430354999998444, -0.6374999999999991784, -0.5810628363798602258 ) ) ;
#2221 = DIRECTION ( 'NONE',  ( -1.885568995626964287E-17, 1.000000000000000000, -0.000000000000000000 ) ) ;
#2222 = CARTESIAN_POINT ( 'NONE',  ( -1.006430354999998666, 3.225000001229036961, -0.5810628363798595597 ) ) ;
#2223 = EDGE_LOOP ( 'NONE', ( #1543, #3767, #5649, #1908 ) ) ;
#2224 = CARTESIAN_POINT ( 'NONE',  ( -1.220700371727100391E-16, 2.700000001229035274, -1.162125672759719341 ) ) ;
#2225 = CARTESIAN_POINT ( 'NONE',  ( 0.5032151774999996663, 7.012500001229035718, 0.8715942545697895616 ) ) ;
#2226 = CARTESIAN_POINT ( 'NONE',  ( -1.249999998749998342, 6.196875000614517681, 0.7216878357653442322 ) ) ;
#2227 = CARTESIAN_POINT ( 'NONE',  ( -1.249999998749998564, -0.1781249993854823188, -0.7216878357653433440 ) ) ;
#2228 = CARTESIAN_POINT ( 'NONE',  ( 1.922663715788455962E-16, 1.125000001229035318, 1.162125672759719341 ) ) ;
#2229 = CARTESIAN_POINT ( 'NONE',  ( -1.249999998749999008, 10.17187500061451821, -0.7216878357653433440 ) ) ;
#2230 = CARTESIAN_POINT ( 'NONE',  ( -1.006430354999998000, 7.687500000000000888, 0.5810628363798603369 ) ) ;
#2231 = CARTESIAN_POINT ( 'NONE',  ( 0.6249999993749988381, 5.503125000614516260, -1.082531753648015460 ) ) ;
#2232 = DIRECTION ( 'NONE',  ( -1.885568995626964287E-17, 1.000000000000000000, -0.000000000000000000 ) ) ;
#2233 = CARTESIAN_POINT ( 'NONE',  ( -0.5032151774999996663, 13.08750000122903501, -0.8715942545697896726 ) ) ;
#2234 = CARTESIAN_POINT ( 'NONE',  ( -0.5032151774999994442, 0.3750000000000003331, -0.8715942545697896726 ) ) ;
#2235 = VERTEX_POINT ( 'NONE', #3724 ) ;
#2236 = CARTESIAN_POINT ( 'NONE',  ( 0.5032151774999990002, 8.962500001229036783, -0.8715942545697897836 ) ) ;
#2237 = CARTESIAN_POINT ( 'NONE',  ( -1.249999998749998342, 7.940625000614517148, 0.7216878357653442322 ) ) ;
#2238 = CARTESIAN_POINT ( 'NONE',  ( -1.249999998749998564, 6.515625000614517326, -0.7216878357653433440 ) ) ;
#2239 = CARTESIAN_POINT ( 'NONE',  ( -1.006430354999998444, 10.35000000150474619, 2.331603913334447373E-08 ) ) ;
#2240 = CARTESIAN_POINT ( 'NONE',  ( 0.6249999993749996152, 11.20312500061451644, 1.082531753648015238 ) ) ;
#2241 = EDGE_CURVE ( 'NONE', #3866, #953, #942, .T. ) ;
#2242 = B_SPLINE_CURVE_WITH_KNOTS ( 'NONE', 3,
 ( #4413, #2698, #2137, #4474, #3576, #2641, #3969, #360, #3067, #5791 ),
 .UNSPECIFIED., .F., .F.,
 ( 4, 2, 2, 2, 4 ),
 ( 0.5000000000000000000, 0.6250000000000000000, 0.7500000000000000000, 0.8750000000000000000, 1.000000000000000000 ),
 .UNSPECIFIED. ) ;
#2243 = CARTESIAN_POINT ( 'NONE',  ( -0.5032151774999986671, -0.7124999987709635940, 0.8715942545697901167 ) ) ;
#2244 = CARTESIAN_POINT ( 'NONE',  ( 0.6249999993749988381, 9.159375000614515372, -1.082531753648015460 ) ) ;
#2245 = CARTESIAN_POINT ( 'NONE',  ( -1.249999998749998564, 3.909375000614518481, 0.000000000000000000 ) ) ;
#2246 = CARTESIAN_POINT ( 'NONE',  ( 0.8204307996636253097, -1.973639163449387945, -0.6884497297224657641 ) ) ;
#2247 = DIRECTION ( 'NONE',  ( -1.000000000000000000, 0.000000000000000000, 0.000000000000000000 ) ) ;
#2248 = CARTESIAN_POINT ( 'NONE',  ( -1.305550976530314135E-16, 3.150000001229035895, -1.162125672759719341 ) ) ;
#2249 = ORIENTED_EDGE ( 'NONE', *, *, #1906, .T. ) ;
#2250 = CARTESIAN_POINT ( 'NONE',  ( 1.006430355000004662, 9.375000001229036428, -0.5810628363798562290 ) ) ;
#2251 = CARTESIAN_POINT ( 'NONE',  ( -1.006430354999998666, 6.862500001229035362, 0.000000000000000000 ) ) ;
#2252 = CARTESIAN_POINT ( 'NONE',  ( 1.249999998749998342, 2.371875000614517504, -0.7216878357653438991 ) ) ;
#2253 = DIRECTION ( 'NONE',  ( 1.000000000000000000, 1.885568995626964595E-17, 0.000000000000000000 ) ) ;
#2254 = CARTESIAN_POINT ( 'NONE',  ( 1.249999998749998342, 9.084375000614517859, -1.530808497403381346E-16 ) ) ;
#2255 = CARTESIAN_POINT ( 'NONE',  ( -0.5032151774999995553, 5.325000000000000178, -0.8715942545697896726 ) ) ;
#2256 = CARTESIAN_POINT ( 'NONE',  ( 1.249999998749998564, 7.228125000614516793, -1.530808497403381346E-16 ) ) ;
#2257 = CARTESIAN_POINT ( 'NONE',  ( 1.249999998749998564, 0.02812500061451748967, -1.530808497403381346E-16 ) ) ;
#2258 = CARTESIAN_POINT ( 'NONE',  ( 1.249999998749999008, -1.809374999385483296, 0.7216878357653431220 ) ) ;
#2259 = CARTESIAN_POINT ( 'NONE',  ( 0.8979642393405733447, 8.812500000000000000, -0.5253432182843931209 ) ) ;
#2260 = VERTEX_POINT ( 'NONE', #4266 ) ;
#2261 = FACE_OUTER_BOUND ( 'NONE', #139, .T. ) ;
#2262 = CARTESIAN_POINT ( 'NONE',  ( -0.6249999993749995042, 6.928125000614516082, -1.082531753648015460 ) ) ;
#2263 = CARTESIAN_POINT ( 'NONE',  ( -1.758834560202617930E-16, 4.640625000614516438, -1.443375671530686910 ) ) ;
#2264 = SURFACE_STYLE_USAGE ( .BOTH. , #3299 ) ;
#2265 = CARTESIAN_POINT ( 'NONE',  ( -1.006430354999998666, 5.512500001834003349, 9.373974871155365374E-09 ) ) ;
#2266 = CARTESIAN_POINT ( 'NONE',  ( -0.6249999993749995042, 9.178125000614517859, -1.082531753648015460 ) ) ;
#2267 = EDGE_CURVE ( 'NONE', #5166, #5441, #2743, .T. ) ;
#2268 = CARTESIAN_POINT ( 'NONE',  ( -1.006430354999998000, -2.099999998770963661, 0.5810628363798603369 ) ) ;
#2269 = CARTESIAN_POINT ( 'NONE',  ( -0.6249999993749995042, 8.334375000614516082, -1.082531753648015460 ) ) ;
#2270 = CARTESIAN_POINT ( 'NONE',  ( -1.599739676196592684E-16, 3.796875000614517326, -1.443375671530686910 ) ) ;
#2271 = CARTESIAN_POINT ( 'NONE',  ( -0.5032151774999993332, -1.874999999999998224, -0.8715942545697896726 ) ) ;
#2272 = CARTESIAN_POINT ( 'NONE',  ( -0.8979642393405734557, 10.76250000000000107, -0.5253432182843935649 ) ) ;
#2273 = CARTESIAN_POINT ( 'NONE',  ( -0.6249999993749986160, 10.67812500061451608, 1.082531753648015904 ) ) ;
#2274 = ORIENTED_EDGE ( 'NONE', *, *, #2791, .F. ) ;
#2275 = CARTESIAN_POINT ( 'NONE',  ( -1.006430354999998222, 5.400000001899647906, 2.943505679656038129E-08 ) ) ;
#2276 = AXIS2_PLACEMENT_3D ( 'NONE', #3003, #3842, #3034 ) ;
#2277 = CARTESIAN_POINT ( 'NONE',  ( 1.006430354999998444, 7.537500001229035185, -1.232521712815482580E-16 ) ) ;
#2278 = CARTESIAN_POINT ( 'NONE',  ( -0.6249999993749993932, 2.934375000614518392, -1.082531753648015460 ) ) ;
#2279 = CARTESIAN_POINT ( 'NONE',  ( -0.5942891347833627602, 0.2047412124577758785, 0.8635965154896135809 ) ) ;
#2280 = CARTESIAN_POINT ( 'NONE',  ( 1.006430354999998444, 9.337500001229036783, 0.000000000000000000 ) ) ;
#2281 = CARTESIAN_POINT ( 'NONE',  ( 0.6249999993749996152, 10.80937500061451750, 1.082531753648015238 ) ) ;
#2282 = CARTESIAN_POINT ( 'NONE',  ( 1.006430354999998444, 4.312500000000000000, -0.5810628363798602258 ) ) ;
#2283 = CARTESIAN_POINT ( 'NONE',  ( -0.6249999993749995042, 7.378125000614516260, -1.082531753648015460 ) ) ;
#2284 = CARTESIAN_POINT ( 'NONE',  ( -1.006430354999998888, 1.331250000000000488, -0.2634828508014804838 ) ) ;
#2285 = LINE ( 'NONE', #3586, #3464 ) ;
#2286 = CARTESIAN_POINT ( 'NONE',  ( -1.249999998749998564, -1.996874999385483296, 0.000000000000000000 ) ) ;
#2287 = CARTESIAN_POINT ( 'NONE',  ( -1.006430354999998222, 0.4500000022087585760, 3.422472244619678115E-08 ) ) ;
#2288 = EDGE_LOOP ( 'NONE', ( #2572, #4812, #4124 ) ) ;
#2289 = LINE ( 'NONE', #4490, #3618 ) ;
#2290 = CARTESIAN_POINT ( 'NONE',  ( 0.5032151774999995553, 12.30000000000000071, 0.8715942545697895616 ) ) ;
#2291 = CARTESIAN_POINT ( 'NONE',  ( -1.249999998749999008, 12.81562500061451537, -0.7216878357653433440 ) ) ;
#2292 = CARTESIAN_POINT ( 'NONE',  ( 1.249999998749998564, 7.228125000614516793, -1.530808497403381346E-16 ) ) ;
#2293 = EDGE_CURVE ( 'NONE', #1001, #5259, #3279, .T. ) ;
#2294 = CARTESIAN_POINT ( 'NONE',  ( 0.6249999993749997262, 6.253125000614517148, 1.082531753648015238 ) ) ;
#2295 = CARTESIAN_POINT ( 'NONE',  ( -1.006430354999997778, 2.812499998737793661, -3.860180994429083776E-08 ) ) ;
#2296 = CARTESIAN_POINT ( 'NONE',  ( -1.249999998749998342, 8.390625000614518214, 0.7216878357653442322 ) ) ;
#2297 = PRESENTATION_LAYER_ASSIGNMENT (  '', '', ( #5844 ) ) ;
#2298 = CARTESIAN_POINT ( 'NONE',  ( -1.006430354999998888, 11.50000000000000000, 0.000000000000000000 ) ) ;
#2299 = CARTESIAN_POINT ( 'NONE',  ( -1.249999998749998564, 7.059375000614517504, 0.000000000000000000 ) ) ;
#2300 = CARTESIAN_POINT ( 'NONE',  ( 1.249999998749998564, -0.3656249993854825409, -1.530808497403381346E-16 ) ) ;
#2301 = CARTESIAN_POINT ( 'NONE',  ( 1.249999998749998342, 11.37187500061451573, -0.7216878357653438991 ) ) ;
#2302 = CARTESIAN_POINT ( 'NONE',  ( -1.104403463929294338, 11.44276976767564058, -0.4505580943950528994 ) ) ;
#2303 = CARTESIAN_POINT ( 'NONE',  ( 1.006430354999998666, 6.525000000000000355, 0.000000000000000000 ) ) ;
#2304 = VERTEX_POINT ( 'NONE', #4236 ) ;
#2305 = CARTESIAN_POINT ( 'NONE',  ( -2.168404344971008868E-16, 11.50000000000000000, 0.000000000000000000 ) ) ;
#2306 = CARTESIAN_POINT ( 'NONE',  ( -1.006430354999998000, 4.650000001229035895, 0.5810628363798603369 ) ) ;
#2307 = VECTOR ( 'NONE', #2463, 1000.000000000000000 ) ;
#2308 = CARTESIAN_POINT ( 'NONE',  ( -1.249999998749998564, 2.071875000614518125, -0.7216878357653433440 ) ) ;
#2309 = CARTESIAN_POINT ( 'NONE',  ( -1.006430354999998444, 4.031250000000001776, -0.2634828508014804282 ) ) ;
#2310 = CARTESIAN_POINT ( 'NONE',  ( -1.249999998749999008, 10.62187500061451750, -0.7216878357653433440 ) ) ;
#2311 = CARTESIAN_POINT ( 'NONE',  ( 1.006430354999998666, 4.724999999999999645, -1.232521712815482580E-16 ) ) ;
#2312 = CARTESIAN_POINT ( 'NONE',  ( 1.249999998749998564, 6.778125000614516615, -1.530808497403381346E-16 ) ) ;
#2313 = CARTESIAN_POINT ( 'NONE',  ( 1.006430354999998666, 0.3374993055330989811, 1.077981477240274587E-05 ) ) ;
#2314 = CARTESIAN_POINT ( 'NONE',  ( -1.006430354999997778, 3.149999997508875715, -3.859999143736845538E-08 ) ) ;
#2315 = CARTESIAN_POINT ( 'NONE',  ( -0.5253432182843932319, 3.074999999999997957, -0.8979642393405733447 ) ) ;
#2316 = CARTESIAN_POINT ( 'NONE',  ( -1.006430354999998888, 11.81250000122903465, 0.000000000000000000 ) ) ;
#2317 = CYLINDRICAL_SURFACE ( 'NONE', #2322, 1.006430354999998666 ) ;
#2318 = ORIENTED_EDGE ( 'NONE', *, *, #4608, .T. ) ;
#2319 = CARTESIAN_POINT ( 'NONE',  ( -9.253814805611899814E-18, 11.81250000000000000, 1.162125672759719563 ) ) ;
#2320 = CARTESIAN_POINT ( 'NONE',  ( 1.249999998749998342, 12.62812500061451537, -1.530808497403381346E-16 ) ) ;
#2321 = CARTESIAN_POINT ( 'NONE',  ( 1.988542744019850446E-16, 3.515625000614516882, 1.443375671530686910 ) ) ;
#2322 = AXIS2_PLACEMENT_3D ( 'NONE', #3559, #370, #5589 ) ;
#2323 = CARTESIAN_POINT ( 'NONE',  ( 1.249999998749998342, 5.465625000614517504, -0.7216878357653438991 ) ) ;
#2324 = CARTESIAN_POINT ( 'NONE',  ( 0.5032151774999997773, 2.962500001229035895, 0.8715942545697895616 ) ) ;
#2325 = CARTESIAN_POINT ( 'NONE',  ( 0.6249999993749997262, 7.603125000614516793, 1.082531753648015238 ) ) ;
#2326 = CARTESIAN_POINT ( 'NONE',  ( 1.006430354999998444, 11.50000000000000000, 1.232521712815482580E-16 ) ) ;
#2327 =( BOUNDED_CURVE ( )  B_SPLINE_CURVE ( 2, ( #1004, #13, #4190, #4158, #44, #1913, #5116 ),
 .UNSPECIFIED., .F., .T. ) 
 B_SPLINE_CURVE_WITH_KNOTS ( ( 3, 2, 2, 3 ),
 ( 0.5516220686312031107, 0.5564608585562796916, 0.5612996486306821575, 0.5661384387050845124 ),
 .UNSPECIFIED. ) 
 CURVE ( )  GEOMETRIC_REPRESENTATION_ITEM ( )  RATIONAL_B_SPLINE_CURVE ( ( 1.000000000000000000, 0.8660254037844387076, 1.000000000000000000, 0.8660254037844387076, 1.000000000000000000, 0.8660254037844418162, 0.9999999999999968914 ) ) 
 REPRESENTATION_ITEM ( '' )  );
#2328 = CARTESIAN_POINT ( 'NONE',  ( 1.249999998749998564, 8.146875000614516082, 0.7216878357653431220 ) ) ;
#2329 = CARTESIAN_POINT ( 'NONE',  ( 1.249999998749998342, 1.021875000614517415, -0.7216878357653438991 ) ) ;
#2330 = CARTESIAN_POINT ( 'NONE',  ( 1.249999998749998564, 12.64687500061451608, 0.7216878357653431220 ) ) ;
#2331 = CARTESIAN_POINT ( 'NONE',  ( -0.4276405938828829467, 11.31263249621158273, -0.9729228517490239314 ) ) ;
#2332 = CARTESIAN_POINT ( 'NONE',  ( 1.249999998749998342, 10.86562500061451608, -0.7216878357653438991 ) ) ;
#2333 = B_SPLINE_CURVE_WITH_KNOTS ( 'NONE', 3,
 ( #1027, #5136, #4721, #183, #4693, #573, #2022, #3850, #4243, #2947 ),
 .UNSPECIFIED., .F., .F.,
 ( 4, 2, 2, 2, 4 ),
 ( 0.000000000000000000, 0.1249999999999999722, 0.2499999999999999445, 0.3749999999999999445, 0.5000000000000000000 ),
 .UNSPECIFIED. ) ;
#2334 = VERTEX_POINT ( 'NONE', #4598 ) ;
#2335 = CARTESIAN_POINT ( 'NONE',  ( -1.006430354999998444, 6.299999998434453019, -2.425816650305153185E-08 ) ) ;
#2336 = CARTESIAN_POINT ( 'NONE',  ( -1.006430354999998666, 3.225000001229036517, -0.5810628363798596707 ) ) ;
#2337 = CARTESIAN_POINT ( 'NONE',  ( -1.249999998749998342, 3.046875000614518214, 0.7216878357653442322 ) ) ;
#2338 = CARTESIAN_POINT ( 'NONE',  ( 0.5253432182843932319, 1.500000000000000666, 0.8979642393405733447 ) ) ;
#2339 = CARTESIAN_POINT ( 'NONE',  ( -1.006430354999998222, 3.300000001229034918, 0.5810628363798603369 ) ) ;
#2340 = EDGE_CURVE ( 'NONE', #1540, #2725, #3334, .T. ) ;
#2341 = CARTESIAN_POINT ( 'NONE',  ( -0.6249999993749985050, 8.034375000614517148, 1.082531753648015904 ) ) ;
#2342 = CARTESIAN_POINT ( 'NONE',  ( 1.519623343204935146E-16, 3.262500000000001510, 1.162125672759719563 ) ) ;
#2343 = CARTESIAN_POINT ( 'NONE',  ( -1.249999998749998342, 3.890625000614517326, 0.7216878357653442322 ) ) ;
#2344 = CARTESIAN_POINT ( 'NONE',  ( -0.5032151774999986671, 3.787500001229035185, 0.8715942545697901167 ) ) ;
#2345 = CYLINDRICAL_SURFACE ( 'NONE', #774, 1.006430354999998666 ) ;
#2346 = CYLINDRICAL_SURFACE ( 'NONE', #3946, 1.006430354999998666 ) ;
#2347 = EDGE_CURVE ( 'NONE', #5655, #1971, #4595, .T. ) ;
#2348 = CARTESIAN_POINT ( 'NONE',  ( -1.006430354999998888, 10.91250000122903430, 0.000000000000000000 ) ) ;
#2349 = CARTESIAN_POINT ( 'NONE',  ( 1.006430354999998444, 11.50000000000000000, 1.232521712815482580E-16 ) ) ;
#2350 = VERTEX_POINT ( 'NONE', #5072 ) ;
#2351 = CARTESIAN_POINT ( 'NONE',  ( -0.5032151774999996663, 10.72499999999999964, -0.8715942545697896726 ) ) ;
#2352 = CARTESIAN_POINT ( 'NONE',  ( -1.249999998749998786, 11.05312500061451608, 0.000000000000000000 ) ) ;
#2353 = CARTESIAN_POINT ( 'NONE',  ( -0.6249999993749983940, 3.478125000614517237, 1.082531753648015904 ) ) ;
#2354 = CARTESIAN_POINT ( 'NONE',  ( 0.6249999993749998373, 2.203125000614517326, 1.082531753648015238 ) ) ;
#2355 = ORIENTED_EDGE ( 'NONE', *, *, #837, .T. ) ;
#2356 = CARTESIAN_POINT ( 'NONE',  ( -2.168404344971008868E-16, 11.50000000000000000, 0.000000000000000000 ) ) ;
#2357 = CARTESIAN_POINT ( 'NONE',  ( 1.249999998749998342, 7.715625000614516615, -0.7216878357653438991 ) ) ;
#2358 = VECTOR ( 'NONE', #3553, 1000.000000000000000 ) ;
#2359 = DIRECTION ( 'NONE',  ( -1.885568995626964287E-17, 1.000000000000000000, -0.000000000000000000 ) ) ;
#2360 = AXIS2_PLACEMENT_3D ( 'NONE', #1208, #3041, #3431 ) ;
#2361 = CARTESIAN_POINT ( 'NONE',  ( -0.6249999993749995042, 5.634375000614517681, -1.082531753648015460 ) ) ;
#2362 = CARTESIAN_POINT ( 'NONE',  ( 2.741591861648368944E-16, -0.4781249993854822522, 1.443375671530686910 ) ) ;
#2363 = CARTESIAN_POINT ( 'NONE',  ( 1.249999998749998342, 13.13437500061451679, -1.530808497403381346E-16 ) ) ;
#2364 = CARTESIAN_POINT ( 'NONE',  ( -0.5551518120726862682, 11.33220570686981965, -0.9295309141555379018 ) ) ;
#2365 = DIRECTION ( 'NONE',  ( -1.885568995626964287E-17, 1.000000000000000000, -0.000000000000000000 ) ) ;
#2366 = VERTEX_POINT ( 'NONE', #4175 ) ;
#2367 = CARTESIAN_POINT ( 'NONE',  ( 0.5032151774999991112, 2.212500001229035007, -0.8715942545697897836 ) ) ;
#2368 =( BOUNDED_CURVE ( )  B_SPLINE_CURVE ( 2, ( #1662, #5314, #4900, #1628, #1117, #3461, #1596 ),
 .UNSPECIFIED., .F., .T. ) 
 B_SPLINE_CURVE_WITH_KNOTS ( ( 3, 2, 2, 3 ),
 ( 0.6822694004907429166, 0.6871081905652715038, 0.6919469806397998690, 0.6967857707143283452 ),
 .UNSPECIFIED. ) 
 CURVE ( )  GEOMETRIC_REPRESENTATION_ITEM ( )  RATIONAL_B_SPLINE_CURVE ( ( 0.9999999999999968914, 0.8660254037844418162, 1.000000000000000000, 0.8660254037844387076, 1.000000000000000000, 0.8660254037739716360, 1.000000000010467183 ) ) 
 REPRESENTATION_ITEM ( '' )  );
#2369 = CARTESIAN_POINT ( 'NONE',  ( 0.5032151774999996663, 4.762500001229035718, 0.8715942545697895616 ) ) ;
#2370 = CARTESIAN_POINT ( 'NONE',  ( -1.249999998749998564, 3.459375000614517859, 0.000000000000000000 ) ) ;
#2371 = CARTESIAN_POINT ( 'NONE',  ( 0.09537274581234765625, 0.2362191629107218138, 1.021989118326011914 ) ) ;
#2372 = DIRECTION ( 'NONE',  ( -1.885568995626964287E-17, 1.000000000000000000, -0.000000000000000000 ) ) ;
#2373 = CARTESIAN_POINT ( 'NONE',  ( -0.6249999993749995042, 6.984375000614517326, -1.082531753648015460 ) ) ;
#2374 = CARTESIAN_POINT ( 'NONE',  ( -0.5032151774999986671, 3.675000000000001155, 0.8715942545697901167 ) ) ;
#2375 = CARTESIAN_POINT ( 'NONE',  ( -1.758834560202617930E-16, 4.640625000614516438, -1.443375671530686910 ) ) ;
#2376 = CARTESIAN_POINT ( 'NONE',  ( 1.243858877362748720E-16, 4.725000001229036073, 1.162125672759719341 ) ) ;
#2377 = CARTESIAN_POINT ( 'NONE',  ( 1.006430354999998666, 4.275000000000000355, 1.173230260442798796E-14 ) ) ;
#2378 = CARTESIAN_POINT ( 'NONE',  ( 1.144997917698520995, 11.39499798037507006, -2.679967941464025151E-13 ) ) ;
#2379 = CARTESIAN_POINT ( 'NONE',  ( -1.006430354999998888, 12.22500000122903430, -0.5810628363798596707 ) ) ;
#2380 = CARTESIAN_POINT ( 'NONE',  ( -8.812979525142468936E-17, 0.9000000012290358953, -1.162125672759719341 ) ) ;
#2381 = AXIS2_PLACEMENT_3D ( 'NONE', #5433, #4481, #2253 ) ;
#2382 = VERTEX_POINT ( 'NONE', #963 ) ;
#2383 = CARTESIAN_POINT ( 'NONE',  ( 0.5032151774999988891, 12.44999999999999929, -0.8715942545697897836 ) ) ;
#2384 = CARTESIAN_POINT ( 'NONE',  ( 0.6249999993749987270, 11.80312500061451608, -1.082531753648015460 ) ) ;
#2385 = EDGE_LOOP ( 'NONE', ( #639, #4670, #4390, #1801 ) ) ;
#2386 = CARTESIAN_POINT ( 'NONE',  ( 1.249999998749999008, 4.490625000614516971, 0.7216878357653431220 ) ) ;
#2387 = CARTESIAN_POINT ( 'NONE',  ( -0.6249999993749993932, 3.778125000614517504, -1.082531753648015460 ) ) ;
#2388 = VERTEX_POINT ( 'NONE', #600 ) ;
#2389 = CARTESIAN_POINT ( 'NONE',  ( 0.5032151774999991112, 4.012500001229036606, -0.8715942545697897836 ) ) ;
#2390 = CARTESIAN_POINT ( 'NONE',  ( 0.6249999993749997262, 8.053125000614516082, 1.082531753648015238 ) ) ;
#2391 = EDGE_CURVE ( 'NONE', #1449, #2470, #2718, .T. ) ;
#2392 = CARTESIAN_POINT ( 'NONE',  ( 0.9457266872627502208, -2.338021790276756828, -0.3442427812815361254 ) ) ;
#2393 = CARTESIAN_POINT ( 'NONE',  ( -0.6249999993749995042, 6.084375000614517859, -1.082531753648015460 ) ) ;
#2394 = CARTESIAN_POINT ( 'NONE',  ( -0.6249999993749983940, -0.06562499938548259359, 1.082531753648015904 ) ) ;
#2395 = CARTESIAN_POINT ( 'NONE',  ( -0.2609950956326927973, 11.28592368709936089, -1.002533745958430922 ) ) ;
#2396 = ORIENTED_EDGE ( 'NONE', *, *, #517, .T. ) ;
#2397 = CARTESIAN_POINT ( 'NONE',  ( -1.006430354999999111, 6.318750000000000533, 0.2634828508014803727 ) ) ;
#2398 = CARTESIAN_POINT ( 'NONE',  ( -1.006430354999998666, 5.025000001229035895, -0.5810628363798596707 ) ) ;
#2399 = CARTESIAN_POINT ( 'NONE',  ( 1.249999998749999008, 0.4968750006145178921, 0.7216878357653431220 ) ) ;
#2400 = CARTESIAN_POINT ( 'NONE',  ( 1.408010149209747913E-17, 10.57500000122903572, 1.162125672759719341 ) ) ;
#2401 = FACE_OUTER_BOUND ( 'NONE', #5357, .T. ) ;
#2402 = CARTESIAN_POINT ( 'NONE',  ( -2.448245724228726428E-16, 8.296875000614516438, -1.443375671530686910 ) ) ;
#2403 = CARTESIAN_POINT ( 'NONE',  ( -8.600853010817010837E-17, 0.7875000000000018652, -1.162125672759719563 ) ) ;
#2404 = CARTESIAN_POINT ( 'NONE',  ( 0.6249999993749988381, 5.053125000614517859, -1.082531753648015460 ) ) ;
#2405 = CARTESIAN_POINT ( 'NONE',  ( -0.8979642393405735667, 4.087500000000001243, 0.5253432182843935649 ) ) ;
#2406 = CARTESIAN_POINT ( 'NONE',  ( 0.6412818096776832233, 11.35019717307651632, 0.9351434318591436146 ) ) ;
#2407 = CARTESIAN_POINT ( 'NONE',  ( -3.002563072594581131E-16, 12.15000000122903501, -1.162125672759719563 ) ) ;
#2408 = CARTESIAN_POINT ( 'NONE',  ( 0.6249999993749997262, 6.759375000614517681, 1.082531753648015238 ) ) ;
#2409 = DIRECTION ( 'NONE',  ( -1.885568995626964287E-17, 1.000000000000000000, -0.000000000000000000 ) ) ;
#2410 = VERTEX_POINT ( 'NONE', #5643 ) ;
#2411 = CARTESIAN_POINT ( 'NONE',  ( 1.006430354999998444, 11.92500000000000071, -1.232521712815482580E-16 ) ) ;
#2412 = CARTESIAN_POINT ( 'NONE',  ( 6.309330671684359623E-17, 10.71562500061451750, 1.443375671530686910 ) ) ;
#2413 = ORIENTED_EDGE ( 'NONE', *, *, #4216, .F. ) ;
#2414 = CARTESIAN_POINT ( 'NONE',  ( 1.818841534413423451E-16, 4.415625000614516793, 1.443375671530686910 ) ) ;
#2415 = CARTESIAN_POINT ( 'NONE',  ( 1.249999998749998342, 2.765625000614517770, -0.7216878357653438991 ) ) ;
#2416 = ORIENTED_EDGE ( 'NONE', *, *, #293, .F. ) ;
#2417 = CARTESIAN_POINT ( 'NONE',  ( -1.006430354999998666, 4.125000001229036428, -0.5810628363798595597 ) ) ;
#2418 = AXIS2_PLACEMENT_3D ( 'NONE', #4131, #79, #2424 ) ;
#2419 = CARTESIAN_POINT ( 'NONE',  ( 0.6249999993749997262, 6.703125000614517326, 1.082531753648015238 ) ) ;
#2420 = CARTESIAN_POINT ( 'NONE',  ( -1.249999998749998564, 6.571875000614517681, -0.7216878357653433440 ) ) ;
#2421 = CARTESIAN_POINT ( 'NONE',  ( 0.6249999993749989491, 0.1031250006145179032, -1.082531753648015460 ) ) ;
#2422 = CARTESIAN_POINT ( 'NONE',  ( 1.249999998749998564, 0.08437500061451823352, -1.530808497403381346E-16 ) ) ;
#2423 = EDGE_CURVE ( 'NONE', #4256, #3952, #5522, .T. ) ;
#2424 = DIRECTION ( 'NONE',  ( -1.000000000000000000, -1.885568995626964287E-17, 0.000000000000000000 ) ) ;
#2425 = ORIENTED_EDGE ( 'NONE', *, *, #3227, .F. ) ;
#2426 = CARTESIAN_POINT ( 'NONE',  ( 0.6249999993749987270, 10.95937500061451786, -1.082531753648015460 ) ) ;
#2427 = CARTESIAN_POINT ( 'NONE',  ( 1.006430354999998444, 4.425000001229036251, -0.5810628363798602258 ) ) ;
#2428 = CARTESIAN_POINT ( 'NONE',  ( 0.4687467380920178894, -1.950718360047898674E-07, 1.158782331761703199 ) ) ;
#2429 = CARTESIAN_POINT ( 'NONE',  ( -0.6249999993749986160, 12.53437500061451715, 1.082531753648015904 ) ) ;
#2430 = CARTESIAN_POINT ( 'NONE',  ( 0.2634828508014798731, 10.48124999999999751, 1.006430354999998666 ) ) ;
#2431 = CARTESIAN_POINT ( 'NONE',  ( -0.6249999993749985050, 6.684375000614517504, 1.082531753648015904 ) ) ;
#2432 = CARTESIAN_POINT ( 'NONE',  ( -0.5032151774999986671, 2.325000000000000622, 0.8715942545697901167 ) ) ;
#2433 = CARTESIAN_POINT ( 'NONE',  ( 0.6249999993749998373, 4.003125000614517148, 1.082531753648015238 ) ) ;
#2434 = CARTESIAN_POINT ( 'NONE',  ( -0.5032151774999994442, 1.387500001229035718, -0.8715942545697896726 ) ) ;
#2435 = CARTESIAN_POINT ( 'NONE',  ( -1.006430354999998666, 3.600000000479150142, 7.424412276866688881E-09 ) ) ;
#2436 = CARTESIAN_POINT ( 'NONE',  ( 0.5253432182843933429, 3.000000000000001776, -0.8979642393405732337 ) ) ;
#2437 = CARTESIAN_POINT ( 'NONE',  ( 0.5032151774999996663, 10.16250000122903607, 0.8715942545697895616 ) ) ;
#2438 = CARTESIAN_POINT ( 'NONE',  ( 0.6249999993749997262, 7.209375000614517859, 1.082531753648015238 ) ) ;
#2439 = CARTESIAN_POINT ( 'NONE',  ( -0.2634828508014804282, 6.206250000000000711, -1.006430354999998888 ) ) ;
#2440 = CARTESIAN_POINT ( 'NONE',  ( 0.5032151774999990002, 8.400000000000000355, -0.8715942545697897836 ) ) ;
#2441 = CARTESIAN_POINT ( 'NONE',  ( -0.6249999993749996152, 10.52812500061451573, -1.082531753648015460 ) ) ;
#2442 = ORIENTED_EDGE ( 'NONE', *, *, #1312, .T. ) ;
#2443 = CARTESIAN_POINT ( 'NONE',  ( -1.249999998749998564, 4.753125000614517148, 0.000000000000000000 ) ) ;
#2444 = CARTESIAN_POINT ( 'NONE',  ( 1.249999998749999008, 3.590625000614517504, 0.7216878357653431220 ) ) ;
#2445 = ORIENTED_EDGE ( 'NONE', *, *, #350, .T. ) ;
#2446 = CARTESIAN_POINT ( 'NONE',  ( -1.006430354999999111, 8.212500001369473779, 2.176072290791853362E-09 ) ) ;
#2447 = CARTESIAN_POINT ( 'NONE',  ( -1.249999998749998564, 6.159375000614517148, 0.000000000000000000 ) ) ;
#2448 = CARTESIAN_POINT ( 'NONE',  ( -1.249999998749998564, -0.6468749993854827629, 0.000000000000000000 ) ) ;
#2449 = CARTESIAN_POINT ( 'NONE',  ( 0.6249999993749999483, -1.790624999385481697, 1.082531753648015238 ) ) ;
#2450 = CARTESIAN_POINT ( 'NONE',  ( -3.370996051463671921E-16, 13.19062500061451537, -1.443375671530686910 ) ) ;
#2451 = ORIENTED_EDGE ( 'NONE', *, *, #5616, .T. ) ;
#2452 = EDGE_CURVE ( 'NONE', #4706, #664, #5435, .T. ) ;
#2453 = CARTESIAN_POINT ( 'NONE',  ( 1.249999998749998342, 10.47187500061451715, -0.7216878357653438991 ) ) ;
#2454 = EDGE_CURVE ( 'NONE', #2655, #4942, #553, .T. ) ;
#2455 = CARTESIAN_POINT ( 'NONE',  ( 0.5032151774999991112, 0.8625000012290363616, -0.8715942545697897836 ) ) ;
#2456 = CARTESIAN_POINT ( 'NONE',  ( 1.249999998749998342, 12.68437500061451573, -1.530808497403381346E-16 ) ) ;
#2457 = DIRECTION ( 'NONE',  ( 1.885568995626964287E-17, -1.000000000000000000, 0.000000000000000000 ) ) ;
#2458 = CIRCLE ( 'NONE', #5145, 2.549999999999998490 ) ;
#2459 = CARTESIAN_POINT ( 'NONE',  ( 1.214280975190527958E-16, 7.621875000614517504, 1.443375671530686910 ) ) ;
#2460 = CARTESIAN_POINT ( 'NONE',  ( 1.943876367221002388E-16, 1.012500000000001288, 1.162125672759719563 ) ) ;
#2461 = CARTESIAN_POINT ( 'NONE',  ( 1.249999998749999008, 0.8906250006145177700, 0.7216878357653431220 ) ) ;
#2462 = CARTESIAN_POINT ( 'NONE',  ( -0.5032151774999986671, 0.6375000012290351625, 0.8715942545697901167 ) ) ;
#2463 = DIRECTION ( 'NONE',  ( -1.885568995626964287E-17, 1.000000000000000000, -0.000000000000000000 ) ) ;
#2464 = CARTESIAN_POINT ( 'NONE',  ( 3.105022245274014785E-17, 9.675000001229037139, 1.162125672759719563 ) ) ;
#2465 = CARTESIAN_POINT ( 'NONE',  ( -0.6249999993749995042, 7.434375000614517504, -1.082531753648015460 ) ) ;
#2466 = DIRECTION ( 'NONE',  ( -1.000000000000000000, 0.000000000000000000, 0.000000000000000000 ) ) ;
#2467 = CARTESIAN_POINT ( 'NONE',  ( 0.5253432182843932319, 6.000000000000000888, 0.8979642393405735667 ) ) ;
#2468 = CARTESIAN_POINT ( 'NONE',  ( -0.5032151774999987781, 9.074999999999999289, 0.8715942545697901167 ) ) ;
#2469 = CARTESIAN_POINT ( 'NONE',  ( 0.6249999993749996152, 10.75312500061451537, 1.082531753648015238 ) ) ;
#2470 = VERTEX_POINT ( 'NONE', #2016 ) ;
#2471 = CARTESIAN_POINT ( 'NONE',  ( -1.249999998749998564, 2.915625000614516793, -0.7216878357653433440 ) ) ;
#2472 = CARTESIAN_POINT ( 'NONE',  ( 1.249999998749998564, 1.828125000614517104, -1.530808497403381346E-16 ) ) ;
#2473 = VERTEX_POINT ( 'NONE', #4863 ) ;
#2474 = AXIS2_PLACEMENT_3D ( 'NONE', #4412, #298, #4293 ) ;
#2475 = CYLINDRICAL_SURFACE ( 'NONE', #1122, 1.006430354999998666 ) ;
#2476 = CARTESIAN_POINT ( 'NONE',  ( -1.006430354999998666, 1.818750000000001421, 0.2634828508014802617 ) ) ;
#2477 = CARTESIAN_POINT ( 'NONE',  ( 1.249999998749999008, 4.996875000614517504, 0.7216878357653431220 ) ) ;
#2478 = CARTESIAN_POINT ( 'NONE',  ( 1.249999998749998342, -1.734374999385482674, -0.7216878357653438991 ) ) ;
#2479 = CARTESIAN_POINT ( 'NONE',  ( -6.663830233612453188E-17, -1.153124999385482630, -1.443375671530686910 ) ) ;
#2480 = CARTESIAN_POINT ( 'NONE',  ( -1.249999998749998342, 12.44062500061451537, 0.7216878357653442322 ) ) ;
#2481 = EDGE_LOOP ( 'NONE', ( #2923, #285, #793, #3108 ) ) ;
#2482 = CARTESIAN_POINT ( 'NONE',  ( 0.6249999993749997262, 10.35937500061451821, 1.082531753648015238 ) ) ;
#2483 = CARTESIAN_POINT ( 'NONE',  ( 1.668111901378815716E-16, 2.475000001229035185, 1.162125672759719563 ) ) ;
#2484 = FILL_AREA_STYLE ('',( #3836 ) ) ;
#2485 = CARTESIAN_POINT ( 'NONE',  ( -3.381602377064073423E-16, 13.24687500061451750, -1.443375671530686910 ) ) ;
#2486 = CARTESIAN_POINT ( 'NONE',  ( 0.3615265953185967107, 0.07450590435570696168, -1.128691680673579167 ) ) ;
#2487 = CARTESIAN_POINT ( 'NONE',  ( -0.6249999993749995042, 6.084375000614517859, -1.082531753648015460 ) ) ;
#2488 = CARTESIAN_POINT ( 'NONE',  ( -1.006430354999998666, 1.312500000000001332, -0.5810628363798596707 ) ) ;
#2489 = CARTESIAN_POINT ( 'NONE',  ( -0.6249999993749993932, 1.528125000614517059, -1.082531753648015460 ) ) ;
#2490 = CARTESIAN_POINT ( 'NONE',  ( 1.249999999999998890, 2.356961244533703509E-17, 0.000000000000000000 ) ) ;
#2491 = CARTESIAN_POINT ( 'NONE',  ( 1.006430354999998666, 1.575000000000000178, 1.173230260442798796E-14 ) ) ;
#2492 = CARTESIAN_POINT ( 'NONE',  ( -0.8979642393405734557, 9.862499999999997158, -0.5253432182843935649 ) ) ;
#2493 =( GEOMETRIC_REPRESENTATION_CONTEXT ( 3 ) GLOBAL_UNCERTAINTY_ASSIGNED_CONTEXT ( ( #1914 ) ) GLOBAL_UNIT_ASSIGNED_CONTEXT ( ( #4765, #3807, #2852 ) ) REPRESENTATION_CONTEXT ( 'NONE', 'WORKASPACE' ) );
#2494 = CARTESIAN_POINT ( 'NONE',  ( -0.5032151774999995553, 9.037500001229034297, -0.8715942545697896726 ) ) ;
#2495 = CARTESIAN_POINT ( 'NONE',  ( 1.249999998749998564, 8.596875000614517148, 0.7216878357653431220 ) ) ;
#2496 = DIRECTION ( 'NONE',  ( -1.000000000000000000, 0.000000000000000000, 0.000000000000000000 ) ) ;
#2497 = CARTESIAN_POINT ( 'NONE',  ( -0.5032151774999988891, 13.12500000000000000, 0.8715942545697901167 ) ) ;
#2498 = CARTESIAN_POINT ( 'NONE',  ( -2.069206419759234628E-16, 7.200000001229036606, -1.162125672759719341 ) ) ;
#2499 = CARTESIAN_POINT ( 'NONE',  ( -2.387396187539541453E-16, 8.887499999999999289, -1.162125672759719563 ) ) ;
#2500 = CARTESIAN_POINT ( 'NONE',  ( 1.249999998749998564, 9.440625000614517148, 0.7216878357653431220 ) ) ;
#2501 = ORIENTED_EDGE ( 'NONE', *, *, #2347, .F. ) ;
#2502 = CARTESIAN_POINT ( 'NONE',  ( -1.249999998749998342, 2.090625000614517504, 0.7216878357653442322 ) ) ;
#2503 = CARTESIAN_POINT ( 'NONE',  ( 1.249999998749998342, 0.9656250006145166154, -0.7216878357653438991 ) ) ;
#2504 = ORIENTED_EDGE ( 'NONE', *, *, #1092, .T. ) ;
#2505 = CARTESIAN_POINT ( 'NONE',  ( -0.5253432182843933429, 2.324999999999999734, 0.8979642393405733447 ) ) ;
#2506 = DIRECTION ( 'NONE',  ( -1.885568995626964287E-17, 1.000000000000000000, -0.000000000000000000 ) ) ;
#2507 = CARTESIAN_POINT ( 'NONE',  ( 0.6249999993749988381, 8.203125000614518214, -1.082531753648015460 ) ) ;
#2508 = CARTESIAN_POINT ( 'NONE',  ( -1.514889071393379679E-16, 3.346875000614518036, -1.443375671530686910 ) ) ;
#2509 = CARTESIAN_POINT ( 'NONE',  ( 2.921899396855197441E-16, -1.434374999385482852, 1.443375671530686910 ) ) ;
#2510 = CARTESIAN_POINT ( 'NONE',  ( 1.006430354999998666, 3.825000000000000622, 0.000000000000000000 ) ) ;
#2511 = CARTESIAN_POINT ( 'NONE',  ( 0.5253432182843930098, 9.150000000000000355, 0.8979642393405733447 ) ) ;
#2512 = CARTESIAN_POINT ( 'NONE',  ( -0.7487559343818470659, 11.49180035672235078, -1.011081231257997981 ) ) ;
#2513 = CARTESIAN_POINT ( 'NONE',  ( 0.5032151774999991112, 2.662500001229036073, -0.8715942545697897836 ) ) ;
#2514 = CARTESIAN_POINT ( 'NONE',  ( -1.249999998749998342, 12.49687500061451573, 0.7216878357653442322 ) ) ;
#2515 = CARTESIAN_POINT ( 'NONE',  ( -1.684590280999806182E-16, 4.246875000614517504, -1.443375671530686910 ) ) ;
#2516 = CARTESIAN_POINT ( 'NONE',  ( -1.199487720294554212E-16, 2.587500000000001688, -1.162125672759719563 ) ) ;
#2517 = CARTESIAN_POINT ( 'NONE',  ( -9.951791169736978072E-17, 0.5906250006145179476, -1.443375671530686910 ) ) ;
#2518 = DIRECTION ( 'NONE',  ( -1.885568995626964287E-17, 1.000000000000000000, -0.000000000000000000 ) ) ;
#2519 = SURFACE_STYLE_USAGE ( .BOTH. , #4832 ) ;
#2520 = DIRECTION ( 'NONE',  ( -1.000000000000000000, 0.000000000000000000, 0.000000000000000000 ) ) ;
#2521 = CARTESIAN_POINT ( 'NONE',  ( -1.006430354999998888, 9.562500001229036428, 0.000000000000000000 ) ) ;
#2522 = CARTESIAN_POINT ( 'NONE',  ( -1.249999998749998342, 8.446875000614518569, 0.7216878357653442322 ) ) ;
#2523 = EDGE_CURVE ( 'NONE', #2530, #248, #3320, .T. ) ;
#2524 =( BOUNDED_CURVE ( )  B_SPLINE_CURVE ( 2, ( #5672, #2017, #601, #3876, #690, #1171, #3455 ),
 .UNSPECIFIED., .F., .T. ) 
 B_SPLINE_CURVE_WITH_KNOTS ( ( 3, 2, 2, 3 ),
 ( 0.6096875492506950156, 0.6145263394491088382, 0.6193651295235113041, 0.6242039195979137700 ),
 .UNSPECIFIED. ) 
 CURVE ( )  GEOMETRIC_REPRESENTATION_ITEM ( )  RATIONAL_B_SPLINE_CURVE ( ( 1.000000000000000000, 0.8660254037844387076, 1.000000000000000000, 0.8660254037844387076, 1.000000000000000000, 0.8660254037844387076, 1.000000000000000000 ) ) 
 REPRESENTATION_ITEM ( '' )  );
#2525 = FACE_OUTER_BOUND ( 'NONE', #5230, .T. ) ;
#2526 = CARTESIAN_POINT ( 'NONE',  ( 1.006430354999998666, 7.087500001229035895, 0.000000000000000000 ) ) ;
#2527 = CARTESIAN_POINT ( 'NONE',  ( -2.217694977933114951E-16, 7.987500000000000711, -1.162125672759719563 ) ) ;
#2528 = CARTESIAN_POINT ( 'NONE',  ( 0.6249999993749988381, 8.203125000614518214, -1.082531753648015460 ) ) ;
#2529 = EDGE_CURVE ( 'NONE', #558, #5077, #2034, .T. ) ;
#2530 = VERTEX_POINT ( 'NONE', #1621 ) ;
#2531 = CARTESIAN_POINT ( 'NONE',  ( -1.249999998749998564, 2.503125000614517148, 0.000000000000000000 ) ) ;
#2532 = CARTESIAN_POINT ( 'NONE',  ( 0.6249999993749998373, 1.303125000614517637, 1.082531753648015238 ) ) ;
#2533 = ORIENTED_EDGE ( 'NONE', *, *, #5321, .T. ) ;
#2534 = CYLINDRICAL_SURFACE ( 'NONE', #1944, 1.006430354999998666 ) ;
#2535 = B_SPLINE_CURVE_WITH_KNOTS ( 'NONE', 3,
 ( #4227, #4255, #527, #1402, #3206, #2395, #3712, #497, #111, #1825, #3775, #2331, #5603, #1919, #4705, #2364, #4194, #5483, #1885, #1491, #3323, #1463, #5092, #5545, #4645, #3742, #464, #1433, #1855, #2875, #3683, #3654, #1373, #1008, #980, #4163, #3267, #2753, #5033, #5511, #5573, #4586, #5062, #2302, #3296, #950, #2785, #5120, #4617, #4284, #2904, #4346, #3354, #197, #617, #1645, #3447 ),
 .UNSPECIFIED., .F., .F.,
 ( 4, 2, 1, 2, 2, 2, 2, 2, 2, 1, 2, 2, 2, 1, 1, 2, 2, 2, 2, 2, 2, 2, 2, 1, 1, 2, 2, 2, 1, 2, 2, 4 ),
 ( 0.000000000000000000, 0.06249999999999741873, 0.09374999999999615585, 0.1093749999999957673, 0.1249999999999953926, 0.1874999999999948375, 0.2187499999999944489, 0.2499999999999941158, 0.3124999999999937828, 0.3437499999999935607, 0.3593749999999935052, 0.3749999999999933942, 0.4374999999999935607, 0.4687499999999936717, 0.4843749999999934497, 0.4921874999999931721, 0.4999999999999928946, 0.5624999999999895639, 0.5937499999999878986, 0.6093749999999867883, 0.6249999999999857891, 0.6874999999999824585, 0.7187499999999809042, 0.7343749999999803491, 0.7421874999999799050, 0.7460937499999799050, 0.7499999999999800160, 0.8124999999999851230, 0.8437499999999876765, 0.8593749999999888978, 0.8749999999999901190, 1.000000000000000000 ),
 .UNSPECIFIED. ) ;
#2536 = ORIENTED_EDGE ( 'NONE', *, *, #5173, .T. ) ;
#2537 = CARTESIAN_POINT ( 'NONE',  ( -1.006430354999998888, 1.462500001001236782, -3.529757098621566711E-09 ) ) ;
#2538 = CARTESIAN_POINT ( 'NONE',  ( 0.6249999993749988381, 9.103125000614515017, -1.082531753648015460 ) ) ;
#2539 = APPLICATION_CONTEXT ( 'automotive_design' ) ;
#2540 = ORIENTED_EDGE ( 'NONE', *, *, #2094, .F. ) ;
#2541 = CARTESIAN_POINT ( 'NONE',  ( -1.249999998749998564, 3.909375000614518481, 0.000000000000000000 ) ) ;
#2542 = CARTESIAN_POINT ( 'NONE',  ( -0.6249999993749983940, -0.5718749993854823632, 1.082531753648015904 ) ) ;
#2543 = CARTESIAN_POINT ( 'NONE',  ( 0.6249999993749999483, -1.340624999385482630, 1.082531753648015238 ) ) ;
#2544 = CARTESIAN_POINT ( 'NONE',  ( -1.249999998749999008, 12.36562500061451608, -0.7216878357653433440 ) ) ;
#2545 = CARTESIAN_POINT ( 'NONE',  ( -1.249999998749998342, 10.69687500061451679, 0.7216878357653442322 ) ) ;
#2546 = CARTESIAN_POINT ( 'NONE',  ( 0.5032151774999997773, 1.162500001229036295, 0.8715942545697895616 ) ) ;
#2547 = CARTESIAN_POINT ( 'NONE',  ( 1.249999998749998342, 9.984375000614516438, -1.530808497403381346E-16 ) ) ;
#2548 = B_SPLINE_CURVE_WITH_KNOTS ( 'NONE', 3,
 ( #2510, #3476, #3026, #3059, #4435, #1225, #4885, #771, #2606, #2080 ),
 .UNSPECIFIED., .F., .F.,
 ( 4, 2, 2, 2, 4 ),
 ( 0.5000000000000000000, 0.6250000000000000000, 0.7500000000000000000, 0.8750000000000000000, 1.000000000000000000 ),
 .UNSPECIFIED. ) ;
#2549 = CARTESIAN_POINT ( 'NONE',  ( -2.023992700212659679E-16, 6.046875000614517326, -1.443375671530686910 ) ) ;
#2550 = CARTESIAN_POINT ( 'NONE',  ( 0.5032151774999997773, 0.6000000000000015321, 0.8715942545697895616 ) ) ;
#2551 = CARTESIAN_POINT ( 'NONE',  ( -0.6249999993749983940, 2.578125000614517770, 1.082531753648015904 ) ) ;
#2552 = CARTESIAN_POINT ( 'NONE',  ( 1.006430354999998666, 0.7875000012290359619, 0.000000000000000000 ) ) ;
#2553 = CARTESIAN_POINT ( 'NONE',  ( -1.749999999999999778, 11.50000000000000000, 0.000000000000000000 ) ) ;
#2554 = CARTESIAN_POINT ( 'NONE',  ( -0.2634828508014802617, 9.806249999999998579, -1.006430354999998666 ) ) ;
#2555 = CARTESIAN_POINT ( 'NONE',  ( -1.006430354999998888, 9.975000001229034297, -0.5810628363798596707 ) ) ;
#2556 = CIRCLE ( 'NONE', #4666, 2.549999999999998490 ) ;
#2557 = CARTESIAN_POINT ( 'NONE',  ( -1.249999998749998564, 5.221875000614517148, -0.7216878357653433440 ) ) ;
#2558 = CARTESIAN_POINT ( 'NONE',  ( 0.6249999993749989491, 1.059375000614518392, -1.082531753648015460 ) ) ;
#2559 = CYLINDRICAL_SURFACE ( 'NONE', #5140, 1.006430354999998666 ) ;
#2560 = DIRECTION ( 'NONE',  ( -1.885568995626964287E-17, 1.000000000000000000, -0.000000000000000000 ) ) ;
#2561 = CARTESIAN_POINT ( 'NONE',  ( 1.006430354999998000, 8.362500000000000711, -0.5810628363798602258 ) ) ;
#2562 = CARTESIAN_POINT ( 'NONE',  ( -2.692191213037965419E-16, 9.590625000614517504, -1.443375671530686910 ) ) ;
#2563 = VERTEX_POINT ( 'NONE', #3484 ) ;
#2564 = CARTESIAN_POINT ( 'NONE',  ( -1.419432140989764186E-16, 2.840625000614516615, -1.443375671530686910 ) ) ;
#2565 = CARTESIAN_POINT ( 'NONE',  ( -1.249999998749998342, -0.1593749993854826907, 0.7216878357653442322 ) ) ;
#2566 = ORIENTED_EDGE ( 'NONE', *, *, #134, .T. ) ;
#2567 =( BOUNDED_CURVE ( )  B_SPLINE_CURVE ( 2, ( #816, #2681, #2178, #3638, #5378, #2735, #1723 ),
 .UNSPECIFIED., .F., .T. ) 
 B_SPLINE_CURVE_WITH_KNOTS ( ( 3, 2, 2, 3 ),
 ( 0.1285714285714285032, 0.1333333333333333037, 0.1380952380952380765, 0.1428571429475951338 ),
 .UNSPECIFIED. ) 
 CURVE ( )  GEOMETRIC_REPRESENTATION_ITEM ( )  RATIONAL_B_SPLINE_CURVE ( ( 1.000000000000001554, 0.8660254037844370423, 1.000000000000000000, 0.8660254037844387076, 1.000000000000000000, 0.8660254037844387076, 1.000000000000000000 ) ) 
 REPRESENTATION_ITEM ( '' )  );
#2568 = CARTESIAN_POINT ( 'NONE',  ( 1.006430354999998444, 10.68750000122903465, 0.000000000000000000 ) ) ;
#2569 = EDGE_LOOP ( 'NONE', ( #5777, #5913, #590, #2181 ) ) ;
#2570 = DIRECTION ( 'NONE',  ( -1.885568995626964287E-17, 1.000000000000000000, -0.000000000000000000 ) ) ;
#2571 = CARTESIAN_POINT ( 'NONE',  ( 0.6249999993749988381, 10.00312500061451715, -1.082531753648015460 ) ) ;
#2572 = ORIENTED_EDGE ( 'NONE', *, *, #5790, .T. ) ;
#2573 = CARTESIAN_POINT ( 'NONE',  ( 0.6249999993749989491, 3.309375000614517059, -1.082531753648015460 ) ) ;
#2574 = CARTESIAN_POINT ( 'NONE',  ( 1.249999998749998342, -0.7781249993854820746, -0.7216878357653438991 ) ) ;
#2575 = CARTESIAN_POINT ( 'NONE',  ( -5.815324185580319444E-17, -1.603124999385481475, -1.443375671530686910 ) ) ;
#2576 = CARTESIAN_POINT ( 'NONE',  ( 1.249999998749998342, 13.11562500061451608, -0.7216878357653438991 ) ) ;
#2577 = EDGE_CURVE ( 'NONE', #5774, #1449, #5757, .T. ) ;
#2578 = CARTESIAN_POINT ( 'NONE',  ( -1.249999998749998342, 8.896875000614517859, 0.7216878357653442322 ) ) ;
#2579 = CARTESIAN_POINT ( 'NONE',  ( 0.5032151774999997773, 0.2625000012290365503, 0.8715942545697895616 ) ) ;
#2580 = CARTESIAN_POINT ( 'NONE',  ( 1.249999998749998564, 9.946875000614516793, 0.7216878357653431220 ) ) ;
#2581 = CARTESIAN_POINT ( 'NONE',  ( -1.249999998749998342, 5.746875000614517504, 0.7216878357653442322 ) ) ;
#2582 = CARTESIAN_POINT ( 'NONE',  ( 0.5032151774999991112, 0.3000000000000016542, -0.8715942545697897836 ) ) ;
#2583 = CARTESIAN_POINT ( 'NONE',  ( 0.6249999993749989491, 1.903125000614517504, -1.082531753648015460 ) ) ;
#2584 = CARTESIAN_POINT ( 'NONE',  ( -1.006430354999998666, 0.5625000015790730945, 5.423820033337930530E-09 ) ) ;
#2585 = DIRECTION ( 'NONE',  ( -1.885568995626964287E-17, 1.000000000000000000, -0.000000000000000000 ) ) ;
#2586 = CYLINDRICAL_SURFACE ( 'NONE', #3261, 1.006430354999998666 ) ;
#2587 = CARTESIAN_POINT ( 'NONE',  ( -0.5032151774999995553, 8.587500001229035007, -0.8715942545697896726 ) ) ;
#2588 = CARTESIAN_POINT ( 'NONE',  ( 0.6249999993749988381, 6.009375000614516793, -1.082531753648015460 ) ) ;
#2589 = CARTESIAN_POINT ( 'NONE',  ( 1.249999998749998342, -0.3281249993854814528, -0.7216878357653438991 ) ) ;
#2590 = CARTESIAN_POINT ( 'NONE',  ( -1.006430354999999111, 10.81875000000000320, 0.2634828508014803172 ) ) ;
#2591 = CARTESIAN_POINT ( 'NONE',  ( 0.5032151774999990002, 7.500000000000000888, -0.8715942545697897836 ) ) ;
#2592 = CARTESIAN_POINT ( 'NONE',  ( 8.854848815780762088E-17, 9.365625000614516082, 1.443375671530686910 ) ) ;
#2593 = CARTESIAN_POINT ( 'NONE',  ( 1.249999998749999008, 1.340625000614516837, 0.7216878357653431220 ) ) ;
#2594 = CARTESIAN_POINT ( 'NONE',  ( -1.249999998749998564, 1.115625000614517415, -0.7216878357653433440 ) ) ;
#2595 = DIRECTION ( 'NONE',  ( -1.000000000000000000, 0.000000000000000000, 0.000000000000000000 ) ) ;
#2596 = ORIENTED_EDGE ( 'NONE', *, *, #3494, .T. ) ;
#2597 = DIRECTION ( 'NONE',  ( -1.885568995626964287E-17, 1.000000000000000000, -0.000000000000000000 ) ) ;
#2598 = CARTESIAN_POINT ( 'NONE',  ( 1.249999998749998342, 10.37812500061451715, -1.530808497403381346E-16 ) ) ;
#2599 = AXIS2_PLACEMENT_3D ( 'NONE', #3400, #5676, #182 ) ;
#2600 = ORIENTED_EDGE ( 'NONE', *, *, #660, .T. ) ;
#2601 = CARTESIAN_POINT ( 'NONE',  ( -1.249999998749998564, 0.2718750006145184139, -0.7216878357653433440 ) ) ;
#2602 = EDGE_CURVE ( 'NONE', #2655, #2007, #5538, .T. ) ;
#2603 = CARTESIAN_POINT ( 'NONE',  ( 1.749999999999999334, 10.09999999999999964, 2.143131898507867804E-16 ) ) ;
#2604 = CARTESIAN_POINT ( 'NONE',  ( 1.249999998749998342, 3.721875000614518036, -0.7216878357653438991 ) ) ;
#2605 = CARTESIAN_POINT ( 'NONE',  ( -0.6249999993749992822, -1.115624999385481431, -1.082531753648015460 ) ) ;
#2606 = CARTESIAN_POINT ( 'NONE',  ( -1.006430354999998666, 3.618750000000001243, 0.2634828508014802617 ) ) ;
#2607 = CARTESIAN_POINT ( 'NONE',  ( -0.6249999993749996152, 10.52812500061451573, -1.082531753648015460 ) ) ;
#2608 = CARTESIAN_POINT ( 'NONE',  ( 1.006430354999998666, -1.912499998770963217, -1.232521712815482580E-16 ) ) ;
#2609 = EDGE_CURVE ( 'NONE', #3947, #5655, #5628, .T. ) ;
#2610 = CARTESIAN_POINT ( 'NONE',  ( -0.6249999993749996152, 11.48437500061451644, -1.082531753648015460 ) ) ;
#2611 = CARTESIAN_POINT ( 'NONE',  ( -0.6249999993749993932, 4.284375000614517148, -1.082531753648015460 ) ) ;
#2612 = CARTESIAN_POINT ( 'NONE',  ( 1.006430354999998444, -1.537499999999998757, -0.5810628363798602258 ) ) ;
#2613 = CARTESIAN_POINT ( 'NONE',  ( 1.249999998749998342, 0.5156250006145175480, -0.7216878357653438991 ) ) ;
#2614 = CARTESIAN_POINT ( 'NONE',  ( -1.006430354999998444, 5.850000000605611206, 9.383941462242713342E-09 ) ) ;
#2615 = AXIS2_PLACEMENT_3D ( 'NONE', #2180, #343, #4787 ) ;
#2616 = CARTESIAN_POINT ( 'NONE',  ( 1.006430354999998444, 11.13750000122903572, -1.232521712815482580E-16 ) ) ;
#2617 = CARTESIAN_POINT ( 'NONE',  ( 1.006430354999998444, 5.775000001229035895, -0.5810628363798602258 ) ) ;
#2618 = CARTESIAN_POINT ( 'NONE',  ( -0.6249999993749995042, 5.634375000614517681, -1.082531753648015460 ) ) ;
#2619 = CARTESIAN_POINT ( 'NONE',  ( -1.249999998749998564, 0.7218750006145174813, -0.7216878357653433440 ) ) ;
#2620 = DIRECTION ( 'NONE',  ( -1.000000000000000000, 0.000000000000000000, 0.000000000000000000 ) ) ;
#2621 = CARTESIAN_POINT ( 'NONE',  ( 0.8979642393405731227, 10.98750000000000071, 0.5253432182843933429 ) ) ;
#2622 = CARTESIAN_POINT ( 'NONE',  ( 0.5032151774999990002, 6.150000000000000355, -0.8715942545697897836 ) ) ;
#2623 = CARTESIAN_POINT ( 'NONE',  ( -0.6249999993749995042, 9.178125000614517859, -1.082531753648015460 ) ) ;
#2624 = CARTESIAN_POINT ( 'NONE',  ( 1.010200091500977004, 0.2277615389598813267, -0.1817801704646119232 ) ) ;
#2625 = CARTESIAN_POINT ( 'NONE',  ( -1.249999998749998342, -1.959374999385482319, 0.7216878357653442322 ) ) ;
#2626 = CARTESIAN_POINT ( 'NONE',  ( -1.006430354999998222, 0.4500000022087585760, 3.422472244619678115E-08 ) ) ;
#2627 = ORIENTED_EDGE ( 'NONE', *, *, #1394, .F. ) ;
#2628 = CARTESIAN_POINT ( 'NONE',  ( 1.006430354999998888, 1.106250000000001066, 0.2634828508014804838 ) ) ;
#2629 = CARTESIAN_POINT ( 'NONE',  ( -2.861892422644391921E-16, 10.49062500061451608, -1.443375671530686910 ) ) ;
#2630 = VERTEX_POINT ( 'NONE', #2490 ) ;
#2631 = CARTESIAN_POINT ( 'NONE',  ( 1.006430354999998888, 7.443750000000000533, -0.2634828508014801507 ) ) ;
#2632 = CARTESIAN_POINT ( 'NONE',  ( -0.6249999993749983940, 3.084375000614517415, 1.082531753648015904 ) ) ;
#2633 = CARTESIAN_POINT ( 'NONE',  ( 0.6249999993749987270, 13.15312500061451573, -1.082531753648015460 ) ) ;
#2634 = CARTESIAN_POINT ( 'NONE',  ( -1.249999998749998342, 9.740625000614516082, 0.7216878357653442322 ) ) ;
#2635 = CARTESIAN_POINT ( 'NONE',  ( 1.006430354999998666, 0.3375000012290352291, -1.232521712815482580E-16 ) ) ;
#2636 = CARTESIAN_POINT ( 'NONE',  ( 1.249999998749998342, 10.43437500061451750, -1.530808497403381346E-16 ) ) ;
#2637 = CARTESIAN_POINT ( 'NONE',  ( 1.249999998749998564, 3.684375000614517059, -1.530808497403381346E-16 ) ) ;
#2638 = EDGE_CURVE ( 'NONE', #2366, #4050, #3240, .T. ) ;
#2639 = CARTESIAN_POINT ( 'NONE',  ( 0.5032151774999991112, -0.5999999999999980904, -0.8715942545697897836 ) ) ;
#2640 = DIRECTION ( 'NONE',  ( -1.000000000000000000, -2.693187280915989460E-17, 0.000000000000000000 ) ) ;
#2641 = CARTESIAN_POINT ( 'NONE',  ( -0.2634828508014804282, 7.743749999999999467, 1.006430354999998888 ) ) ;
#2642 = EDGE_CURVE ( 'NONE', #2350, #4489, #3875, .T. ) ;
#2643 = CARTESIAN_POINT ( 'NONE',  ( -2.168404344971008868E-16, 11.50000000000000000, 0.000000000000000000 ) ) ;
#2644 = CARTESIAN_POINT ( 'NONE',  ( -2.154057024562447880E-16, 7.650000001229036783, -1.162125672759719563 ) ) ;
#2645 = CARTESIAN_POINT ( 'NONE',  ( 1.249999998749998342, 4.621875000614518392, -0.7216878357653438991 ) ) ;
#2646 = CARTESIAN_POINT ( 'NONE',  ( -1.249999998749998564, -0.1406249993854812863, 0.000000000000000000 ) ) ;
#2647 = CARTESIAN_POINT ( 'NONE',  ( 1.006430354999998666, 6.975000000000000533, 0.000000000000000000 ) ) ;
#2648 = CARTESIAN_POINT ( 'NONE',  ( -1.249999998749998786, 9.309375000614517504, 0.000000000000000000 ) ) ;
#2649 = CARTESIAN_POINT ( 'NONE',  ( -1.006430354999998000, 6.337500000000000355, 0.5810628363798603369 ) ) ;
#2650 = CARTESIAN_POINT ( 'NONE',  ( 1.249999998749998342, 7.715625000614516615, -0.7216878357653438991 ) ) ;
#2651 = CARTESIAN_POINT ( 'NONE',  ( -2.168404344971008868E-16, 11.50000000000000000, 0.000000000000000000 ) ) ;
#2652 = EDGE_CURVE ( 'NONE', #1484, #2366, #4580, .T. ) ;
#2653 = CARTESIAN_POINT ( 'NONE',  ( -1.249999998749998564, -0.6843749993854820746, -0.7216878357653433440 ) ) ;
#2654 = LINE ( 'NONE', #4994, #4142 ) ;
#2655 = VERTEX_POINT ( 'NONE', #3179 ) ;
#2656 = CYLINDRICAL_SURFACE ( 'NONE', #166, 1.006430354999998666 ) ;
#2657 = AXIS2_PLACEMENT_3D ( 'NONE', #824, #4496, #457 ) ;
#2658 = CARTESIAN_POINT ( 'NONE',  ( -2.098236979415471675E-16, 6.440625000614516260, -1.443375671530686910 ) ) ;
#2659 = CARTESIAN_POINT ( 'NONE',  ( 1.249999998749999008, 5.390625000614516438, 0.7216878357653431220 ) ) ;
#2660 = ORIENTED_EDGE ( 'NONE', *, *, #4920, .T. ) ;
#2661 = CARTESIAN_POINT ( 'NONE',  ( 1.006430354999998666, 2.587500001229035451, 0.000000000000000000 ) ) ;
#2662 = CARTESIAN_POINT ( 'NONE',  ( -1.249999998749998564, 2.071875000614517681, -0.7216878357653433440 ) ) ;
#2663 = CARTESIAN_POINT ( 'NONE',  ( -1.249999998749998786, 12.85312500061451502, 0.000000000000000000 ) ) ;
#2664 = CARTESIAN_POINT ( 'NONE',  ( -0.6249999993749986160, 11.57812500061451644, 1.082531753648015904 ) ) ;
#2665 = CARTESIAN_POINT ( 'NONE',  ( -1.006430354999998666, -0.8249999987709633054, -0.5810628363798596707 ) ) ;
#2666 = VECTOR ( 'NONE', #29, 1000.000000000000000 ) ;
#2667 = CARTESIAN_POINT ( 'NONE',  ( -2.872498748244793423E-16, 10.54687500061451644, -1.443375671530686910 ) ) ;
#2668 = CARTESIAN_POINT ( 'NONE',  ( 1.249999998749998564, 1.884375000614517681, -1.530808497403381346E-16 ) ) ;
#2669 = CARTESIAN_POINT ( 'NONE',  ( 1.006430354999998444, 0.7125000000000013545, -0.5810628363798602258 ) ) ;
#2670 = CARTESIAN_POINT ( 'NONE',  ( 1.006430354999998444, 10.57500000000000107, 0.000000000000000000 ) ) ;
#2671 = CARTESIAN_POINT ( 'NONE',  ( -1.006430354999998444, 9.600000001229034297, 0.5810628363798603369 ) ) ;
#2672 = ORIENTED_EDGE ( 'NONE', *, *, #4476, .T. ) ;
#2673 = CYLINDRICAL_SURFACE ( 'NONE', #765, 1.006430354999998666 ) ;
#2674 = CARTESIAN_POINT ( 'NONE',  ( 0.5032151774999990002, 7.612500001229035362, -0.8715942545697897836 ) ) ;
#2675 = CARTESIAN_POINT ( 'NONE',  ( 0.6249999993749997262, 5.409375000614518036, 1.082531753648015238 ) ) ;
#2676 = CARTESIAN_POINT ( 'NONE',  ( -1.090636047377312314E-16, 1.096875000614517592, -1.443375671530686910 ) ) ;
#2677 = CARTESIAN_POINT ( 'NONE',  ( 0.8979642393405733447, 4.312500000000002665, -0.5253432182843931209 ) ) ;
#2678 = CARTESIAN_POINT ( 'NONE',  ( -0.6249999993749996152, 10.58437500061451786, -1.082531753648015460 ) ) ;
#2679 = CARTESIAN_POINT ( 'NONE',  ( 0.5032151774999996663, 6.450000000000001066, 0.8715942545697895616 ) ) ;
#2680 = CARTESIAN_POINT ( 'NONE',  ( 1.249999998749998564, 7.640625000614517326, 0.7216878357653431220 ) ) ;
#2681 = CARTESIAN_POINT ( 'NONE',  ( 1.006430355000005550, 11.10000000122903607, 0.5810628363798554519 ) ) ;
#2682 = CARTESIAN_POINT ( 'NONE',  ( -1.249999998749998342, -1.059374999385482408, 0.7216878357653442322 ) ) ;
#2683 = CARTESIAN_POINT ( 'NONE',  ( 0.8979642393405733447, 9.262500000000001066, -0.5253432182843931209 ) ) ;
#2684 = ORIENTED_EDGE ( 'NONE', *, *, #4582, .F. ) ;
#2685 = CARTESIAN_POINT ( 'NONE',  ( -2.408608838972087633E-16, 9.000000001229034652, -1.162125672759719341 ) ) ;
#2686 = EDGE_CURVE ( 'NONE', #1520, #2630, #5007, .T. ) ;
#2687 = CARTESIAN_POINT ( 'NONE',  ( 0.6249999993749988381, 6.403125000614517504, -1.082531753648015460 ) ) ;
#2688 = CARTESIAN_POINT ( 'NONE',  ( 0.6249999993749988381, 6.403125000614517504, -1.082531753648015460 ) ) ;
#2689 = VERTEX_POINT ( 'NONE', #5818 ) ;
#2690 = FACE_OUTER_BOUND ( 'NONE', #580, .T. ) ;
#2691 = CARTESIAN_POINT ( 'NONE',  ( 0.6249999993749997262, 9.403125000614517504, 1.082531753648015238 ) ) ;
#2692 = AXIS2_PLACEMENT_3D ( 'NONE', #1755, #4516, #4569 ) ;
#2693 = CARTESIAN_POINT ( 'NONE',  ( 1.006430354999998666, -1.012499998770963527, -1.232521712815482580E-16 ) ) ;
#2694 = CARTESIAN_POINT ( 'NONE',  ( 1.129430370387315199E-16, 8.071875000614518569, 1.443375671530686910 ) ) ;
#2695 = CARTESIAN_POINT ( 'NONE',  ( 0.6249999993749998373, 3.609375000614516882, 1.082531753648015238 ) ) ;
#2696 = CARTESIAN_POINT ( 'NONE',  ( 0.6249999993749987270, 12.30937500061451573, -1.082531753648015460 ) ) ;
#2697 = FACE_OUTER_BOUND ( 'NONE', #1030, .T. ) ;
#2698 = CARTESIAN_POINT ( 'NONE',  ( 1.006430354999998000, 7.856249999999996625, 0.2634828508014803172 ) ) ;
#2699 = ORIENTED_EDGE ( 'NONE', *, *, #1955, .T. ) ;
#2700 = CARTESIAN_POINT ( 'NONE',  ( -0.5032151774999995553, 9.487500001229035362, -0.8715942545697896726 ) ) ;
#2701 = CARTESIAN_POINT ( 'NONE',  ( -1.006430354999998666, 7.275000001229035895, -0.5810628363798596707 ) ) ;
#2702 = CARTESIAN_POINT ( 'NONE',  ( -0.6249999993749993932, 2.034375000614518481, -1.082531753648015460 ) ) ;
#2703 = CARTESIAN_POINT ( 'NONE',  ( 0.2634828508014803172, 3.918750000000001954, -1.006430354999998666 ) ) ;
#2704 = CARTESIAN_POINT ( 'NONE',  ( -0.8979642393405734557, 4.462500000000001243, -0.5253432182843935649 ) ) ;
#2705 = CARTESIAN_POINT ( 'NONE',  ( 6.203267415680344600E-17, 10.77187500061451608, 1.443375671530686910 ) ) ;
#2706 = CARTESIAN_POINT ( 'NONE',  ( -0.5032151774999995553, 7.575000000000000178, -0.8715942545697896726 ) ) ;
#2707 = CARTESIAN_POINT ( 'NONE',  ( -2.098236979415471675E-16, 6.440625000614516260, -1.443375671530686910 ) ) ;
#2708 = DIRECTION ( 'NONE',  ( -1.000000000000000000, -1.885568995626964287E-17, 0.000000000000000000 ) ) ;
#2709 = EDGE_CURVE ( 'NONE', #2954, #4459, #682, .T. ) ;
#2710 = CARTESIAN_POINT ( 'NONE',  ( -0.6249999993749992822, -1.621874999385482852, -1.082531753648015460 ) ) ;
#2711 = CARTESIAN_POINT ( 'NONE',  ( 1.006430354999998444, 11.50000000000000000, 1.232521712815482580E-16 ) ) ;
#2712 = ADVANCED_FACE ( 'NONE', ( #2194 ), #4979, .T. ) ;
#2713 = ORIENTED_EDGE ( 'NONE', *, *, #912, .T. ) ;
#2714 = DIRECTION ( 'NONE',  ( -1.885568995626964287E-17, 1.000000000000000000, -0.000000000000000000 ) ) ;
#2715 = CARTESIAN_POINT ( 'NONE',  ( 1.249999998749999008, 6.290625000614517681, 0.7216878357653431220 ) ) ;
#2716 = CARTESIAN_POINT ( 'NONE',  ( 1.249999998749998564, 4.978125000614516793, -1.530808497403381346E-16 ) ) ;
#2717 = CARTESIAN_POINT ( 'NONE',  ( -1.006430354999998666, 11.24999999876646584, -1.911364270665279385E-08 ) ) ;
#2718 =( BOUNDED_CURVE ( )  B_SPLINE_CURVE ( 2, ( #509, #3813, #2434, #1866, #3248, #1414, #3305 ),
 .UNSPECIFIED., .F., .T. ) 
 B_SPLINE_CURVE_WITH_KNOTS ( ( 3, 2, 2, 3 ),
 ( 0.7548512516237501080, 0.7596900416811819268, 0.7645288317555842816, 0.7693676218299867475 ),
 .UNSPECIFIED. ) 
 CURVE ( )  GEOMETRIC_REPRESENTATION_ITEM ( )  RATIONAL_B_SPLINE_CURVE ( ( 1.000000000000000000, 0.8660254037844387076, 1.000000000000000000, 0.8660254037844387076, 1.000000000000000000, 0.8660254037844387076, 1.000000000000000000 ) ) 
 REPRESENTATION_ITEM ( '' )  );
#2719 = CARTESIAN_POINT ( 'NONE',  ( 1.249999998749998342, 9.028125000614517504, -1.530808497403381346E-16 ) ) ;
#2720 = CARTESIAN_POINT ( 'NONE',  ( 1.249999998749998342, 7.321875000614516793, -0.7216878357653438991 ) ) ;
#2721 = CARTESIAN_POINT ( 'NONE',  ( 0.6249999993749998373, 2.259375000614518125, 1.082531753648015238 ) ) ;
#2722 = CARTESIAN_POINT ( 'NONE',  ( -3.211901167457646921E-16, 12.34687500061451892, -1.443375671530686910 ) ) ;
#2723 = DIRECTION ( 'NONE',  ( -1.885568995626964287E-17, 1.000000000000000000, -0.000000000000000000 ) ) ;
#2724 = DIRECTION ( 'NONE',  ( -1.885568995626964287E-17, 1.000000000000000000, -0.000000000000000000 ) ) ;
#2725 = VERTEX_POINT ( 'NONE', #5924 ) ;
#2726 = LINE ( 'NONE', #5401, #2975 ) ;
#2727 = CARTESIAN_POINT ( 'NONE',  ( -1.006430354999998000, 5.550000001229034474, 0.5810628363798603369 ) ) ;
#2728 = CARTESIAN_POINT ( 'NONE',  ( -0.6249999993749983940, 1.734375000614518658, 1.082531753648015904 ) ) ;
#2729 = CARTESIAN_POINT ( 'NONE',  ( -1.083540761895814830, 0.1664591786328021294, 0.1583407363532911005 ) ) ;
#2730 = CARTESIAN_POINT ( 'NONE',  ( -2.168404344971008868E-16, 11.50000000000000000, 0.000000000000000000 ) ) ;
#2731 = CARTESIAN_POINT ( 'NONE',  ( 9.597291607808882042E-17, 8.971875000614515372, 1.443375671530686910 ) ) ;
#2732 = CARTESIAN_POINT ( 'NONE',  ( 0.5032151774999991112, 3.900000000000000799, -0.8715942545697897836 ) ) ;
#2733 = CARTESIAN_POINT ( 'NONE',  ( 0.6249999993749997262, 6.253125000614517148, 1.082531753648015238 ) ) ;
#2734 = CARTESIAN_POINT ( 'NONE',  ( 0.2634828508014801507, 3.281250000000000444, 1.006430354999998666 ) ) ;
#2735 = CARTESIAN_POINT ( 'NONE',  ( -1.006430354999998444, 10.95000000122903572, 0.5810628363798603369 ) ) ;
#2736 = CARTESIAN_POINT ( 'NONE',  ( 0.6249999993749999483, -1.846874999385482496, 1.082531753648015238 ) ) ;
#2737 = CARTESIAN_POINT ( 'NONE',  ( 1.006430354999998444, 11.50000000000000000, 1.232521712815482580E-16 ) ) ;
#2738 = ORIENTED_EDGE ( 'NONE', *, *, #1728, .F. ) ;
#2739 = CARTESIAN_POINT ( 'NONE',  ( -1.006430354999998000, 5.062500003129546400, 2.944843162163427893E-08 ) ) ;
#2740 = CARTESIAN_POINT ( 'NONE',  ( 0.5032151774999995553, 10.94999999999999929, 0.8715942545697895616 ) ) ;
#2741 = B_SPLINE_CURVE_WITH_KNOTS ( 'NONE', 3,
 ( #2887, #149, #1173, #2108, #2050, #1564, #3844, #4382, #5673, #5310 ),
 .UNSPECIFIED., .F., .F.,
 ( 4, 2, 2, 2, 4 ),
 ( 0.5000000000000000000, 0.6250000000000000000, 0.7500000000000000000, 0.8750000000000000000, 1.000000000000000000 ),
 .UNSPECIFIED. ) ;
#2742 = CARTESIAN_POINT ( 'NONE',  ( 1.249999998749998564, 7.640625000614517326, 0.7216878357653431220 ) ) ;
#2743 = B_SPLINE_CURVE_WITH_KNOTS ( 'NONE', 3,
 ( #5585, #5131, #3694, #4629, #4144, #5613, #1020, #4688, #2885, #566 ),
 .UNSPECIFIED., .F., .F.,
 ( 4, 2, 2, 2, 4 ),
 ( 0.000000000000000000, 0.1250000000000000278, 0.2500000000000000555, 0.3750000000000000000, 0.5000000000000000000 ),
 .UNSPECIFIED. ) ;
#2744 = CARTESIAN_POINT ( 'NONE',  ( 0.6249999993749997262, 4.903125000614516615, 1.082531753648015238 ) ) ;
#2745 = VECTOR ( 'NONE', #5184, 1000.000000000000000 ) ;
#2746 = CARTESIAN_POINT ( 'NONE',  ( -1.006430354999998666, 3.712500002893662998, 2.579339697058310714E-08 ) ) ;
#2747 = CARTESIAN_POINT ( 'NONE',  ( -2.183087584218685172E-16, 6.890625000614516438, -1.443375671530686910 ) ) ;
#2748 = CARTESIAN_POINT ( 'NONE',  ( 0.5032151774999990002, 4.912500001229036073, -0.8715942545697897836 ) ) ;
#2749 =( BOUNDED_CURVE ( )  B_SPLINE_CURVE ( 2, ( #1747, #892, #2700, #4927, #1292, #2250, #1688 ),
 .UNSPECIFIED., .F., .T. ) 
 B_SPLINE_CURVE_WITH_KNOTS ( ( 3, 2, 2, 3 ),
 ( 0.2322619237412462123, 0.2371007136457191911, 0.2419395037201216014, 0.2467782937945240396 ),
 .UNSPECIFIED. ) 
 CURVE ( )  GEOMETRIC_REPRESENTATION_ITEM ( )  RATIONAL_B_SPLINE_CURVE ( ( 1.000000000000000000, 0.8660254037844387076, 1.000000000000000000, 0.8660254037844387076, 1.000000000000000000, 0.8660254037844371533, 1.000000000000001554 ) ) 
 REPRESENTATION_ITEM ( '' )  );
#2750 = CARTESIAN_POINT ( 'NONE',  ( -0.6249999993749995042, 7.884375000614517681, -1.082531753648015460 ) ) ;
#2751 = CARTESIAN_POINT ( 'NONE',  ( 0.6249999993749998373, 2.709375000614516971, 1.082531753648015238 ) ) ;
#2752 = CARTESIAN_POINT ( 'NONE',  ( -1.249999998749998342, 12.49687500061451573, 0.7216878357653442322 ) ) ;
#2753 = CARTESIAN_POINT ( 'NONE',  ( -1.023309516792813456, 11.42120189456666424, -0.5718718139566070224 ) ) ;
#2754 = DIRECTION ( 'NONE',  ( -1.000000000000000000, 0.000000000000000000, 0.000000000000000000 ) ) ;
#2755 = ORIENTED_EDGE ( 'NONE', *, *, #1457, .F. ) ;
#2756 = CARTESIAN_POINT ( 'NONE',  ( 0.8979642393405733447, 5.212500000000002132, -0.5253432182843931209 ) ) ;
#2757 = AXIS2_PLACEMENT_3D ( 'NONE', #4010, #1275, #5050 ) ;
#2758 = CARTESIAN_POINT ( 'NONE',  ( 1.006430354999998888, 4.350000001229035185, 0.5810628363798594487 ) ) ;
#2759 = CARTESIAN_POINT ( 'NONE',  ( -0.6249999993749983940, 2.184375000614517504, 1.082531753648015904 ) ) ;
#2760 = B_SPLINE_CURVE_WITH_KNOTS ( 'NONE', 3,
 ( #5014, #1751, #3072, #4003, #785, #5854, #3100, #4899, #896, #2647 ),
 .UNSPECIFIED., .F., .F.,
 ( 4, 2, 2, 2, 4 ),
 ( 0.000000000000000000, 0.1250000000000000278, 0.2500000000000000555, 0.3750000000000000000, 0.5000000000000000000 ),
 .UNSPECIFIED. ) ;
#2761 = CARTESIAN_POINT ( 'NONE',  ( -1.006430354999998888, 10.87500000122903465, -0.5810628363798595597 ) ) ;
#2762 = CARTESIAN_POINT ( 'NONE',  ( -1.006430354999998888, 11.50000000000000000, 0.000000000000000000 ) ) ;
#2763 = CARTESIAN_POINT ( 'NONE',  ( -2.872498748244793423E-16, 10.54687500061451644, -1.443375671530686910 ) ) ;
#2764 = CARTESIAN_POINT ( 'NONE',  ( -1.454039534704194212E-16, 3.937500000000000444, -1.162125672759719563 ) ) ;
#2765 = CARTESIAN_POINT ( 'NONE',  ( 0.6249999993749997262, 5.803125000614516082, 1.082531753648015238 ) ) ;
#2766 = CARTESIAN_POINT ( 'NONE',  ( -4.860754881544171293E-17, -2.109374999385483118, -1.443375671530686910 ) ) ;
#2767 = CARTESIAN_POINT ( 'NONE',  ( -1.006430354999998666, 1.799999999771100256, -3.546827598927089570E-09 ) ) ;
#2768 = CARTESIAN_POINT ( 'NONE',  ( 0.8979642393405733447, 2.962500000000001243, -0.5253432182843931209 ) ) ;
#2769 = CARTESIAN_POINT ( 'NONE',  ( -2.832861862988154628E-16, 11.25000000122903465, -1.162125672759719563 ) ) ;
#2770 = CARTESIAN_POINT ( 'NONE',  ( 0.5253432182843932319, 9.300000000000002487, -0.8979642393405732337 ) ) ;
#2771 = ORIENTED_EDGE ( 'NONE', *, *, #4330, .F. ) ;
#2772 = CARTESIAN_POINT ( 'NONE',  ( -2.168404344971008868E-16, 11.50000000000000000, 0.000000000000000000 ) ) ;
#2773 = CARTESIAN_POINT ( 'NONE',  ( -0.5032151774999988891, 12.22499999999999964, 0.8715942545697901167 ) ) ;
#2774 = CARTESIAN_POINT ( 'NONE',  ( -0.6249999993749992822, -2.015624999385481342, -1.082531753648015460 ) ) ;
#2775 = CARTESIAN_POINT ( 'NONE',  ( 0.6249999993749988381, 6.853125000614516793, -1.082531753648015460 ) ) ;
#2776 = CARTESIAN_POINT ( 'NONE',  ( 1.249999998749999008, 4.490625000614516971, 0.7216878357653431220 ) ) ;
#2777 = DIRECTION ( 'NONE',  ( -1.885568995626964287E-17, 1.000000000000000000, -0.000000000000000000 ) ) ;
#2778 = CARTESIAN_POINT ( 'NONE',  ( 0.6249999993749988381, 9.103125000614515017, -1.082531753648015460 ) ) ;
#2779 = VECTOR ( 'NONE', #415, 1000.000000000000000 ) ;
#2780 = CARTESIAN_POINT ( 'NONE',  ( -0.5032151774999995553, 4.987500001229034474, -0.8715942545697896726 ) ) ;
#2781 = CARTESIAN_POINT ( 'NONE',  ( -1.249999998749998564, 7.471875000614517148, -0.7216878357653433440 ) ) ;
#2782 = ADVANCED_FACE ( 'NONE', ( #4952 ), #3545, .F. ) ;
#2783 = CARTESIAN_POINT ( 'NONE',  ( -1.249999998749998564, -0.6281249993854813862, -0.7216878357653433440 ) ) ;
#2784 = CARTESIAN_POINT ( 'NONE',  ( 0.6249999993749987270, 11.85937500061451644, -1.082531753648015460 ) ) ;
#2785 = CARTESIAN_POINT ( 'NONE',  ( -1.107265565265634688, 11.44359383613933545, -0.4456845244013171170 ) ) ;
#2786 = CARTESIAN_POINT ( 'NONE',  ( 1.249999998749998564, 11.24062500061451608, 0.7216878357653431220 ) ) ;
#2787 = VERTEX_POINT ( 'NONE', #5367 ) ;
#2788 =( BOUNDED_CURVE ( )  B_SPLINE_CURVE ( 2, ( #337, #5826, #3976, #5798, #2794, #2339, #3329 ),
 .UNSPECIFIED., .F., .T. ) 
 B_SPLINE_CURVE_WITH_KNOTS ( ( 3, 2, 2, 3 ),
 ( 0.6242039195979137700, 0.6290427096723161249, 0.6338814997467185908, 0.6387202897853367922 ),
 .UNSPECIFIED. ) 
 CURVE ( )  GEOMETRIC_REPRESENTATION_ITEM ( )  RATIONAL_B_SPLINE_CURVE ( ( 1.000000000000000000, 0.8660254037844387076, 1.000000000000000000, 0.8660254037844387076, 1.000000000000000000, 0.8660254037844387076, 1.000000000000000000 ) ) 
 REPRESENTATION_ITEM ( '' )  );
#2789 = CARTESIAN_POINT ( 'NONE',  ( 0.5032151774999991112, 4.012500001229036606, -0.8715942545697897836 ) ) ;
#2790 = AXIS2_PLACEMENT_3D ( 'NONE', #5557, #1445, #1931 ) ;
#2791 = EDGE_CURVE ( 'NONE', #3952, #2905, #2190, .T. ) ;
#2792 = CARTESIAN_POINT ( 'NONE',  ( 1.249999998749998342, 3.271875000614517415, -0.7216878357653438991 ) ) ;
#2793 = CARTESIAN_POINT ( 'NONE',  ( 1.006430355000038857, 1.725000001229031854, -0.5810628363798366891 ) ) ;
#2794 = CARTESIAN_POINT ( 'NONE',  ( -0.5032151774999986671, 3.337500001229036339, 0.8715942545697901167 ) ) ;
#2795 = CARTESIAN_POINT ( 'NONE',  ( 1.249999998749999008, 7.246875000614516615, 0.7216878357653431220 ) ) ;
#2796 = CARTESIAN_POINT ( 'NONE',  ( 1.006430354999998888, 4.687500000000000000, 0.5810628363798594487 ) ) ;
#2797 = CARTESIAN_POINT ( 'NONE',  ( -0.6249999993749993932, 4.228125000614516793, -1.082531753648015460 ) ) ;
#2798 = DIRECTION ( 'NONE',  ( -1.885568995626964287E-17, 1.000000000000000000, -0.000000000000000000 ) ) ;
#2799 = CARTESIAN_POINT ( 'NONE',  ( 1.006430354999998888, 4.256250000000000533, 0.2634828508014804838 ) ) ;
#2800 = CARTESIAN_POINT ( 'NONE',  ( 1.110095054489270261, 11.38465731773136547, 0.2716368286748687133 ) ) ;
#2801 = CARTESIAN_POINT ( 'NONE',  ( -1.006430354999998888, 11.77500000122903501, -0.5810628363798596707 ) ) ;
#2802 = CYLINDRICAL_SURFACE ( 'NONE', #3577, 1.006430354999998666 ) ;
#2803 = ORIENTED_EDGE ( 'NONE', *, *, #1734, .F. ) ;
#2804 = CARTESIAN_POINT ( 'NONE',  ( 1.006430354999998000, 12.41249999999999964, -0.5810628363798602258 ) ) ;
#2805 = CARTESIAN_POINT ( 'NONE',  ( -0.6249999993749986160, 12.02812500061451573, 1.082531753648015904 ) ) ;
#2806 = CARTESIAN_POINT ( 'NONE',  ( 1.249999998749998342, 3.665625000614517681, -0.7216878357653438991 ) ) ;
#2807 = CARTESIAN_POINT ( 'NONE',  ( 0.6249999993749989491, 1.903125000614517504, -1.082531753648015460 ) ) ;
#2808 = CARTESIAN_POINT ( 'NONE',  ( -1.006430354999998888, 10.42500000122903181, -0.5810628363798595597 ) ) ;
#2809 = CARTESIAN_POINT ( 'NONE',  ( -1.249999998749998342, 7.940625000614516260, 0.7216878357653442322 ) ) ;
#2810 = LINE ( 'NONE', #1881, #3860 ) ;
#2811 = CARTESIAN_POINT ( 'NONE',  ( 1.249999998749998564, 9.046875000614518214, 0.7216878357653431220 ) ) ;
#2812 = CARTESIAN_POINT ( 'NONE',  ( -0.6249999993749993932, -0.2156249993854816860, -1.082531753648015460 ) ) ;
#2813 = CARTESIAN_POINT ( 'NONE',  ( -1.249999998749999008, 13.32187500061451679, -0.7216878357653433440 ) ) ;
#2814 = CARTESIAN_POINT ( 'NONE',  ( -1.006430354999998888, 2.362500001223962087, -7.862989205487675788E-11 ) ) ;
#2815 = B_SPLINE_CURVE_WITH_KNOTS ( 'NONE', 3,
 ( #1303, #5048, #2208, #34, #5468, #933, #2770, #2683, #4089, #1358 ),
 .UNSPECIFIED., .F., .F.,
 ( 4, 2, 2, 2, 4 ),
 ( 0.000000000000000000, 0.1250000000000000000, 0.2500000000000000000, 0.3750000000000000000, 0.5000000000000000000 ),
 .UNSPECIFIED. ) ;
#2816 = CARTESIAN_POINT ( 'NONE',  ( -0.8979642393405733447, 1.837500000000002354, 0.5253432182843934539 ) ) ;
#2817 = ORIENTED_EDGE ( 'NONE', *, *, #5838, .T. ) ;
#2818 = EDGE_CURVE ( 'NONE', #2057, #5917, #4557, .T. ) ;
#2819 = CARTESIAN_POINT ( 'NONE',  ( -1.006430354954601425, 2.325000001225651314, -0.5810628364060697049 ) ) ;
#2820 = CARTESIAN_POINT ( 'NONE',  ( 1.006430354999998444, 4.875000001229034652, -0.5810628363798602258 ) ) ;
#2821 = CARTESIAN_POINT ( 'NONE',  ( 0.6249999993749989491, 2.859375000614517770, -1.082531753648015460 ) ) ;
#2822 = CARTESIAN_POINT ( 'NONE',  ( -0.5253651578256430810, 0.2078149911225017077, 0.9035458594768104312 ) ) ;
#2823 = CARTESIAN_POINT ( 'NONE',  ( -2.168404344971008868E-16, 11.50000000000000000, 0.000000000000000000 ) ) ;
#2824 = ADVANCED_FACE ( 'NONE', ( #2697 ), #3094, .F. ) ;
#2825 = CARTESIAN_POINT ( 'NONE',  ( -1.249999998749998786, 8.409375000614517148, 0.000000000000000000 ) ) ;
#2826 = CARTESIAN_POINT ( 'NONE',  ( 1.006430354999998888, 3.787500000000000533, 0.5810628363798594487 ) ) ;
#2827 = CARTESIAN_POINT ( 'NONE',  ( -1.249999998749998342, 5.240625000614516971, 0.7216878357653442322 ) ) ;
#2828 = CARTESIAN_POINT ( 'NONE',  ( 0.5032151774999996663, 4.762500001229035718, 0.8715942545697895616 ) ) ;
#2829 = CARTESIAN_POINT ( 'NONE',  ( 0.000000000000000000, 0.000000000000000000, 0.000000000000000000 ) ) ;
#2830 = FACE_OUTER_BOUND ( 'NONE', #4360, .T. ) ;
#2831 = CARTESIAN_POINT ( 'NONE',  ( 1.006430354999998000, 11.62500000122903465, -0.5810628363798602258 ) ) ;
#2832 = CARTESIAN_POINT ( 'NONE',  ( -2.549999999999998490, 10.09999999999999964, 0.000000000000000000 ) ) ;
#2833 = DIRECTION ( 'NONE',  ( -1.000000000000000000, 0.000000000000000000, 0.000000000000000000 ) ) ;
#2834 = CARTESIAN_POINT ( 'NONE',  ( 1.006430354999998000, 10.61250000000000071, -0.5810628363798602258 ) ) ;
#2835 = CARTESIAN_POINT ( 'NONE',  ( -0.6249999993749996152, 12.32812500061451644, -1.082531753648015460 ) ) ;
#2836 = EDGE_CURVE ( 'NONE', #5297, #2839, #860, .T. ) ;
#2837 = CARTESIAN_POINT ( 'NONE',  ( -1.249999998749998564, 3.403125000614517059, 0.000000000000000000 ) ) ;
#2838 = CARTESIAN_POINT ( 'NONE',  ( 2.243094558429490446E-16, 2.165625000614516349, 1.443375671530686910 ) ) ;
#2839 = VERTEX_POINT ( 'NONE', #5339 ) ;
#2840 = B_SPLINE_CURVE_WITH_KNOTS ( 'NONE', 3,
 ( #596, #3838, #2044, #3056, #3391, #654, #4913, #5778, #2631, #4461 ),
 .UNSPECIFIED., .F., .F.,
 ( 4, 2, 2, 2, 4 ),
 ( 0.000000000000000000, 0.1250000000000000278, 0.2500000000000000555, 0.3750000000000000000, 0.5000000000000000000 ),
 .UNSPECIFIED. ) ;
#2841 = CARTESIAN_POINT ( 'NONE',  ( 1.006430354999998222, 8.025000001229035007, -0.5810628363798601148 ) ) ;
#2842 = CARTESIAN_POINT ( 'NONE',  ( 0.6249999993749988381, 7.753125000614517148, -1.082531753648015460 ) ) ;
#2843 = CYLINDRICAL_SURFACE ( 'NONE', #1070, 1.006430354999998666 ) ;
#2844 = AXIS2_PLACEMENT_3D ( 'NONE', #1693, #2560, #786 ) ;
#2845 = CARTESIAN_POINT ( 'NONE',  ( -1.249999998749998342, 4.846875000614517148, 0.7216878357653442322 ) ) ;
#2846 = CARTESIAN_POINT ( 'NONE',  ( 0.6249999993749998373, 0.4593750006145185805, 1.082531753648015238 ) ) ;
#2847 = CARTESIAN_POINT ( 'NONE',  ( -0.6249999993749986160, 11.18437500061451750, 1.082531753648015904 ) ) ;
#2848 = LINE ( 'NONE', #588, #4720 ) ;
#2849 = ORIENTED_EDGE ( 'NONE', *, *, #5271, .F. ) ;
#2850 = DIRECTION ( 'NONE',  ( -1.885568995626964287E-17, 1.000000000000000000, -0.000000000000000000 ) ) ;
#2851 = CARTESIAN_POINT ( 'NONE',  ( 1.006430354999998888, 3.000000001229035096, 0.5810628363798594487 ) ) ;
#2852 =( NAMED_UNIT ( * ) SI_UNIT ( $, .STERADIAN. ) SOLID_ANGLE_UNIT ( ) );
#2853 = CARTESIAN_POINT ( 'NONE',  ( -0.6249999993749996152, 13.28437500061451715, -1.082531753648015460 ) ) ;
#2854 = CARTESIAN_POINT ( 'NONE',  ( 3.953528293306149761E-17, 9.225000001229034297, 1.162125672759719341 ) ) ;
#2855 = CARTESIAN_POINT ( 'NONE',  ( 1.383982184796954953E-16, 6.721875000614518925, 1.443375671530686910 ) ) ;
#2856 = CARTESIAN_POINT ( 'NONE',  ( 0.5032151774999991112, 4.350000000000001421, -0.8715942545697897836 ) ) ;
#2857 = CARTESIAN_POINT ( 'NONE',  ( 0.6249999993749997262, 4.903125000614516615, 1.082531753648015238 ) ) ;
#2858 = CARTESIAN_POINT ( 'NONE',  ( -1.006430354999998666, 3.712500002893662998, 2.579339697058310714E-08 ) ) ;
#2859 = CARTESIAN_POINT ( 'NONE',  ( -1.006430354999998666, 6.412500000622184615, -9.403176572410689281E-09 ) ) ;
#2860 = CARTESIAN_POINT ( 'NONE',  ( -0.8979642393405736778, 9.937500000000003553, 0.5253432182843935649 ) ) ;
#2861 = CARTESIAN_POINT ( 'NONE',  ( -1.006430354999998888, 10.42500000122903536, -0.5810628363798596707 ) ) ;
#2862 = CARTESIAN_POINT ( 'NONE',  ( -0.08631545648392864589, 11.25643037596553420, -1.002722145678321963 ) ) ;
#2863 = EDGE_LOOP ( 'NONE', ( #1605, #5169, #347, #1425 ) ) ;
#2864 = CARTESIAN_POINT ( 'NONE',  ( -1.006430354999998444, 12.18750000000000000, 0.5810628363798603369 ) ) ;
#2865 = CARTESIAN_POINT ( 'NONE',  ( -1.249999998749998342, 11.09062500061451750, 0.7216878357653442322 ) ) ;
#2866 = ORIENTED_EDGE ( 'NONE', *, *, #397, .T. ) ;
#2867 = CARTESIAN_POINT ( 'NONE',  ( 1.249999998749998342, 5.015625000614516438, -0.7216878357653438991 ) ) ;
#2868 = CARTESIAN_POINT ( 'NONE',  ( -1.249999998749998564, 2.503125000614517148, 0.000000000000000000 ) ) ;
#2869 = ORIENTED_EDGE ( 'NONE', *, *, #5540, .T. ) ;
#2870 = EDGE_CURVE ( 'NONE', #5194, #3857, #2041, .T. ) ;
#2871 = DIRECTION ( 'NONE',  ( -1.000000000000000000, 0.000000000000000000, 0.000000000000000000 ) ) ;
#2872 = CARTESIAN_POINT ( 'NONE',  ( 1.394588510397356455E-16, 6.665625000614515905, 1.443375671530686910 ) ) ;
#2873 = CARTESIAN_POINT ( 'NONE',  ( -0.6249999993749995042, 4.734375000614518214, -1.082531753648015460 ) ) ;
#2874 = CARTESIAN_POINT ( 'NONE',  ( -0.6249999993749983940, 0.3843750006145181253, 1.082531753648015904 ) ) ;
#2875 = CARTESIAN_POINT ( 'NONE',  ( -0.8646390794686618086, 11.38640616250591187, -0.7378614025443088753 ) ) ;
#2876 = ORIENTED_EDGE ( 'NONE', *, *, #1724, .F. ) ;
#2877 = CARTESIAN_POINT ( 'NONE',  ( -1.006430354999998444, 5.381250000000000533, -0.2634828508014804282 ) ) ;
#2878 = CARTESIAN_POINT ( 'NONE',  ( 1.006430354999998888, 3.450000001229036162, 0.5810628363798594487 ) ) ;
#2879 = CARTESIAN_POINT ( 'NONE',  ( -1.249999998749998564, 0.7593750006145184583, 0.000000000000000000 ) ) ;
#2880 = CARTESIAN_POINT ( 'NONE',  ( -1.249999998749998342, 12.04687500061451821, 0.7216878357653442322 ) ) ;
#2881 = CARTESIAN_POINT ( 'NONE',  ( 7.347552485434683505E-17, 7.425000001229035362, 1.162125672759719341 ) ) ;
#2882 = CARTESIAN_POINT ( 'NONE',  ( 0.6249999993749997262, 7.209375000614517859, 1.082531753648015238 ) ) ;
#2883 = CARTESIAN_POINT ( 'NONE',  ( 0.5032151774999991112, 3.000000000000000888, -0.8715942545697897836 ) ) ;
#2884 = CARTESIAN_POINT ( 'NONE',  ( -1.504282745792977930E-16, 3.290625000614516793, -1.443375671530686910 ) ) ;
#2885 = CARTESIAN_POINT ( 'NONE',  ( 1.006430354999998666, 2.043750000000001510, -0.2634828508014801507 ) ) ;
#2886 = CARTESIAN_POINT ( 'NONE',  ( 0.8979642393405735667, 1.612500000000001155, -0.5253432182843932319 ) ) ;
#2887 = CARTESIAN_POINT ( 'NONE',  ( 1.006430354999998444, 8.324999999999999289, 0.000000000000000000 ) ) ;
#2888 = VECTOR ( 'NONE', #1898, 1000.000000000000000 ) ;
#2889 = CARTESIAN_POINT ( 'NONE',  ( 0.5032151774999988891, 11.21250000122903501, -0.8715942545697897836 ) ) ;
#2890 = CARTESIAN_POINT ( 'NONE',  ( -1.249999998749998564, 7.059375000614517504, 0.000000000000000000 ) ) ;
#2891 = CARTESIAN_POINT ( 'NONE',  ( -0.8979642393405733447, 7.237500000000001599, 0.5253432182843934539 ) ) ;
#2892 = CARTESIAN_POINT ( 'NONE',  ( -0.5253432182843934539, 5.924999999999999822, 0.8979642393405735667 ) ) ;
#2893 = CARTESIAN_POINT ( 'NONE',  ( 0.5032151774999990002, 9.299999999999998934, -0.8715942545697897836 ) ) ;
#2894 = CARTESIAN_POINT ( 'NONE',  ( -1.249999998749998786, 11.50312500061451715, 0.000000000000000000 ) ) ;
#2895 = ORIENTED_EDGE ( 'NONE', *, *, #4947, .F. ) ;
#2896 = CARTESIAN_POINT ( 'NONE',  ( -1.249999998749998564, 5.615625000614516971, -0.7216878357653433440 ) ) ;
#2897 = CARTESIAN_POINT ( 'NONE',  ( 2.073393348823063451E-16, 3.065625000614517592, 1.443375671530686910 ) ) ;
#2898 = VERTEX_POINT ( 'NONE', #833 ) ;
#2899 = CYLINDRICAL_SURFACE ( 'NONE', #1794, 1.006430354999998666 ) ;
#2900 = VECTOR ( 'NONE', #1398, 1000.000000000000000 ) ;
#2901 = CARTESIAN_POINT ( 'NONE',  ( 1.249999998749999008, 6.796875000614517326, 0.7216878357653431220 ) ) ;
#2902 = CARTESIAN_POINT ( 'NONE',  ( -9.103285121704838165E-17, 0.1406250006145172426, -1.443375671530686910 ) ) ;
#2903 = CARTESIAN_POINT ( 'NONE',  ( -0.2634828508014803172, 9.543749999999999289, 1.006430354999998888 ) ) ;
#2904 = CARTESIAN_POINT ( 'NONE',  ( -1.175512600368765037, 11.46536696098463004, -0.3094033891657075319 ) ) ;
#2905 = VERTEX_POINT ( 'NONE', #3066 ) ;
#2906 = CARTESIAN_POINT ( 'NONE',  ( -2.617946933835152930E-16, 9.196875000614516793, -1.443375671530686910 ) ) ;
#2907 = CARTESIAN_POINT ( 'NONE',  ( 0.5032151774999991112, 1.312500001229035318, -0.8715942545697897836 ) ) ;
#2908 = CARTESIAN_POINT ( 'NONE',  ( 1.249999998749998564, 0.5343750006145172593, -1.530808497403381346E-16 ) ) ;
#2909 = CARTESIAN_POINT ( 'NONE',  ( -1.249999998749998786, 12.45937500061451786, 0.000000000000000000 ) ) ;
#2910 = DIRECTION ( 'NONE',  ( 1.000000000000000000, 1.885568995626964595E-17, 0.000000000000000000 ) ) ;
#2911 = CARTESIAN_POINT ( 'NONE',  ( 0.6249999993749988381, 7.809375000614517504, -1.082531753648015460 ) ) ;
#2912 = CARTESIAN_POINT ( 'NONE',  ( 0.5032151774999991112, 1.200000000000001510, -0.8715942545697897836 ) ) ;
#2913 = CARTESIAN_POINT ( 'NONE',  ( -1.249999998749998342, 4.340625000614515727, 0.7216878357653442322 ) ) ;
#2914 = CARTESIAN_POINT ( 'NONE',  ( -0.8531761534220803078, 11.50000000220843432, -0.9135592215215647682 ) ) ;
#2915 = CARTESIAN_POINT ( 'NONE',  ( 1.006430354999998444, 11.50000000000000000, 1.232521712815482580E-16 ) ) ;
#2916 = CARTESIAN_POINT ( 'NONE',  ( -1.006430354999998444, 8.250000001229034652, 0.5810628363798603369 ) ) ;
#2917 = CARTESIAN_POINT ( 'NONE',  ( -1.006430354999998444, 8.700000001229035718, 0.5810628363798603369 ) ) ;
#2918 = CARTESIAN_POINT ( 'NONE',  ( 1.249999998749998564, 7.284375000614517148, -1.530808497403381346E-16 ) ) ;
#2919 = CARTESIAN_POINT ( 'NONE',  ( 1.006430354999998444, 0.8250000012290352736, -0.5810628363798601148 ) ) ;
#2920 = DIRECTION ( 'NONE',  ( -1.885568995626964287E-17, 1.000000000000000000, -0.000000000000000000 ) ) ;
#2921 = CARTESIAN_POINT ( 'NONE',  ( -0.5032151774999995553, 10.27499999999999858, -0.8715942545697896726 ) ) ;
#2922 = CARTESIAN_POINT ( 'NONE',  ( 1.249999998749998342, 10.86562500061451431, -0.7216878357653438991 ) ) ;
#2923 = ORIENTED_EDGE ( 'NONE', *, *, #4921, .F. ) ;
#2924 = CARTESIAN_POINT ( 'NONE',  ( -1.334581536186551182E-16, 2.390625000614517326, -1.443375671530686910 ) ) ;
#2925 = CARTESIAN_POINT ( 'NONE',  ( 1.903692139216636455E-16, 3.965625000614517948, 1.443375671530686910 ) ) ;
#2926 = ORIENTED_EDGE ( 'NONE', *, *, #704, .F. ) ;
#2927 = FACE_OUTER_BOUND ( 'NONE', #126, .T. ) ;
#2928 = DIRECTION ( 'NONE',  ( -1.885568995626964287E-17, 1.000000000000000000, -0.000000000000000000 ) ) ;
#2929 = CARTESIAN_POINT ( 'NONE',  ( 0.6249999993749988381, 5.109375000614518214, -1.082531753648015460 ) ) ;
#2930 = CARTESIAN_POINT ( 'NONE',  ( 1.249999998749998564, -1.771874999385482097, -1.530808497403381346E-16 ) ) ;
#2931 = CARTESIAN_POINT ( 'NONE',  ( -1.006430354999998888, 9.449999999715997134, -4.400634189564975980E-09 ) ) ;
#2932 = CARTESIAN_POINT ( 'NONE',  ( -0.6249999993749996152, 13.22812500061451502, -1.082531753648015460 ) ) ;
#2933 = ORIENTED_EDGE ( 'NONE', *, *, #2090, .T. ) ;
#2934 = CARTESIAN_POINT ( 'NONE',  ( 1.249999998749998342, 10.92187500061451644, -0.7216878357653438991 ) ) ;
#2935 = CARTESIAN_POINT ( 'NONE',  ( -0.5032151774999994442, 2.737500001229036251, -0.8715942545697896726 ) ) ;
#2936 = CARTESIAN_POINT ( 'NONE',  ( 1.249999998749998564, 12.64687500061451608, 0.7216878357653431220 ) ) ;
#2937 = CARTESIAN_POINT ( 'NONE',  ( -1.069555538575903464, 0.1483518718776673517, -0.3048404605187512439 ) ) ;
#2938 = CARTESIAN_POINT ( 'NONE',  ( 0.6249999993749997262, 5.409375000614518036, 1.082531753648015238 ) ) ;
#2939 = CARTESIAN_POINT ( 'NONE',  ( -1.006430354999998000, 0.9375000000000008882, 0.5810628363798603369 ) ) ;
#2940 = CARTESIAN_POINT ( 'NONE',  ( -1.249999998749998564, 1.565625000614516482, -0.7216878357653433440 ) ) ;
#2941 = CARTESIAN_POINT ( 'NONE',  ( -1.006430354999998222, 4.612499999224610292, -3.105860804094248348E-08 ) ) ;
#2942 = CARTESIAN_POINT ( 'NONE',  ( 0.2634828508014805948, 0.7687500000000015987, -1.006430354999998888 ) ) ;
#2943 = DIRECTION ( 'NONE',  ( -1.000000000000000000, 0.000000000000000000, 0.000000000000000000 ) ) ;
#2944 = CARTESIAN_POINT ( 'NONE',  ( 1.006430354999998000, 8.925000001229035362, -0.5810628363798602258 ) ) ;
#2945 = CARTESIAN_POINT ( 'NONE',  ( -1.249999998749998342, 7.546875000614517326, 0.7216878357653442322 ) ) ;
#2946 = CYLINDRICAL_SURFACE ( 'NONE', #2599, 1.006430354999998666 ) ;
#2947 = CARTESIAN_POINT ( 'NONE',  ( 1.006430354999998666, 6.525000000000000355, 0.000000000000000000 ) ) ;
#2948 = CARTESIAN_POINT ( 'NONE',  ( -0.2634828508014802062, 10.89374999999999893, 1.006430354999998444 ) ) ;
#2949 = CARTESIAN_POINT ( 'NONE',  ( -1.006430354999998888, 9.000000000000001776, 0.000000000000000000 ) ) ;
#2950 = CARTESIAN_POINT ( 'NONE',  ( -0.6249999993749995042, 7.828125000614517326, -1.082531753648015460 ) ) ;
#2951 = ORIENTED_EDGE ( 'NONE', *, *, #2529, .F. ) ;
#2952 = CARTESIAN_POINT ( 'NONE',  ( 0.6249999993749998373, 1.303125000614517637, 1.082531753648015238 ) ) ;
#2953 = CARTESIAN_POINT ( 'NONE',  ( -0.6249999993749983940, 0.3281250006145174369, 1.082531753648015904 ) ) ;
#2954 = VERTEX_POINT ( 'NONE', #4532 ) ;
#2955 = CARTESIAN_POINT ( 'NONE',  ( -1.006430354999999111, 0.4687500000000007772, 0.2634828508014803727 ) ) ;
#2956 = AXIS2_PLACEMENT_3D ( 'NONE', #820, #4996, #1390 ) ;
#2957 = CARTESIAN_POINT ( 'NONE',  ( -1.006430354999998222, 5.100000001229036073, 0.5810628363798603369 ) ) ;
#2958 = CARTESIAN_POINT ( 'NONE',  ( -0.6249999993749995042, 8.278125000614515727, -1.082531753648015460 ) ) ;
#2959 = CARTESIAN_POINT ( 'NONE',  ( 1.249999998749998342, 2.821875000614518569, -0.7216878357653438991 ) ) ;
#2960 = CARTESIAN_POINT ( 'NONE',  ( 0.6249999993749990601, -1.246874999385482630, -1.082531753648015460 ) ) ;
#2961 = CARTESIAN_POINT ( 'NONE',  ( -0.6249999993749982830, -1.415624999385481253, 1.082531753648015904 ) ) ;
#2962 = CARTESIAN_POINT ( 'NONE',  ( -1.249999998749998786, 11.95312500061451644, 0.000000000000000000 ) ) ;
#2963 = EDGE_LOOP ( 'NONE', ( #4426, #3468, #245, #5623 ) ) ;
#2964 = CARTESIAN_POINT ( 'NONE',  ( -0.6249999993749985050, 9.834375000614517859, 1.082531753648015904 ) ) ;
#2965 = EDGE_CURVE ( 'NONE', #2410, #1635, #3037, .T. ) ;
#2966 = B_SPLINE_CURVE_WITH_KNOTS ( 'NONE', 3,
 ( #4545, #3588, #5411, #1332, #3193, #1785, #3107, #2259, #5021, #1387 ),
 .UNSPECIFIED., .F., .F.,
 ( 4, 2, 2, 2, 4 ),
 ( 0.000000000000000000, 0.1250000000000000000, 0.2500000000000000000, 0.3750000000000000000, 0.5000000000000000000 ),
 .UNSPECIFIED. ) ;
#2967 = CARTESIAN_POINT ( 'NONE',  ( 1.006430354999998888, 2.550000001229035806, 0.5810628363798594487 ) ) ;
#2968 = EDGE_CURVE ( 'NONE', #5862, #5735, #1915, .T. ) ;
#2969 = CARTESIAN_POINT ( 'NONE',  ( -0.6249999993749996152, 12.38437500061451679, -1.082531753648015460 ) ) ;
#2970 = CARTESIAN_POINT ( 'NONE',  ( 1.249999998749998342, 5.521875000614517859, -0.7216878357653438991 ) ) ;
#2971 = CARTESIAN_POINT ( 'NONE',  ( 1.006430354999998666, 1.125000000000000888, -1.232521712815482580E-16 ) ) ;
#2972 = CARTESIAN_POINT ( 'NONE',  ( -1.249999998749998564, 0.7031250006145177700, 0.000000000000000000 ) ) ;
#2973 = CARTESIAN_POINT ( 'NONE',  ( 0.5253432182843935649, 2.550000000000000711, -0.8979642393405731227 ) ) ;
#2974 = FACE_OUTER_BOUND ( 'NONE', #2223, .T. ) ;
#2975 = VECTOR ( 'NONE', #807, 1000.000000000000000 ) ;
#2976 = CARTESIAN_POINT ( 'NONE',  ( -1.006430354999998888, 8.175000001229035362, -0.5810628363798596707 ) ) ;
#2977 = CARTESIAN_POINT ( 'NONE',  ( -0.6249999993749995042, 8.334375000614516082, -1.082531753648015460 ) ) ;
#2978 = CARTESIAN_POINT ( 'NONE',  ( 0.5032151774999988891, 12.90000000000000036, -0.8715942545697897836 ) ) ;
#2979 = CARTESIAN_POINT ( 'NONE',  ( 1.006430354999998444, 2.906250000000000444, 0.2634828508014803172 ) ) ;
#2980 = CARTESIAN_POINT ( 'NONE',  ( -1.006430354999998888, 8.099999999999999645, 0.000000000000000000 ) ) ;
#2981 = CARTESIAN_POINT ( 'NONE',  ( -0.6249999993749985050, 8.878125000614515372, 1.082531753648015904 ) ) ;
#2982 = ORIENTED_EDGE ( 'NONE', *, *, #3052, .F. ) ;
#2983 = CARTESIAN_POINT ( 'NONE',  ( -0.6249999993749983940, 1.228125000614517237, 1.082531753648015904 ) ) ;
#2984 = CARTESIAN_POINT ( 'NONE',  ( 1.249999998749998564, 0.02812500061451748967, -1.530808497403381346E-16 ) ) ;
#2985 = ORIENTED_EDGE ( 'NONE', *, *, #1181, .T. ) ;
#2986 = CARTESIAN_POINT ( 'NONE',  ( -1.006430354999998222, 8.099999997598272827, -3.721474672258065731E-08 ) ) ;
#2987 = EDGE_LOOP ( 'NONE', ( #4559, #4368, #132, #1090 ) ) ;
#2988 = CARTESIAN_POINT ( 'NONE',  ( 1.006430354999985344, 5.250000001229035540, 0.5810628363798672202 ) ) ;
#2989 = CARTESIAN_POINT ( 'NONE',  ( -2.607340608234752414E-16, 9.140625000614516438, -1.443375671530686910 ) ) ;
#2990 = ORIENTED_EDGE ( 'NONE', *, *, #1734, .T. ) ;
#2991 = CARTESIAN_POINT ( 'NONE',  ( 0.6249999993749998373, 2.709375000614516971, 1.082531753648015238 ) ) ;
#2992 = VECTOR ( 'NONE', #2221, 1000.000000000000000 ) ;
#2993 = CARTESIAN_POINT ( 'NONE',  ( 1.249999998749999008, -0.4593749993854825409, 0.7216878357653431220 ) ) ;
#2994 = CARTESIAN_POINT ( 'NONE',  ( -0.6249999993749992822, -2.015624999385481342, -1.082531753648015460 ) ) ;
#2995 = CARTESIAN_POINT ( 'NONE',  ( -1.249999998749998342, 11.99062500061451608, 0.7216878357653442322 ) ) ;
#2996 = CARTESIAN_POINT ( 'NONE',  ( 1.249999998749998564, 10.84687500061451715, 0.7216878357653431220 ) ) ;
#2997 = CARTESIAN_POINT ( 'NONE',  ( -0.5032151774999986671, 2.437500001229036428, 0.8715942545697901167 ) ) ;
#2998 = CARTESIAN_POINT ( 'NONE',  ( 1.249999998749998342, 10.02187500061451608, -0.7216878357653438991 ) ) ;
#2999 = CARTESIAN_POINT ( 'NONE',  ( -1.249999998749998564, 5.259375000614517681, 0.000000000000000000 ) ) ;
#3000 = EDGE_CURVE ( 'NONE', #4748, #3947, #2848, .T. ) ;
#3001 = CARTESIAN_POINT ( 'NONE',  ( -0.5032151774999986671, 0.07500000000000041356, 0.8715942545697901167 ) ) ;
#3002 = CARTESIAN_POINT ( 'NONE',  ( -0.6249999993749993932, 1.978125000614517903, -1.082531753648015460 ) ) ;
#3003 = CARTESIAN_POINT ( 'NONE',  ( -2.168404344971008868E-16, 11.50000000000000000, 0.000000000000000000 ) ) ;
#3004 = CARTESIAN_POINT ( 'NONE',  ( 1.006430354999998666, 0.6750000000000019318, -1.173230260442806212E-14 ) ) ;
#3005 = CARTESIAN_POINT ( 'NONE',  ( 0.5032151774999990002, 6.262500001229035718, -0.8715942545697897836 ) ) ;
#3006 = CARTESIAN_POINT ( 'NONE',  ( -2.323758234168874628E-16, 8.550000001229037139, -1.162125672759719563 ) ) ;
#3007 = CARTESIAN_POINT ( 'NONE',  ( -0.6249999993749985050, 7.134375000614516793, 1.082531753648015904 ) ) ;
#3008 = CARTESIAN_POINT ( 'NONE',  ( 1.249999998749998564, 0.08437500061451823352, -1.530808497403381346E-16 ) ) ;
#3009 = FACE_OUTER_BOUND ( 'NONE', #1665, .T. ) ;
#3010 = CARTESIAN_POINT ( 'NONE',  ( -1.006430354999998000, 6.862500003726882625, 3.870417428556779736E-08 ) ) ;
#3011 = CARTESIAN_POINT ( 'NONE',  ( 0.5032151774999996663, 9.150000000000000355, 0.8715942545697895616 ) ) ;
#3012 = CARTESIAN_POINT ( 'NONE',  ( 1.249999998749998564, 8.540625000614516793, 0.7216878357653431220 ) ) ;
#3013 = B_SPLINE_CURVE_WITH_KNOTS ( 'NONE', 3,
 ( #3999, #1715, #1235, #3182, #2196, #5010, #3970, #836 ),
 .UNSPECIFIED., .F., .F.,
 ( 4, 2, 2, 4 ),
 ( 0.0002819980934109042213, 0.0009757744945887228405, 0.001322662695177632096, 0.001669550895766540918 ),
 .UNSPECIFIED. ) ;
#3014 = ORIENTED_EDGE ( 'NONE', *, *, #212, .T. ) ;
#3015 = CARTESIAN_POINT ( 'NONE',  ( -1.249999998749998564, 2.015625000614517326, -0.7216878357653433440 ) ) ;
#3016 = CARTESIAN_POINT ( 'NONE',  ( -9.951791169736978072E-17, 0.5906250006145179476, -1.443375671530686910 ) ) ;
#3017 = ORIENTED_EDGE ( 'NONE', *, *, #3457, .F. ) ;
#3018 = DIRECTION ( 'NONE',  ( -1.000000000000000000, 0.000000000000000000, 0.000000000000000000 ) ) ;
#3019 = ADVANCED_FACE ( 'NONE', ( #48, #1038 ), #557, .T. ) ;
#3020 = ORIENTED_EDGE ( 'NONE', *, *, #2638, .F. ) ;
#3021 = LINE ( 'NONE', #735, #637 ) ;
#3022 = CARTESIAN_POINT ( 'NONE',  ( 0.6249999993749988381, 8.653125000614515727, -1.082531753648015460 ) ) ;
#3023 = VERTEX_POINT ( 'NONE', #17 ) ;
#3024 = CARTESIAN_POINT ( 'NONE',  ( 1.249999998749999008, 3.646875000614517859, 0.7216878357653431220 ) ) ;
#3025 = CARTESIAN_POINT ( 'NONE',  ( -1.249999998749998564, -0.6843749993854820746, -0.7216878357653433440 ) ) ;
#3026 = CARTESIAN_POINT ( 'NONE',  ( 0.8979642393405734557, 3.787500000000001865, 0.5253432182843934539 ) ) ;
#3027 = CARTESIAN_POINT ( 'NONE',  ( 1.249999998749998342, 12.66562500061451502, -0.7216878357653438991 ) ) ;
#3028 = CARTESIAN_POINT ( 'NONE',  ( -1.249999998749999008, 8.821875000614516793, -0.7216878357653433440 ) ) ;
#3029 = CARTESIAN_POINT ( 'NONE',  ( 0.5032151774999997773, 2.062500001229035984, 0.8715942545697895616 ) ) ;
#3030 = CARTESIAN_POINT ( 'NONE',  ( -1.249999998749998342, 9.346875000614517148, 0.7216878357653442322 ) ) ;
#3031 = CARTESIAN_POINT ( 'NONE',  ( 0.6249999993749997262, 4.959375000614516971, 1.082531753648015238 ) ) ;
#3032 = CARTESIAN_POINT ( 'NONE',  ( -0.5032151774999985561, -1.274999999999998357, 0.8715942545697901167 ) ) ;
#3033 = CARTESIAN_POINT ( 'NONE',  ( -1.249999998749998564, 2.465625000614515727, -0.7216878357653433440 ) ) ;
#3034 = DIRECTION ( 'NONE',  ( -1.000000000000000000, 0.000000000000000000, 0.000000000000000000 ) ) ;
#3035 = CARTESIAN_POINT ( 'NONE',  ( -1.006430354999998666, 5.831250000000000711, -0.2634828508014803727 ) ) ;
#3036 = CARTESIAN_POINT ( 'NONE',  ( 1.006430354999998444, 8.437500001229034652, 0.000000000000000000 ) ) ;
#3037 = B_SPLINE_CURVE_WITH_KNOTS ( 'NONE', 3,
 ( #1317, #779, #2272, #3575, #4893, #1290, #3147, #3121, #5899, #2670 ),
 .UNSPECIFIED., .F., .F.,
 ( 4, 2, 2, 2, 4 ),
 ( 0.000000000000000000, 0.1250000000000000000, 0.2500000000000000000, 0.3750000000000000000, 0.5000000000000000000 ),
 .UNSPECIFIED. ) ;
#3038 = CARTESIAN_POINT ( 'NONE',  ( -1.006430354999998888, 7.725000001229035185, -0.5810628363798596707 ) ) ;
#3039 = CARTESIAN_POINT ( 'NONE',  ( 0.6249999993749997262, 5.859375000614517326, 1.082531753648015238 ) ) ;
#3040 = CARTESIAN_POINT ( 'NONE',  ( -1.249999998749998564, 1.621875000614517059, -0.7216878357653433440 ) ) ;
#3041 = DIRECTION ( 'NONE',  ( -1.885568995626964287E-17, 1.000000000000000000, -0.000000000000000000 ) ) ;
#3042 = CARTESIAN_POINT ( 'NONE',  ( -0.5032151774999987781, 5.925000000000000711, 0.8715942545697901167 ) ) ;
#3043 = CARTESIAN_POINT ( 'NONE',  ( -1.249999998749998786, 8.803125000614517859, 0.000000000000000000 ) ) ;
#3044 = VERTEX_POINT ( 'NONE', #2814 ) ;
#3045 = CARTESIAN_POINT ( 'NONE',  ( 0.6249999993749989491, 2.803125000614516971, -1.082531753648015460 ) ) ;
#3046 = EDGE_CURVE ( 'NONE', #5635, #2689, #3236, .T. ) ;
#3047 = CARTESIAN_POINT ( 'NONE',  ( 0.6249999993749989491, -0.3468749993854828295, -1.082531753648015460 ) ) ;
#3048 = CARTESIAN_POINT ( 'NONE',  ( 0.8979642393405733447, 0.6375000000000010658, 0.5253432182843933429 ) ) ;
#3049 = ORIENTED_EDGE ( 'NONE', *, *, #5173, .F. ) ;
#3050 = CARTESIAN_POINT ( 'NONE',  ( -2.168404344971008868E-16, 11.50000000000000000, 0.000000000000000000 ) ) ;
#3051 = CARTESIAN_POINT ( 'NONE',  ( 1.249999998749998342, 8.615625000614517859, -0.7216878357653438991 ) ) ;
#3052 = EDGE_CURVE ( 'NONE', #3833, #4942, #2535, .T. ) ;
#3053 = ORIENTED_EDGE ( 'NONE', *, *, #4811, .F. ) ;
#3054 = EDGE_CURVE ( 'NONE', #1100, #387, #96, .T. ) ;
#3055 = CARTESIAN_POINT ( 'NONE',  ( -1.249999998749998342, 0.7968750006145177700, 0.7216878357653442322 ) ) ;
#3056 = CARTESIAN_POINT ( 'NONE',  ( -0.5253432182843932319, 7.575000000000001954, -0.8979642393405734557 ) ) ;
#3057 = CARTESIAN_POINT ( 'NONE',  ( -0.6249999993749993932, 3.384375000614517237, -1.082531753648015460 ) ) ;
#3058 = CARTESIAN_POINT ( 'NONE',  ( 0.6249999993749990601, -1.640624999385482674, -1.082531753648015460 ) ) ;
#3059 = CARTESIAN_POINT ( 'NONE',  ( 0.5253432182843930098, 3.750000000000000444, 0.8979642393405733447 ) ) ;
#3060 = CARTESIAN_POINT ( 'NONE',  ( -2.692191213037965419E-16, 9.590625000614517504, -1.443375671530686910 ) ) ;
#3061 = CARTESIAN_POINT ( 'NONE',  ( -3.721943236949666472E-17, -1.799999998770963616, -1.162125672759719563 ) ) ;
#3062 = CARTESIAN_POINT ( 'NONE',  ( 0.6249999993749996152, 10.80937500061451750, 1.082531753648015238 ) ) ;
#3063 = CARTESIAN_POINT ( 'NONE',  ( 0.6249999993749989491, 4.659375000614517148, -1.082531753648015460 ) ) ;
#3064 = CARTESIAN_POINT ( 'NONE',  ( -1.006430354999998666, 0.4500000000000007327, 0.000000000000000000 ) ) ;
#3065 = CARTESIAN_POINT ( 'NONE',  ( 2.158243953626276702E-16, 2.615625000614516971, 1.443375671530686910 ) ) ;
#3066 = CARTESIAN_POINT ( 'NONE',  ( 2.549999999999998490, 10.09999999999999964, 3.122849337825748940E-16 ) ) ;
#3067 = CARTESIAN_POINT ( 'NONE',  ( -1.006430354999998888, 7.668750000000000178, 0.2634828508014802617 ) ) ;
#3068 = LINE ( 'NONE', #5821, #3351 ) ;
#3069 = CARTESIAN_POINT ( 'NONE',  ( 7.347552485434684738E-17, 7.425000001229034474, 1.162125672759719563 ) ) ;
#3070 = CARTESIAN_POINT ( 'NONE',  ( 0.6249999993749988381, 5.109375000614518214, -1.082531753648015460 ) ) ;
#3071 = CARTESIAN_POINT ( 'NONE',  ( -0.6249999993749983940, -0.5156249993854815639, 1.082531753648015904 ) ) ;
#3072 = CARTESIAN_POINT ( 'NONE',  ( -0.8979642393405733447, 7.162500000000000533, -0.5253432182843935649 ) ) ;
#3073 = CARTESIAN_POINT ( 'NONE',  ( 0.5032151774999996663, 7.012500001229035718, 0.8715942545697895616 ) ) ;
#3074 = CARTESIAN_POINT ( 'NONE',  ( -1.878292558720261207E-16, 6.187500000000000888, -1.162125672759719563 ) ) ;
#3075 = CARTESIAN_POINT ( 'NONE',  ( -0.6249999993749985050, 7.978125000614515905, 1.082531753648015904 ) ) ;
#3076 = CARTESIAN_POINT ( 'NONE',  ( 0.6249999993749989491, 0.5531250006145169706, -1.082531753648015460 ) ) ;
#3077 = CARTESIAN_POINT ( 'NONE',  ( 0.6249999993749989491, 0.5531250006145169706, -1.082531753648015460 ) ) ;
#3078 = CARTESIAN_POINT ( 'NONE',  ( 1.006430354999998888, 5.156250000000000000, 0.2634828508014804838 ) ) ;
#3079 = ORIENTED_EDGE ( 'NONE', *, *, #3987, .F. ) ;
#3080 = CARTESIAN_POINT ( 'NONE',  ( -1.006430354999998888, 11.50000000000000000, 0.000000000000000000 ) ) ;
#3081 = CARTESIAN_POINT ( 'NONE',  ( -2.522490003431538916E-16, 8.690625000614515372, -1.443375671530686910 ) ) ;
#3082 = ORIENTED_EDGE ( 'NONE', *, *, #5831, .F. ) ;
#3083 = APPLICATION_PROTOCOL_DEFINITION ( 'draft international standard', 'automotive_design', 1998, #3768 ) ;
#3084 = ADVANCED_FACE ( 'NONE', ( #679 ), #105, .T. ) ;
#3085 = DIRECTION ( 'NONE',  ( -1.885568995626964287E-17, 1.000000000000000000, -0.000000000000000000 ) ) ;
#3086 = CARTESIAN_POINT ( 'NONE',  ( 0.6249999993749998373, 2.259375000614518125, 1.082531753648015238 ) ) ;
#3087 = CARTESIAN_POINT ( 'NONE',  ( 0.6249999993749990601, -2.090624999385481519, -1.082531753648015460 ) ) ;
#3088 = CARTESIAN_POINT ( 'NONE',  ( 1.249999998749998342, 10.86562500061451431, -0.7216878357653438991 ) ) ;
#3089 = CARTESIAN_POINT ( 'NONE',  ( 2.262066135001309706E-16, -0.6749999987709642824, 1.162125672759719563 ) ) ;
#3090 = CARTESIAN_POINT ( 'NONE',  ( 1.249999998749998342, 10.88437500061451679, -1.530808497403381346E-16 ) ) ;
#3091 = EDGE_CURVE ( 'NONE', #667, #5771, #5920, .T. ) ;
#3092 = CARTESIAN_POINT ( 'NONE',  ( 0.6249999993749989491, 3.759375000614517681, -1.082531753648015460 ) ) ;
#3093 = CARTESIAN_POINT ( 'NONE',  ( 1.006430354999998888, -1.612499999999999378, 0.5810628363798594487 ) ) ;
#3094 = CYLINDRICAL_SURFACE ( 'NONE', #5479, 1.006430354999998666 ) ;
#3095 = CARTESIAN_POINT ( 'NONE',  ( 1.006430354999998888, 4.706250000000001599, 0.2634828508014804838 ) ) ;
#3096 = AXIS2_PLACEMENT_3D ( 'NONE', #3310, #5527, #95 ) ;
#3097 = CARTESIAN_POINT ( 'NONE',  ( -0.5032151774999987781, 6.487500001229035362, 0.8715942545697901167 ) ) ;
#3098 = CARTESIAN_POINT ( 'NONE',  ( -1.249999998749998564, 4.359375000614517326, 0.000000000000000000 ) ) ;
#3099 = CARTESIAN_POINT ( 'NONE',  ( -1.249999998749998564, 0.7593750006145184583, 0.000000000000000000 ) ) ;
#3100 = CARTESIAN_POINT ( 'NONE',  ( 0.5253432182843934539, 7.049999999999999822, -0.8979642393405731227 ) ) ;
#3101 = CARTESIAN_POINT ( 'NONE',  ( 1.249999998749998564, 9.496875000614517504, 0.7216878357653431220 ) ) ;
#3102 = CARTESIAN_POINT ( 'NONE',  ( -0.5032151774999995553, 6.675000000000000711, -0.8715942545697896726 ) ) ;
#3103 = CARTESIAN_POINT ( 'NONE',  ( -1.249999998749998342, 6.590625000614516615, 0.7216878357653442322 ) ) ;
#3104 = CARTESIAN_POINT ( 'NONE',  ( 1.152165351618040789, -1.261318193587549411E-07, 0.4847834562006765324 ) ) ;
#3105 = CARTESIAN_POINT ( 'NONE',  ( -3.087413677397794628E-16, 12.60000000122903430, -1.162125672759719563 ) ) ;
#3106 = EDGE_CURVE ( 'NONE', #2152, #5566, #4613, .T. ) ;
#3107 = CARTESIAN_POINT ( 'NONE',  ( 0.5253432182843932319, 8.849999999999999645, -0.8979642393405732337 ) ) ;
#3108 = ORIENTED_EDGE ( 'NONE', *, *, #2021, .F. ) ;
#3109 = DIRECTION ( 'NONE',  ( -1.885568995626964287E-17, 1.000000000000000000, -0.000000000000000000 ) ) ;
#3110 = CARTESIAN_POINT ( 'NONE',  ( 0.6249999993749997262, 5.803125000614516082, 1.082531753648015238 ) ) ;
#3111 = CARTESIAN_POINT ( 'NONE',  ( 1.649140324806996702E-16, 5.315625000614516260, 1.443375671530686910 ) ) ;
#3112 = VERTEX_POINT ( 'NONE', #885 ) ;
#3113 = DIRECTION ( 'NONE',  ( -1.000000000000000000, 0.000000000000000000, 0.000000000000000000 ) ) ;
#3114 = CARTESIAN_POINT ( 'NONE',  ( -0.6249999993749993932, 2.034375000614518481, -1.082531753648015460 ) ) ;
#3115 = CARTESIAN_POINT ( 'NONE',  ( -1.249999998749998564, -1.940624999385482496, 0.000000000000000000 ) ) ;
#3116 = CARTESIAN_POINT ( 'NONE',  ( -1.249999998749998786, 10.15312500061451573, 0.000000000000000000 ) ) ;
#3117 = CARTESIAN_POINT ( 'NONE',  ( -7.115967429078201448E-17, 1.229035970218284035E-09, -1.162125672759719563 ) ) ;
#3118 = CARTESIAN_POINT ( 'NONE',  ( -1.249999998749998786, 9.759375000614516793, 0.000000000000000000 ) ) ;
#3119 = CARTESIAN_POINT ( 'NONE',  ( -1.249999998749998342, 3.496875000614516615, 0.7216878357653442322 ) ) ;
#3120 = CARTESIAN_POINT ( 'NONE',  ( -0.5032151774999986671, 0.5250000000000011324, 0.8715942545697901167 ) ) ;
#3121 = CARTESIAN_POINT ( 'NONE',  ( 0.8979642393405733447, 10.61249999999999893, -0.5253432182843931209 ) ) ;
#3122 = CARTESIAN_POINT ( 'NONE',  ( 1.006430354999984678, 3.075000001229035718, -0.5810628363798679974 ) ) ;
#3123 = CARTESIAN_POINT ( 'NONE',  ( 1.006430354999998666, 5.625000000000000000, 0.000000000000000000 ) ) ;
#3124 = CARTESIAN_POINT ( 'NONE',  ( -0.5032151774999995553, 5.437500001229035540, -0.8715942545697896726 ) ) ;
#3125 = CARTESIAN_POINT ( 'NONE',  ( 1.249999998749999008, 4.096875000614517148, 0.7216878357653431220 ) ) ;
#3126 = B_SPLINE_CURVE_WITH_KNOTS ( 'NONE', 3,
 ( #711, #5781, #1678, #2066, #4372, #2903, #4732, #616, #3415, #2931 ),
 .UNSPECIFIED., .F., .F.,
 ( 4, 2, 2, 2, 4 ),
 ( 0.5000000000000000000, 0.6250000000000000000, 0.7500000000000000000, 0.8750000000000000000, 1.000000000000000000 ),
 .UNSPECIFIED. ) ;
#3127 = CARTESIAN_POINT ( 'NONE',  ( -1.249999998749998342, 1.696875000614517459, 0.7216878357653442322 ) ) ;
#3128 = CARTESIAN_POINT ( 'NONE',  ( -1.006430354999998666, 4.499999999478868418, -8.074933260716615098E-09 ) ) ;
#3129 = CARTESIAN_POINT ( 'NONE',  ( -0.6249999993749995042, 10.13437500061451679, -1.082531753648015460 ) ) ;
#3130 = CARTESIAN_POINT ( 'NONE',  ( 1.006430354999998888, 6.937500000000000000, 0.5810628363798594487 ) ) ;
#3131 = CARTESIAN_POINT ( 'NONE',  ( -0.6249999993749995042, 5.578125000614516438, -1.082531753648015460 ) ) ;
#3132 = CARTESIAN_POINT ( 'NONE',  ( -1.248591891794798459, 11.50000000000000000, -0.05931514167728751952 ) ) ;
#3133 = CARTESIAN_POINT ( 'NONE',  ( 0.5032151774999988891, 13.01250000122903394, -0.8715942545697897836 ) ) ;
#3134 = CARTESIAN_POINT ( 'NONE',  ( -1.006430354999998888, 10.91249999999527276, -1.911712426746836953E-08 ) ) ;
#3135 = ORIENTED_EDGE ( 'NONE', *, *, #4651, .F. ) ;
#3136 = FACE_OUTER_BOUND ( 'NONE', #4968, .T. ) ;
#3137 = AXIS2_PLACEMENT_3D ( 'NONE', #2823, #2372, #5518 ) ;
#3138 = CARTESIAN_POINT ( 'NONE',  ( -0.6249999993749985050, 7.528125000614516615, 1.082531753648015904 ) ) ;
#3139 = CARTESIAN_POINT ( 'NONE',  ( 1.249999998749998342, 6.365625000614516971, -0.7216878357653438991 ) ) ;
#3140 =( BOUNDED_CURVE ( )  B_SPLINE_CURVE ( 2, ( #3590, #5413, #851, #2685, #2236, #4063, #5888 ),
 .UNSPECIFIED., .F., .T. ) 
 B_SPLINE_CURVE_WITH_KNOTS ( ( 3, 2, 2, 3 ),
 ( 0.2612946640389078312, 0.2661334540921337921, 0.2709722441665362025, 0.2758110342409386129 ),
 .UNSPECIFIED. ) 
 CURVE ( )  GEOMETRIC_REPRESENTATION_ITEM ( )  RATIONAL_B_SPLINE_CURVE ( ( 1.000000000000000000, 0.8660254037844387076, 1.000000000000000000, 0.8660254037844387076, 1.000000000000000000, 0.8660254037844387076, 1.000000000000000000 ) ) 
 REPRESENTATION_ITEM ( '' )  );
#3141 = CARTESIAN_POINT ( 'NONE',  ( 0.6249999993749996152, 11.65312500061451573, 1.082531753648015238 ) ) ;
#3142 = CARTESIAN_POINT ( 'NONE',  ( -6.267461381046067704E-17, -0.4499999987709648042, -1.162125672759719563 ) ) ;
#3143 = CARTESIAN_POINT ( 'NONE',  ( 0.6249999993749988381, 7.809375000614517504, -1.082531753648015460 ) ) ;
#3144 = CARTESIAN_POINT ( 'NONE',  ( -1.260337256983739186E-16, 1.996875000614517504, -1.443375671530686910 ) ) ;
#3145 = EDGE_CURVE ( 'NONE', #5412, #1637, #3292, .T. ) ;
#3146 = CARTESIAN_POINT ( 'NONE',  ( -1.249999998749998342, 12.94687500061451679, 0.7216878357653442322 ) ) ;
#3147 = CARTESIAN_POINT ( 'NONE',  ( 0.5253432182843932319, 10.64999999999999858, -0.8979642393405732337 ) ) ;
#3148 = EDGE_CURVE ( 'NONE', #1599, #4706, #300, .T. ) ;
#3149 = CARTESIAN_POINT ( 'NONE',  ( 0.2634828508014803727, 5.718750000000002665, -1.006430354999998888 ) ) ;
#3150 = ORIENTED_EDGE ( 'NONE', *, *, #3703, .F. ) ;
#3151 = DIRECTION ( 'NONE',  ( -1.885568995626964287E-17, 1.000000000000000000, -0.000000000000000000 ) ) ;
#3152 = ADVANCED_FACE ( 'NONE', ( #5478 ), #107, .F. ) ;
#3153 = CARTESIAN_POINT ( 'NONE',  ( -0.5032151774999987781, 6.037500001229035185, 0.8715942545697901167 ) ) ;
#3154 = CARTESIAN_POINT ( 'NONE',  ( 1.249999998749999008, 4.546875000614517326, 0.7216878357653431220 ) ) ;
#3155 = CARTESIAN_POINT ( 'NONE',  ( -2.168404344971008868E-16, 11.50000000000000000, 0.000000000000000000 ) ) ;
#3156 = DIRECTION ( 'NONE',  ( -1.885568995626964287E-17, 1.000000000000000000, -0.000000000000000000 ) ) ;
#3157 = EDGE_CURVE ( 'NONE', #558, #4009, #459, .T. ) ;
#3158 = CARTESIAN_POINT ( 'NONE',  ( 0.6249999993749988381, 9.159375000614515372, -1.082531753648015460 ) ) ;
#3159 = CARTESIAN_POINT ( 'NONE',  ( 1.006430354999998444, 6.112499999999999822, -0.5810628363798602258 ) ) ;
#3160 = CARTESIAN_POINT ( 'NONE',  ( 0.6249999993749988381, 5.953125000614516438, -1.082531753648015460 ) ) ;
#3161 = CARTESIAN_POINT ( 'NONE',  ( 0.6249999993749998373, 0.4031250006145178366, 1.082531753648015238 ) ) ;
#3162 = B_SPLINE_CURVE_WITH_KNOTS ( 'NONE', 3,
 ( #3239, #4679, #559, #5514, #82, #3715, #500, #3745, #2397, #2335 ),
 .UNSPECIFIED., .F., .F.,
 ( 4, 2, 2, 2, 4 ),
 ( 0.5000000000000000000, 0.6250000000000000000, 0.7500000000000000000, 0.8750000000000000000, 1.000000000000000000 ),
 .UNSPECIFIED. ) ;
#3163 = CARTESIAN_POINT ( 'NONE',  ( 0.6249999993749999483, -1.396874999385483429, 1.082531753648015238 ) ) ;
#3164 = CARTESIAN_POINT ( 'NONE',  ( 1.006430354999998666, 5.625000000000000000, 0.000000000000000000 ) ) ;
#3165 = AXIS2_PLACEMENT_3D ( 'NONE', #3486, #4865, #2943 ) ;
#3166 = ORIENTED_EDGE ( 'NONE', *, *, #3412, .F. ) ;
#3167 = CARTESIAN_POINT ( 'NONE',  ( 1.006430354999998444, 10.57500000000000107, 0.000000000000000000 ) ) ;
#3168 = CARTESIAN_POINT ( 'NONE',  ( 1.249999998749998342, 6.815625000614517148, -0.7216878357653438991 ) ) ;
#3169 = CARTESIAN_POINT ( 'NONE',  ( 0.6249999993749988381, 5.953125000614516438, -1.082531753648015460 ) ) ;
#3170 = VERTEX_POINT ( 'NONE', #3408 ) ;
#3171 = CARTESIAN_POINT ( 'NONE',  ( 2.549999999999998490, 11.50000000000000000, 3.122849337825748940E-16 ) ) ;
#3172 = CARTESIAN_POINT ( 'NONE',  ( -0.6249999993749985050, 9.328125000614516438, 1.082531753648015904 ) ) ;
#3173 = CIRCLE ( 'NONE', #2790, 1.249999999999998890 ) ;
#3174 = CARTESIAN_POINT ( 'NONE',  ( -1.006430354999998000, -0.2999999987709639493, 0.5810628363798603369 ) ) ;
#3175 =( BOUNDED_CURVE ( )  B_SPLINE_CURVE ( 2, ( #5248, #1203, #721, #659, #1143, #5759, #3365 ),
 .UNSPECIFIED., .F., .T. ) 
 B_SPLINE_CURVE_WITH_KNOTS ( ( 3, 2, 2, 3 ),
 ( 0.4064583660637195450, 0.4112971563242067696, 0.4161359463986091800, 0.4209747364730116459 ),
 .UNSPECIFIED. ) 
 CURVE ( )  GEOMETRIC_REPRESENTATION_ITEM ( )  RATIONAL_B_SPLINE_CURVE ( ( 1.000000000000000000, 0.8660254037844387076, 1.000000000000000000, 0.8660254037844387076, 1.000000000000000000, 0.8660254037844387076, 1.000000000000000000 ) ) 
 REPRESENTATION_ITEM ( '' )  );
#3176 = CARTESIAN_POINT ( 'NONE',  ( 1.249999998749998342, 8.634375000614518569, -1.530808497403381346E-16 ) ) ;
#3177 = CARTESIAN_POINT ( 'NONE',  ( -1.249999998749998342, 2.146875000614518303, 0.7216878357653442322 ) ) ;
#3178 = CARTESIAN_POINT ( 'NONE',  ( 0.5032151774999992222, -1.949999999999998623, -0.8715942545697897836 ) ) ;
#3179 = CARTESIAN_POINT ( 'NONE',  ( -0.8531761534220803078, 11.50000000220843432, -0.9135592215215647682 ) ) ;
#3180 = CARTESIAN_POINT ( 'NONE',  ( -2.946743027447604926E-16, 10.94062500061451537, -1.443375671530686910 ) ) ;
#3181 = ORIENTED_EDGE ( 'NONE', *, *, #4954, .F. ) ;
#3182 = CARTESIAN_POINT ( 'NONE',  ( 0.8906430096167324839, 0.07690783467376199889, 0.7718656656410666228 ) ) ;
#3183 = CARTESIAN_POINT ( 'NONE',  ( -1.814654605349594135E-16, 5.850000001229035185, -1.162125672759719563 ) ) ;
#3184 = CARTESIAN_POINT ( 'NONE',  ( -1.249999998749998564, 3.871875000614517059, -0.7216878357653433440 ) ) ;
#3185 = CARTESIAN_POINT ( 'NONE',  ( -0.2634828508014802062, 3.956250000000002487, -1.006430354999998666 ) ) ;
#3186 = DIRECTION ( 'NONE',  ( -1.885568995626964287E-17, 1.000000000000000000, -0.000000000000000000 ) ) ;
#3187 = CARTESIAN_POINT ( 'NONE',  ( -1.249999998749998342, 9.796875000614518214, 0.7216878357653442322 ) ) ;
#3188 = CARTESIAN_POINT ( 'NONE',  ( -0.5032151774999987781, 5.475000000000000533, 0.8715942545697901167 ) ) ;
#3189 = AXIS2_PLACEMENT_3D ( 'NONE', #5711, #792, #2595 ) ;
#3190 = CARTESIAN_POINT ( 'NONE',  ( 0.6249999993749988381, 7.303125000614516971, -1.082531753648015460 ) ) ;
#3191 = CARTESIAN_POINT ( 'NONE',  ( -1.249999998749998564, 0.6656250006145165710, -0.7216878357653433440 ) ) ;
#3192 = CARTESIAN_POINT ( 'NONE',  ( 1.249999998749998342, -0.8343749993854829849, -0.7216878357653438991 ) ) ;
#3193 = CARTESIAN_POINT ( 'NONE',  ( -0.2634828508014802617, 8.906250000000001776, -1.006430354999998666 ) ) ;
#3194 = ORIENTED_EDGE ( 'NONE', *, *, #1025, .F. ) ;
#3195 = CARTESIAN_POINT ( 'NONE',  ( 1.006430354999998666, 3.374999999999999556, 1.173230260442798796E-14 ) ) ;
#3196 = CARTESIAN_POINT ( 'NONE',  ( -2.811649211555608449E-16, 11.13750000000000107, -1.162125672759719563 ) ) ;
#3197 = CARTESIAN_POINT ( 'NONE',  ( -1.249999998749998564, 6.965625000614516615, -0.7216878357653433440 ) ) ;
#3198 = CARTESIAN_POINT ( 'NONE',  ( -1.249999998749998564, 5.653125000614516615, 0.000000000000000000 ) ) ;
#3199 = EDGE_CURVE ( 'NONE', #4795, #3616, #3232, .T. ) ;
#3200 = CARTESIAN_POINT ( 'NONE',  ( -0.5032151774999986671, 2.887500001229035274, 0.8715942545697901167 ) ) ;
#3201 = CARTESIAN_POINT ( 'NONE',  ( 0.6249999993749997262, 7.153125000614516615, 1.082531753648015238 ) ) ;
#3202 = CARTESIAN_POINT ( 'NONE',  ( 2.516617949410949213E-16, -2.024999998770963039, 1.162125672759719563 ) ) ;
#3203 = CARTESIAN_POINT ( 'NONE',  ( -1.249999998749999008, 8.821875000614516793, -0.7216878357653433440 ) ) ;
#3204 = CARTESIAN_POINT ( 'NONE',  ( -1.249999998749998564, 1.621875000614517059, -0.7216878357653433440 ) ) ;
#3205 = CARTESIAN_POINT ( 'NONE',  ( -3.381602377064073423E-16, 13.24687500061451750, -1.443375671530686910 ) ) ;
#3206 = CARTESIAN_POINT ( 'NONE',  ( -0.2381068755678866500, 11.28215891095885937, -1.004524529789647236 ) ) ;
#3207 = CARTESIAN_POINT ( 'NONE',  ( 1.249999998749998342, 11.31562500061451537, -0.7216878357653438991 ) ) ;
#3208 = ORIENTED_EDGE ( 'NONE', *, *, #5273, .F. ) ;
#3209 = CARTESIAN_POINT ( 'NONE',  ( -1.001748316925199944, 11.25643037283132664, 0.09696581355902179900 ) ) ;
#3210 = CARTESIAN_POINT ( 'NONE',  ( 0.5032151774999990002, 4.912500001229036073, -0.8715942545697897836 ) ) ;
#3211 = CARTESIAN_POINT ( 'NONE',  ( -0.6249999993749993932, 1.584375000614517859, -1.082531753648015460 ) ) ;
#3212 = CARTESIAN_POINT ( 'NONE',  ( -1.006430354999997778, 7.200000002497859874, 3.870437373471413196E-08 ) ) ;
#3213 = CARTESIAN_POINT ( 'NONE',  ( -1.006430354999998000, 6.862500003726882625, 3.870417428556779736E-08 ) ) ;
#3214 = CARTESIAN_POINT ( 'NONE',  ( 8.748785559776747065E-17, 9.421875000614518214, 1.443375671530686910 ) ) ;
#3215 = CARTESIAN_POINT ( 'NONE',  ( -1.006430354999998666, 5.400000000000000355, 0.000000000000000000 ) ) ;
#3216 = CARTESIAN_POINT ( 'NONE',  ( -1.249999998749998564, 6.965625000614516615, -0.7216878357653433440 ) ) ;
#3217 = CARTESIAN_POINT ( 'NONE',  ( -2.549999999999998490, -4.808200938848755418E-17, 0.000000000000000000 ) ) ;
#3218 = CARTESIAN_POINT ( 'NONE',  ( -1.001748316925199944, 11.25643037283132664, 0.09696581355902179900 ) ) ;
#3219 = CARTESIAN_POINT ( 'NONE',  ( -0.6249999993749992822, -1.171874999385482230, -1.082531753648015460 ) ) ;
#3220 = CARTESIAN_POINT ( 'NONE',  ( 1.006430354999998888, 5.606250000000000178, 0.2634828508014804838 ) ) ;
#3221 = EDGE_LOOP ( 'NONE', ( #3799, #5326, #3417, #1481 ) ) ;
#3222 = CARTESIAN_POINT ( 'NONE',  ( 0.8979642393405733447, 3.412500000000000977, -0.5253432182843931209 ) ) ;
#3223 = CARTESIAN_POINT ( 'NONE',  ( -0.5032151774999988891, 11.77500000000000036, 0.8715942545697901167 ) ) ;
#3224 = CARTESIAN_POINT ( 'NONE',  ( -0.6249999993749996152, 13.22812500061451502, -1.082531753648015460 ) ) ;
#3225 = CARTESIAN_POINT ( 'NONE',  ( 1.249999998749998342, 5.915625000614517681, -0.7216878357653438991 ) ) ;
#3226 = CARTESIAN_POINT ( 'NONE',  ( 1.479439115200569706E-16, 6.215625000614516615, 1.443375671530686910 ) ) ;
#3227 = EDGE_CURVE ( 'NONE', #664, #5808, #2327, .T. ) ;
#3228 = VECTOR ( 'NONE', #4170, 1000.000000000000000 ) ;
#3229 = FACE_OUTER_BOUND ( 'NONE', #5108, .T. ) ;
#3230 = CARTESIAN_POINT ( 'NONE',  ( 1.249999998749998564, 8.090625000614515727, 0.7216878357653431220 ) ) ;
#3231 = EDGE_CURVE ( 'NONE', #248, #982, #2810, .T. ) ;
#3232 = LINE ( 'NONE', #3737, #2900 ) ;
#3233 = CARTESIAN_POINT ( 'NONE',  ( 1.249999998749998342, 7.734375000614517326, -1.530808497403381346E-16 ) ) ;
#3234 = CARTESIAN_POINT ( 'NONE',  ( -1.249999998749998342, 0.7968750006145177700, 0.7216878357653442322 ) ) ;
#3235 = CARTESIAN_POINT ( 'NONE',  ( -0.6249999993749996152, 12.38437500061451679, -1.082531753648015460 ) ) ;
#3236 = LINE ( 'NONE', #917, #1846 ) ;
#3237 = CARTESIAN_POINT ( 'NONE',  ( 0.2634828508014802062, 1.931250000000001465, 1.006430354999998666 ) ) ;
#3238 = ORIENTED_EDGE ( 'NONE', *, *, #397, .F. ) ;
#3239 = CARTESIAN_POINT ( 'NONE',  ( 1.006430354999998666, 6.525000000000000355, 0.000000000000000000 ) ) ;
#3240 = CIRCLE ( 'NONE', #2474, 1.249999999999998890 ) ;
#3241 = CARTESIAN_POINT ( 'NONE',  ( -1.390401581333527140E-16, 3.600000001229034741, -1.162125672759719563 ) ) ;
#3242 = CARTESIAN_POINT ( 'NONE',  ( -1.514889071393379679E-16, 3.346875000614518036, -1.443375671530686910 ) ) ;
#3243 = CARTESIAN_POINT ( 'NONE',  ( -0.8979642393405734557, 4.012500000000001954, -0.5253432182843935649 ) ) ;
#3244 = CARTESIAN_POINT ( 'NONE',  ( -1.006430354999998222, 4.612499999224610292, -3.105860804094248348E-08 ) ) ;
#3245 = CARTESIAN_POINT ( 'NONE',  ( 1.129430370387315199E-16, 8.071875000614518569, 1.443375671530686910 ) ) ;
#3246 = CARTESIAN_POINT ( 'NONE',  ( 1.006430354999998444, 3.862500000000001155, -0.5810628363798602258 ) ) ;
#3247 = CARTESIAN_POINT ( 'NONE',  ( 0.6249999993749998373, 4.453125000614517326, 1.082531753648015238 ) ) ;
#3248 = CARTESIAN_POINT ( 'NONE',  ( 0.5032151774999991112, 1.312500001229035318, -0.8715942545697897836 ) ) ;
#3249 = CARTESIAN_POINT ( 'NONE',  ( -1.006430354999998444, 3.131249999999998757, -0.2634828508014804282 ) ) ;
#3250 = CARTESIAN_POINT ( 'NONE',  ( 0.5032151774999988891, 12.11250000122903359, -0.8715942545697897836 ) ) ;
#3251 = CARTESIAN_POINT ( 'NONE',  ( -1.006430354999998888, 10.46250000213503739, 1.403848034642431308E-08 ) ) ;
#3252 = ORIENTED_EDGE ( 'NONE', *, *, #1764, .F. ) ;
#3253 = CARTESIAN_POINT ( 'NONE',  ( 1.006430354999998666, 10.98750000000000071, 0.5810628363798594487 ) ) ;
#3254 = CARTESIAN_POINT ( 'NONE',  ( -1.249999998749998786, 10.60312500061451679, 0.000000000000000000 ) ) ;
#3255 = CARTESIAN_POINT ( 'NONE',  ( 0.6249999993749997262, 4.903125000614516615, 1.082531753648015238 ) ) ;
#3256 = CARTESIAN_POINT ( 'NONE',  ( -0.6249999993749993932, 2.878125000614517592, -1.082531753648015460 ) ) ;
#3257 = ORIENTED_EDGE ( 'NONE', *, *, #68, .T. ) ;
#3258 = FACE_OUTER_BOUND ( 'NONE', #5294, .T. ) ;
#3259 = ADVANCED_FACE ( 'NONE', ( #5541 ), #2843, .F. ) ;
#3260 = CARTESIAN_POINT ( 'NONE',  ( -1.249999998749999008, 8.765625000614516438, -0.7216878357653433440 ) ) ;
#3261 = AXIS2_PLACEMENT_3D ( 'NONE', #301, #4079, #1320 ) ;
#3262 = DIRECTION ( 'NONE',  ( -1.000000000000000000, 0.000000000000000000, 0.000000000000000000 ) ) ;
#3263 = ADVANCED_FACE ( 'NONE', ( #1487 ), #4673, .F. ) ;
#3264 = CARTESIAN_POINT ( 'NONE',  ( -2.363395119425512930E-16, 7.846875000614518036, -1.443375671530686910 ) ) ;
#3265 = CARTESIAN_POINT ( 'NONE',  ( -1.249999998749998342, 0.3468750006145188136, 0.7216878357653442322 ) ) ;
#3266 = CARTESIAN_POINT ( 'NONE',  ( -0.6249999993749996152, 13.28437500061451715, -1.082531753648015460 ) ) ;
#3267 = CARTESIAN_POINT ( 'NONE',  ( -0.9825310087118466207, 11.41170136637876098, -0.6199501978977548511 ) ) ;
#3268 = CARTESIAN_POINT ( 'NONE',  ( -0.2634828508014803172, 1.893750000000000711, 1.006430354999998888 ) ) ;
#3269 = ORIENTED_EDGE ( 'NONE', *, *, #2021, .T. ) ;
#3270 = CARTESIAN_POINT ( 'NONE',  ( -0.5032151774999994442, 2.287500001229035629, -0.8715942545697896726 ) ) ;
#3271 = CARTESIAN_POINT ( 'NONE',  ( -0.5032151774999995553, 4.537500001229036073, -0.8715942545697896726 ) ) ;
#3272 = CARTESIAN_POINT ( 'NONE',  ( -1.249999998749998564, 3.009375000614516793, 0.000000000000000000 ) ) ;
#3273 = ADVANCED_FACE ( 'NONE', ( #5600 ), #5293, .F. ) ;
#3274 = CARTESIAN_POINT ( 'NONE',  ( -0.9303040689084310921, 0.1838356013327536176, 0.5267775863683381576 ) ) ;
#3275 = CARTESIAN_POINT ( 'NONE',  ( 0.8979642393405733447, 8.362500000000000711, -0.5253432182843931209 ) ) ;
#3276 = CARTESIAN_POINT ( 'NONE',  ( 0.6249999993749988381, 8.709375000614517859, -1.082531753648015460 ) ) ;
#3277 = CARTESIAN_POINT ( 'NONE',  ( 1.006430354999998666, 3.825000000000000178, -1.232521712815482580E-16 ) ) ;
#3278 = CARTESIAN_POINT ( 'NONE',  ( -0.6249999993749983940, 3.928125000614516527, 1.082531753648015904 ) ) ;
#3279 = LINE ( 'NONE', #929, #2666 ) ;
#3280 = CARTESIAN_POINT ( 'NONE',  ( -1.006430354999998888, 11.50000000000000000, 0.000000000000000000 ) ) ;
#3281 = CYLINDRICAL_SURFACE ( 'NONE', #5471, 1.006430354999998666 ) ;
#3282 = CARTESIAN_POINT ( 'NONE',  ( 1.006430354999998444, 12.03750000122903607, -1.232521712815482580E-16 ) ) ;
#3283 = CARTESIAN_POINT ( 'NONE',  ( -1.006430354999998888, 7.218750000000000888, 0.2634828508014802617 ) ) ;
#3284 = ORIENTED_EDGE ( 'NONE', *, *, #2267, .F. ) ;
#3285 = CARTESIAN_POINT ( 'NONE',  ( 1.006430354999998666, 11.43750000000000000, 0.5810628363798594487 ) ) ;
#3286 = CARTESIAN_POINT ( 'NONE',  ( -2.946743027447605912E-16, 10.94062500061451537, -1.443375671530686910 ) ) ;
#3287 = CARTESIAN_POINT ( 'NONE',  ( 0.6249999993749998373, 4.453125000614517326, 1.082531753648015238 ) ) ;
#3288 = CARTESIAN_POINT ( 'NONE',  ( 1.988542744019850446E-16, 3.515625000614516882, 1.443375671530686910 ) ) ;
#3289 = ORIENTED_EDGE ( 'NONE', *, *, #3528, .F. ) ;
#3290 = DIRECTION ( 'NONE',  ( -1.885568995626964287E-17, 1.000000000000000000, -0.000000000000000000 ) ) ;
#3291 = CARTESIAN_POINT ( 'NONE',  ( -1.249999998749999008, 8.315625000614515372, -0.7216878357653433440 ) ) ;
#3292 = LINE ( 'NONE', #4223, #404 ) ;
#3293 = CARTESIAN_POINT ( 'NONE',  ( -0.6249999993749985050, 4.884375000614516793, 1.082531753648015904 ) ) ;
#3294 = CARTESIAN_POINT ( 'NONE',  ( -1.005785442574099433E-16, 0.6468750006145187470, -1.443375671530686910 ) ) ;
#3295 = CARTESIAN_POINT ( 'NONE',  ( 1.249999998749998564, 11.29687500061451644, 0.7216878357653431220 ) ) ;
#3296 = CARTESIAN_POINT ( 'NONE',  ( -1.106194999657635236, 11.44328546213348297, -0.4475087721286423736 ) ) ;
#3297 = ORIENTED_EDGE ( 'NONE', *, *, #4064, .F. ) ;
#3298 = CARTESIAN_POINT ( 'NONE',  ( -1.006430354999998666, 5.062500001229035540, 0.000000000000000000 ) ) ;
#3299 = SURFACE_SIDE_STYLE ('',( #4318 ) ) ;
#3300 = LINE ( 'NONE', #4349, #4296 ) ;
#3301 = CARTESIAN_POINT ( 'NONE',  ( 1.006430354999998666, 7.950000001229036606, 0.5810628363798593377 ) ) ;
#3302 = CARTESIAN_POINT ( 'NONE',  ( 1.249999998749998564, 6.384375000614517681, -1.530808497403381346E-16 ) ) ;
#3303 = CARTESIAN_POINT ( 'NONE',  ( -0.5032151774999987781, 5.025000000000000355, 0.8715942545697901167 ) ) ;
#3304 = CARTESIAN_POINT ( 'NONE',  ( 0.6249999993749989491, 3.253125000614516260, -1.082531753648015460 ) ) ;
#3305 = CARTESIAN_POINT ( 'NONE',  ( 1.006430354999998666, 1.237500001229036695, 0.000000000000000000 ) ) ;
#3306 = CARTESIAN_POINT ( 'NONE',  ( -0.8979642393405731227, 1.312499999999999556, -0.5253432182843935649 ) ) ;
#3307 = CARTESIAN_POINT ( 'NONE',  ( -0.5491854100363167124, 11.29920496732991708, 0.9042565663957607969 ) ) ;
#3308 = EDGE_CURVE ( 'NONE', #3407, #4546, #4316, .T. ) ;
#3309 = CARTESIAN_POINT ( 'NONE',  ( 1.006430354999998000, 11.17500000122903536, -0.5810628363798602258 ) ) ;
#3310 = CARTESIAN_POINT ( 'NONE',  ( -2.168404344971008868E-16, 11.50000000000000000, 0.000000000000000000 ) ) ;
#3311 = CARTESIAN_POINT ( 'NONE',  ( 1.006430354999998444, 11.50000000000000000, 1.232521712815482580E-16 ) ) ;
#3312 = CARTESIAN_POINT ( 'NONE',  ( -1.006430354999998444, 10.83750000000000036, 0.5810628363798603369 ) ) ;
#3313 = CARTESIAN_POINT ( 'NONE',  ( -0.6249999993749996152, 11.42812500061451608, -1.082531753648015460 ) ) ;
#3314 = EDGE_LOOP ( 'NONE', ( #5446, #1511, #4981, #3082 ) ) ;
#3315 = CARTESIAN_POINT ( 'NONE',  ( 1.249999998749998342, 5.465625000614517504, -0.7216878357653438991 ) ) ;
#3316 = CARTESIAN_POINT ( 'NONE',  ( -1.249999998749998342, 2.990625000614516971, 0.7216878357653442322 ) ) ;
#3317 = EDGE_LOOP ( 'NONE', ( #4880, #2445, #2699, #4228 ) ) ;
#3318 = CARTESIAN_POINT ( 'NONE',  ( -0.8979642393405733447, 8.587500000000003908, 0.5253432182843934539 ) ) ;
#3319 = CARTESIAN_POINT ( 'NONE',  ( 1.055186091184502958E-16, 8.465625000614515727, 1.443375671530686910 ) ) ;
#3320 = B_SPLINE_CURVE_WITH_KNOTS ( 'NONE', 3,
 ( #5247, #4324, #749, #5671, #3906, #2048, #2973, #5727, #4743, #1140 ),
 .UNSPECIFIED., .F., .F.,
 ( 4, 2, 2, 2, 4 ),
 ( 0.000000000000000000, 0.1250000000000000278, 0.2500000000000000555, 0.3750000000000000000, 0.5000000000000000000 ),
 .UNSPECIFIED. ) ;
#3321 = CARTESIAN_POINT ( 'NONE',  ( -1.249999998749998564, 6.121875000614517504, -0.7216878357653433440 ) ) ;
#3322 = CARTESIAN_POINT ( 'NONE',  ( 1.249999998749998564, 1.434375000614518836, -1.530808497403381346E-16 ) ) ;
#3323 = CARTESIAN_POINT ( 'NONE',  ( -0.6697836281827179716, 11.35070362928670562, -0.8734956503331443578 ) ) ;
#3324 = ORIENTED_EDGE ( 'NONE', *, *, #5395, .T. ) ;
#3325 = CARTESIAN_POINT ( 'NONE',  ( 0.3833043464892155194, 0.2535641496014203744, 0.9408248051326174588 ) ) ;
#3326 = CARTESIAN_POINT ( 'NONE',  ( -1.006430354999998666, 3.712500001229036339, 0.000000000000000000 ) ) ;
#3327 = CARTESIAN_POINT ( 'NONE',  ( -0.6249999993749983940, 0.8343750006145171927, 1.082531753648015904 ) ) ;
#3328 = CARTESIAN_POINT ( 'NONE',  ( 1.006430354999998444, 11.50000000000000000, 1.232521712815482580E-16 ) ) ;
#3329 = CARTESIAN_POINT ( 'NONE',  ( -1.006430354999998666, 3.262500001709372821, 7.442831991992095352E-09 ) ) ;
#3330 = CARTESIAN_POINT ( 'NONE',  ( 1.044579765584101455E-16, 8.521875000614516082, 1.443375671530686910 ) ) ;
#3331 =( BOUNDED_CURVE ( )  B_SPLINE_CURVE ( 2, ( #3657, #5548, #4134, #440, #5095, #1951, #4648 ),
 .UNSPECIFIED., .F., .T. ) 
 B_SPLINE_CURVE_WITH_KNOTS ( ( 3, 2, 2, 3 ),
 ( 0.7113021409371574899, 0.7161409310115600668, 0.7209797210859624217, 0.7258185109786239320 ),
 .UNSPECIFIED. ) 
 CURVE ( )  GEOMETRIC_REPRESENTATION_ITEM ( )  RATIONAL_B_SPLINE_CURVE ( ( 1.000000000000000000, 0.8660254037844387076, 1.000000000000000000, 0.8660254037844387076, 1.000000000000000000, 0.8660254037844387076, 1.000000000000000000 ) ) 
 REPRESENTATION_ITEM ( '' )  );
#3332 = CARTESIAN_POINT ( 'NONE',  ( 1.006430354999998666, 2.025000000000000799, -1.232521712815482580E-16 ) ) ;
#3333 = CARTESIAN_POINT ( 'NONE',  ( -1.249999998749998342, 3.440625000614516704, 0.7216878357653442322 ) ) ;
#3334 = LINE ( 'NONE', #1930, #3920 ) ;
#3335 = DIRECTION ( 'NONE',  ( -1.885568995626964287E-17, 1.000000000000000000, -0.000000000000000000 ) ) ;
#3336 = LINE ( 'NONE', #4716, #4117 ) ;
#3337 = ADVANCED_FACE ( 'NONE', ( #3531 ), #4425, .F. ) ;
#3338 = CARTESIAN_POINT ( 'NONE',  ( 0.5032151774999995553, 12.41250000122903430, 0.8715942545697895616 ) ) ;
#3339 = B_SPLINE_CURVE_WITH_KNOTS ( 'NONE', 3,
 ( #1832, #1892, #4653, #1016, #1409, #4138, #562, #3275, #4232, #5609 ),
 .UNSPECIFIED., .F., .F.,
 ( 4, 2, 2, 2, 4 ),
 ( 0.000000000000000000, 0.1250000000000000000, 0.2500000000000000000, 0.3750000000000000000, 0.5000000000000000000 ),
 .UNSPECIFIED. ) ;
#3340 = CARTESIAN_POINT ( 'NONE',  ( -1.249999998749998342, 7.996875000614517504, 0.7216878357653442322 ) ) ;
#3341 = CARTESIAN_POINT ( 'NONE',  ( 0.5253432182843931209, 7.349999999999997868, 0.8979642393405733447 ) ) ;
#3342 = VERTEX_POINT ( 'NONE', #2986 ) ;
#3343 = CARTESIAN_POINT ( 'NONE',  ( 0.5032151774999996663, 9.600000000000001421, 0.8715942545697895616 ) ) ;
#3344 = CARTESIAN_POINT ( 'NONE',  ( 1.249999998749998342, 11.27812500061451573, -1.530808497403381346E-16 ) ) ;
#3345 = ORIENTED_EDGE ( 'NONE', *, *, #1909, .F. ) ;
#3346 = CARTESIAN_POINT ( 'NONE',  ( -0.6249999993749985050, 5.278125000614516615, 1.082531753648015904 ) ) ;
#3347 = CARTESIAN_POINT ( 'NONE',  ( -0.6249999993749983940, 3.028125000614516615, 1.082531753648015904 ) ) ;
#3348 = ORIENTED_EDGE ( 'NONE', *, *, #5532, .T. ) ;
#3349 = FACE_OUTER_BOUND ( 'NONE', #3985, .T. ) ;
#3350 = CARTESIAN_POINT ( 'NONE',  ( 1.249999998749998342, 5.971875000614517148, -0.7216878357653438991 ) ) ;
#3351 = VECTOR ( 'NONE', #4955, 1000.000000000000000 ) ;
#3352 = CARTESIAN_POINT ( 'NONE',  ( -1.249999998749998342, -0.6093749993854835623, 0.7216878357653442322 ) ) ;
#3353 = CARTESIAN_POINT ( 'NONE',  ( 2.571890652041942441E-16, 0.4218750006145174369, 1.443375671530686910 ) ) ;
#3354 = CARTESIAN_POINT ( 'NONE',  ( -1.190026813680081119, 11.47083524356619932, -0.2726445276152976716 ) ) ;
#3355 = ORIENTED_EDGE ( 'NONE', *, *, #581, .T. ) ;
#3356 = CARTESIAN_POINT ( 'NONE',  ( -1.249999998749998786, 9.309375000614517504, 0.000000000000000000 ) ) ;
#3357 = CARTESIAN_POINT ( 'NONE',  ( -0.5032151774999994442, 1.837500001229036561, -0.8715942545697896726 ) ) ;
#3358 = CARTESIAN_POINT ( 'NONE',  ( 1.249999998749999008, 1.396875000614517637, 0.7216878357653431220 ) ) ;
#3359 = CARTESIAN_POINT ( 'NONE',  ( -1.249999998749999008, 13.32187500061451679, -0.7216878357653433440 ) ) ;
#3360 = CARTESIAN_POINT ( 'NONE',  ( 0.6399626028312939141, 0.06347708797770690303, -1.010495374993977125 ) ) ;
#3361 = CARTESIAN_POINT ( 'NONE',  ( 0.6249999993749988381, 8.259375000614518569, -1.082531753648015460 ) ) ;
#3362 = CARTESIAN_POINT ( 'NONE',  ( 1.006430354999998444, 2.962500000000001688, -0.5810628363798602258 ) ) ;
#3363 = CARTESIAN_POINT ( 'NONE',  ( -1.843685165005831428E-16, 5.090625000614516615, -1.443375671530686910 ) ) ;
#3364 = CARTESIAN_POINT ( 'NONE',  ( -0.6249999993749992822, -2.071874999385482141, -1.082531753648015460 ) ) ;
#3365 = CARTESIAN_POINT ( 'NONE',  ( 1.006430354999998666, 6.637500001229035718, 0.000000000000000000 ) ) ;
#3366 = VECTOR ( 'NONE', #2585, 1000.000000000000000 ) ;
#3367 = CARTESIAN_POINT ( 'NONE',  ( 5.650540389370417250E-17, 8.325000001229035718, 1.162125672759719563 ) ) ;
#3368 = CARTESIAN_POINT ( 'NONE',  ( 1.249999998749998342, 8.634375000614518569, -1.530808497403381346E-16 ) ) ;
#3369 = CARTESIAN_POINT ( 'NONE',  ( -0.5253432182843933429, 6.225000000000000533, -0.8979642393405734557 ) ) ;
#3370 =( BOUNDED_CURVE ( )  B_SPLINE_CURVE ( 2, ( #5073, #5132, #4176, #1502, #964, #1021, #2859 ),
 .UNSPECIFIED., .F., .T. ) 
 B_SPLINE_CURVE_WITH_KNOTS ( ( 3, 2, 2, 3 ),
 ( 0.4209747364730116459, 0.4258135265474140563, 0.4306523166218164667, 0.4354911067414281578 ),
 .UNSPECIFIED. ) 
 CURVE ( )  GEOMETRIC_REPRESENTATION_ITEM ( )  RATIONAL_B_SPLINE_CURVE ( ( 1.000000000000000000, 0.8660254037844387076, 1.000000000000000000, 0.8660254037844387076, 1.000000000000000000, 0.8660254037844387076, 1.000000000000000000 ) ) 
 REPRESENTATION_ITEM ( '' )  );
#3371 = DIRECTION ( 'NONE',  ( -1.885568995626964287E-17, 1.000000000000000000, -0.000000000000000000 ) ) ;
#3372 = CARTESIAN_POINT ( 'NONE',  ( 0.5032151774999990002, 9.750000000000000000, -0.8715942545697897836 ) ) ;
#3373 = CARTESIAN_POINT ( 'NONE',  ( 1.249999998749998564, 10.34062500061451573, 0.7216878357653431220 ) ) ;
#3374 = B_SPLINE_CURVE_WITH_KNOTS ( 'NONE', 3,
 ( #3209, #1010, #113, #983 ),
 .UNSPECIFIED., .F., .F.,
 ( 4, 4 ),
 ( 0.000000000000000000, 1.000000000000000000 ),
 .UNSPECIFIED. ) ;
#3375 = ORIENTED_EDGE ( 'NONE', *, *, #2870, .F. ) ;
#3376 = CARTESIAN_POINT ( 'NONE',  ( 1.249999998749998564, 3.628125000614516704, -1.530808497403381346E-16 ) ) ;
#3377 = CARTESIAN_POINT ( 'NONE',  ( -0.6249999993749993932, 2.428125000614516971, -1.082531753648015460 ) ) ;
#3378 = ORIENTED_EDGE ( 'NONE', *, *, #5838, .F. ) ;
#3379 = CARTESIAN_POINT ( 'NONE',  ( 0.2634828508014803172, 4.818750000000002309, -1.006430354999998666 ) ) ;
#3380 = AXIS2_PLACEMENT_3D ( 'NONE', #4641, #1946, #3771 ) ;
#3381 = CARTESIAN_POINT ( 'NONE',  ( 5.460824623652226495E-17, 11.16562500061451679, 1.443375671530686910 ) ) ;
#3382 = CARTESIAN_POINT ( 'NONE',  ( -2.023992700212659679E-16, 6.046875000614517326, -1.443375671530686910 ) ) ;
#3383 = CARTESIAN_POINT ( 'NONE',  ( -0.6249999993749992822, -1.621874999385482852, -1.082531753648015460 ) ) ;
#3384 = CARTESIAN_POINT ( 'NONE',  ( 2.996143676058009437E-16, -1.828124999385481342, 1.443375671530686910 ) ) ;
#3385 = CARTESIAN_POINT ( 'NONE',  ( 0.6249999993749987270, 12.25312500061451537, -1.082531753648015460 ) ) ;
#3386 = ORIENTED_EDGE ( 'NONE', *, *, #37, .T. ) ;
#3387 = CARTESIAN_POINT ( 'NONE',  ( -1.249999998749999008, 11.07187500061451679, -0.7216878357653433440 ) ) ;
#3388 = CARTESIAN_POINT ( 'NONE',  ( 1.006430354999998888, 1.200000001229035496, 0.5810628363798594487 ) ) ;
#3389 = CARTESIAN_POINT ( 'NONE',  ( -1.249999998749998564, 1.171875000614518214, -0.7216878357653433440 ) ) ;
#3390 = DIRECTION ( 'NONE',  ( -1.885568995626964287E-17, 1.000000000000000000, -0.000000000000000000 ) ) ;
#3391 = CARTESIAN_POINT ( 'NONE',  ( -0.2634828508014800952, 7.556250000000000355, -1.006430354999998666 ) ) ;
#3392 = CARTESIAN_POINT ( 'NONE',  ( -0.6249999993749985050, 5.784375000614517148, 1.082531753648015904 ) ) ;
#3393 = CARTESIAN_POINT ( 'NONE',  ( -1.006430354999998666, 2.212500000000000799, -0.5810628363798596707 ) ) ;
#3394 = CARTESIAN_POINT ( 'NONE',  ( -1.249999998749998342, 2.090625000614517504, 0.7216878357653442322 ) ) ;
#3395 = CARTESIAN_POINT ( 'NONE',  ( -0.4578488013801140233, 11.48397532166054980, -1.151747754671218482 ) ) ;
#3396 = CARTESIAN_POINT ( 'NONE',  ( -1.006430354999998888, 11.50000000000000000, 0.000000000000000000 ) ) ;
#3397 = CARTESIAN_POINT ( 'NONE',  ( 0.8979642393405733447, 9.712500000000000355, -0.5253432182843931209 ) ) ;
#3398 = CARTESIAN_POINT ( 'NONE',  ( -0.5032151774999987781, 8.737500001229037139, 0.8715942545697901167 ) ) ;
#3399 = CARTESIAN_POINT ( 'NONE',  ( -0.6249999993749995042, 6.534375000614517148, -1.082531753648015460 ) ) ;
#3400 = CARTESIAN_POINT ( 'NONE',  ( -2.168404344971008868E-16, 11.50000000000000000, 0.000000000000000000 ) ) ;
#3401 = ORIENTED_EDGE ( 'NONE', *, *, #1234, .F. ) ;
#3402 = CARTESIAN_POINT ( 'NONE',  ( -1.006430354999998888, 8.062500000000000000, -0.5810628363798596707 ) ) ;
#3403 = CARTESIAN_POINT ( 'NONE',  ( -1.249999998749998342, 9.290625000614515017, 0.7216878357653442322 ) ) ;
#3404 = ORIENTED_EDGE ( 'NONE', *, *, #74, .T. ) ;
#3405 = CARTESIAN_POINT ( 'NONE',  ( 0.6249999993749989491, 1.453125000614516660, -1.082531753648015460 ) ) ;
#3406 = CARTESIAN_POINT ( 'NONE',  ( -1.249999998749998564, 1.565625000614516482, -0.7216878357653433440 ) ) ;
#3407 = VERTEX_POINT ( 'NONE', #4339 ) ;
#3408 = CARTESIAN_POINT ( 'NONE',  ( -1.749999999999999778, 10.09999999999999964, 0.000000000000000000 ) ) ;
#3409 = CARTESIAN_POINT ( 'NONE',  ( 0.8979642393405733447, 1.087500000000000355, 0.5253432182843933429 ) ) ;
#3410 = EDGE_CURVE ( 'NONE', #248, #5166, #5390, .T. ) ;
#3411 = CARTESIAN_POINT ( 'NONE',  ( 1.249999998749998342, 10.41562500061451679, -0.7216878357653438991 ) ) ;
#3412 = EDGE_CURVE ( 'NONE', #3470, #4214, #4876, .T. ) ;
#3413 = CARTESIAN_POINT ( 'NONE',  ( -1.249999998749998564, 5.259375000614517681, 0.000000000000000000 ) ) ;
#3414 = CARTESIAN_POINT ( 'NONE',  ( 0.6249999993749998373, -0.04687499938548292389, 1.082531753648015238 ) ) ;
#3415 = CARTESIAN_POINT ( 'NONE',  ( -1.006430354999998888, 9.468750000000001776, 0.2634828508014802617 ) ) ;
#3416 = CARTESIAN_POINT ( 'NONE',  ( 1.249999998749998564, 12.14062500061451644, 0.7216878357653431220 ) ) ;
#3417 = ORIENTED_EDGE ( 'NONE', *, *, #4159, .T. ) ;
#3418 = CARTESIAN_POINT ( 'NONE',  ( -0.6249999993749995042, 9.684375000614517504, -1.082531753648015460 ) ) ;
#3419 = CARTESIAN_POINT ( 'NONE',  ( 1.006430354999998444, 1.725000001229034963, -0.5810628363798602258 ) ) ;
#3420 = CARTESIAN_POINT ( 'NONE',  ( 0.6249999993749996152, 12.15937500061451715, 1.082531753648015238 ) ) ;
#3421 = CONICAL_SURFACE ( 'NONE', #2956, 1.249999999999998890, 0.7853981633974549403 ) ;
#3422 = CARTESIAN_POINT ( 'NONE',  ( -0.6249999993749995042, 5.184375000614516615, -1.082531753648015460 ) ) ;
#3423 = CARTESIAN_POINT ( 'NONE',  ( -1.006430354999998000, 2.287500000000001421, 0.5810628363798603369 ) ) ;
#3424 = CARTESIAN_POINT ( 'NONE',  ( -1.249999998749998564, 1.153125000614516837, 0.000000000000000000 ) ) ;
#3425 = CARTESIAN_POINT ( 'NONE',  ( 0.2634828508014802062, 10.21874999999999822, -1.006430354999998666 ) ) ;
#3426 = CARTESIAN_POINT ( 'NONE',  ( 0.5032151774999996663, 6.112500001229036251, 0.8715942545697895616 ) ) ;
#3427 = CARTESIAN_POINT ( 'NONE',  ( 0.2634828508014802062, 9.768749999999997158, -1.006430354999998666 ) ) ;
#3428 = CARTESIAN_POINT ( 'NONE',  ( -1.006430354999998888, 9.525000001229033231, -0.5810628363798596707 ) ) ;
#3429 = CARTESIAN_POINT ( 'NONE',  ( 1.249999998749999008, 6.346875000614517148, 0.7216878357653431220 ) ) ;
#3430 = CARTESIAN_POINT ( 'NONE',  ( -1.006430354999998888, 13.50000000000000000, 0.000000000000000000 ) ) ;
#3431 = DIRECTION ( 'NONE',  ( -1.000000000000000000, 0.000000000000000000, 0.000000000000000000 ) ) ;
#3432 = CARTESIAN_POINT ( 'NONE',  ( 1.006430354999998444, 9.674999999999998934, -1.232521712815482580E-16 ) ) ;
#3433 = CARTESIAN_POINT ( 'NONE',  ( -0.6249999993749985050, 9.328125000614516438, 1.082531753648015904 ) ) ;
#3434 = ORIENTED_EDGE ( 'NONE', *, *, #1759, .T. ) ;
#3435 = CARTESIAN_POINT ( 'NONE',  ( 2.158243953626277195E-16, 2.615625000614516971, 1.443375671530686910 ) ) ;
#3436 = CARTESIAN_POINT ( 'NONE',  ( 2.497646372839130446E-16, 0.8156250006145175924, 1.443375671530686910 ) ) ;
#3437 = ORIENTED_EDGE ( 'NONE', *, *, #2577, .F. ) ;
#3438 = CARTESIAN_POINT ( 'NONE',  ( -1.006430354999998666, 1.799999999771100256, -3.546827598927089570E-09 ) ) ;
#3439 = VECTOR ( 'NONE', #3837, 1000.000000000000000 ) ;
#3440 = ORIENTED_EDGE ( 'NONE', *, *, #3054, .F. ) ;
#3441 = CARTESIAN_POINT ( 'NONE',  ( -0.2634828508014803727, 0.9937500000000015765, 1.006430354999998888 ) ) ;
#3442 = CARTESIAN_POINT ( 'NONE',  ( 1.249999998749998564, 9.440625000614517148, 0.7216878357653431220 ) ) ;
#3443 = VERTEX_POINT ( 'NONE', #3499 ) ;
#3444 = CARTESIAN_POINT ( 'NONE',  ( 1.249999998749998564, 3.234375000614518214, -1.530808497403381346E-16 ) ) ;
#3445 = CARTESIAN_POINT ( 'NONE',  ( -0.6249999993749993932, -0.7218749993854831626, -1.082531753648015460 ) ) ;
#3446 = CARTESIAN_POINT ( 'NONE',  ( -1.249999998749998564, -1.078124999385482008, -0.7216878357653433440 ) ) ;
#3447 = CARTESIAN_POINT ( 'NONE',  ( -1.248591891794798459, 11.50000000000000000, -0.05931514167728751952 ) ) ;
#3448 = CARTESIAN_POINT ( 'NONE',  ( -0.6249999993749986160, 11.18437500061451750, 1.082531753648015904 ) ) ;
#3449 = CARTESIAN_POINT ( 'NONE',  ( 1.006430354999998888, 2.100000001229035629, 0.5810628363798594487 ) ) ;
#3450 = CARTESIAN_POINT ( 'NONE',  ( 0.6249999993749987270, 11.40937500061451715, -1.082531753648015460 ) ) ;
#3451 = CARTESIAN_POINT ( 'NONE',  ( 1.893085813616235199E-16, 4.021875000614517859, 1.443375671530686910 ) ) ;
#3452 = CARTESIAN_POINT ( 'NONE',  ( -0.5032151774999994442, 0.8250000000000010658, -0.8715942545697896726 ) ) ;
#3453 = CARTESIAN_POINT ( 'NONE',  ( -1.334581536186551182E-16, 2.390625000614517770, -1.443375671530686910 ) ) ;
#3454 = CARTESIAN_POINT ( 'NONE',  ( -0.6680794401035469177, 11.49191403961775393, -1.053307479230140009 ) ) ;
#3455 = CARTESIAN_POINT ( 'NONE',  ( 1.006430354999998666, 3.487500001229035362, 0.000000000000000000 ) ) ;
#3456 = CARTESIAN_POINT ( 'NONE',  ( -1.006430354999998666, 6.375000001229035540, -0.5810628363798595597 ) ) ;
#3457 = EDGE_CURVE ( 'NONE', #4395, #953, #4847, .T. ) ;
#3458 = CARTESIAN_POINT ( 'NONE',  ( 1.006430354999998000, 9.825000001229033941, -0.5810628363798602258 ) ) ;
#3459 = CARTESIAN_POINT ( 'NONE',  ( 0.6249999993749988381, 7.359375000614517326, -1.082531753648015460 ) ) ;
#3460 = CARTESIAN_POINT ( 'NONE',  ( 1.006430354999998444, 8.437500001229034652, 0.000000000000000000 ) ) ;
#3461 = CARTESIAN_POINT ( 'NONE',  ( -1.006430355045395242, 2.400000001225652824, 0.5810628363536505248 ) ) ;
#3462 = CARTESIAN_POINT ( 'NONE',  ( -1.006430354999998888, 8.550000000000000711, 0.000000000000000000 ) ) ;
#3463 = CARTESIAN_POINT ( 'NONE',  ( -1.249999998749999008, 10.11562500061451608, -0.7216878357653433440 ) ) ;
#3464 = VECTOR ( 'NONE', #4542, 1000.000000000000000 ) ;
#3465 = VERTEX_POINT ( 'NONE', #1669 ) ;
#3466 = CARTESIAN_POINT ( 'NONE',  ( 1.249999998749998564, 2.728125000614516793, -1.530808497403381346E-16 ) ) ;
#3467 = CARTESIAN_POINT ( 'NONE',  ( 0.6249999993749989491, 1.003125000614517592, -1.082531753648015460 ) ) ;
#3468 = ORIENTED_EDGE ( 'NONE', *, *, #4219, .T. ) ;
#3469 = CARTESIAN_POINT ( 'NONE',  ( -1.006430354999998666, 2.268750000000000266, 0.2634828508014802617 ) ) ;
#3470 = VERTEX_POINT ( 'NONE', #3438 ) ;
#3471 = CARTESIAN_POINT ( 'NONE',  ( -1.006430354999998222, 1.500000001229035540, 0.5810628363798603369 ) ) ;
#3472 = CARTESIAN_POINT ( 'NONE',  ( -0.6249999993749995042, 9.178125000614517859, -1.082531753648015460 ) ) ;
#3473 = ORIENTED_EDGE ( 'NONE', *, *, #2391, .F. ) ;
#3474 = CARTESIAN_POINT ( 'NONE',  ( 1.249999998749999008, 2.296875000614517770, 0.7216878357653431220 ) ) ;
#3475 = CARTESIAN_POINT ( 'NONE',  ( 2.667347582445557441E-16, -0.08437499938548226330, 1.443375671530686910 ) ) ;
#3476 = CARTESIAN_POINT ( 'NONE',  ( 1.006430354999998666, 3.806250000000000799, 0.2634828508014803172 ) ) ;
#3477 = CARTESIAN_POINT ( 'NONE',  ( -0.6249999993749986160, 12.92812500061451608, 1.082531753648015904 ) ) ;
#3478 = CARTESIAN_POINT ( 'NONE',  ( 1.249999998749998342, 9.534375000614517148, -1.530808497403381346E-16 ) ) ;
#3479 = CARTESIAN_POINT ( 'NONE',  ( 1.006430354999998888, 0.7500000012290365392, 0.5810628363798594487 ) ) ;
#3480 = CARTESIAN_POINT ( 'NONE',  ( 0.6249999993749997262, 9.459375000614517859, 1.082531753648015238 ) ) ;
#3481 = CARTESIAN_POINT ( 'NONE',  ( -1.249999998749998342, 6.196875000614517681, 0.7216878357653442322 ) ) ;
#3482 = CARTESIAN_POINT ( 'NONE',  ( -7.752346962784870930E-17, 0.3375000000000009659, -1.162125672759719563 ) ) ;
#3483 = CARTESIAN_POINT ( 'NONE',  ( -1.249999998749998564, 2.953125000614516438, 0.000000000000000000 ) ) ;
#3484 = CARTESIAN_POINT ( 'NONE',  ( 1.006430354999998666, 3.487500001229035362, 0.000000000000000000 ) ) ;
#3485 = CARTESIAN_POINT ( 'NONE',  ( 1.006430354999998888, 0.6937500000000020872, -0.2634828508014801507 ) ) ;
#3486 = CARTESIAN_POINT ( 'NONE',  ( -2.168404344971008868E-16, 11.50000000000000000, 0.000000000000000000 ) ) ;
#3487 = CARTESIAN_POINT ( 'NONE',  ( -1.006430354999998888, 7.762500001229035718, 0.000000000000000000 ) ) ;
#3488 = CARTESIAN_POINT ( 'NONE',  ( 1.638533999206595199E-16, 5.371875000614516615, 1.443375671530686910 ) ) ;
#3489 = CARTESIAN_POINT ( 'NONE',  ( -0.6249999993749993932, 0.2343750006145173259, -1.082531753648015460 ) ) ;
#3490 = DIRECTION ( 'NONE',  ( -1.885568995626964287E-17, 1.000000000000000000, -0.000000000000000000 ) ) ;
#3491 = LINE ( 'NONE', #2054, #2358 ) ;
#3492 = CARTESIAN_POINT ( 'NONE',  ( -1.006430354999998666, 6.712500000000001243, -0.5810628363798596707 ) ) ;
#3493 = CARTESIAN_POINT ( 'NONE',  ( -0.6249999993749985050, 9.778125000614517504, 1.082531753648015904 ) ) ;
#3494 = EDGE_CURVE ( 'NONE', #3833, #2057, #880, .T. ) ;
#3495 = VERTEX_POINT ( 'NONE', #2568 ) ;
#3496 = CARTESIAN_POINT ( 'NONE',  ( 0.6249999993749989491, 2.353125000614516349, -1.082531753648015460 ) ) ;
#3497 = CARTESIAN_POINT ( 'NONE',  ( -9.103285121704838165E-17, 0.1406250006145172426, -1.443375671530686910 ) ) ;
#3498 = ORIENTED_EDGE ( 'NONE', *, *, #5429, .F. ) ;
#3499 = CARTESIAN_POINT ( 'NONE',  ( 1.050366606809246539, 0.1996333931907488812, -6.431640514801049258E-17 ) ) ;
#3500 = EDGE_LOOP ( 'NONE', ( #3630, #5738, #2738, #3744 ) ) ;
#3501 = FACE_OUTER_BOUND ( 'NONE', #103, .T. ) ;
#3502 = CARTESIAN_POINT ( 'NONE',  ( 0.6249999993749997262, 8.503125000614515372, 1.082531753648015238 ) ) ;
#3503 = EDGE_LOOP ( 'NONE', ( #3297, #5144, #1133, #2318, #3324, #1818 ) ) ;
#3504 = CARTESIAN_POINT ( 'NONE',  ( 0.6249999993749989491, 1.509375000614517459, -1.082531753648015460 ) ) ;
#3505 = CARTESIAN_POINT ( 'NONE',  ( -1.006430354999998444, 8.662500003196830889, 3.049101683474432230E-08 ) ) ;
#3506 = CARTESIAN_POINT ( 'NONE',  ( -0.6249999993749983940, 3.984375000614517326, 1.082531753648015904 ) ) ;
#3507 = CARTESIAN_POINT ( 'NONE',  ( 1.249999998749999008, -0.8531249993854825853, 0.7216878357653431220 ) ) ;
#3508 = CARTESIAN_POINT ( 'NONE',  ( -0.6249999993749983940, -0.9656249993854824076, 1.082531753648015904 ) ) ;
#3509 = CARTESIAN_POINT ( 'NONE',  ( -1.249999998749998342, 10.19062500061451892, 0.7216878357653442322 ) ) ;
#3510 = CARTESIAN_POINT ( 'NONE',  ( 1.249999998749998342, 9.121875000614517504, -0.7216878357653438991 ) ) ;
#3511 = CARTESIAN_POINT ( 'NONE',  ( 0.5032151774999992222, -1.387499998770963971, -0.8715942545697897836 ) ) ;
#3512 = CARTESIAN_POINT ( 'NONE',  ( -0.6249999993749986160, 11.18437500061451750, 1.082531753648015904 ) ) ;
#3513 = CARTESIAN_POINT ( 'NONE',  ( -1.249999998749998342, 4.846875000614517148, 0.7216878357653442322 ) ) ;
#3514 = CARTESIAN_POINT ( 'NONE',  ( -5.206828818688470314E-17, -1.012499999999999512, -1.162125672759719563 ) ) ;
#3515 = CARTESIAN_POINT ( 'NONE',  ( -1.249999998749998342, 1.190625000614517592, 0.7216878357653442322 ) ) ;
#3516 = DIRECTION ( 'NONE',  ( -1.885568995626964287E-17, 1.000000000000000000, -0.000000000000000000 ) ) ;
#3517 = CARTESIAN_POINT ( 'NONE',  ( -1.006430354999998222, 4.949999997994740220, -3.107154877082220677E-08 ) ) ;
#3518 = FACE_OUTER_BOUND ( 'NONE', #5049, .T. ) ;
#3519 = CARTESIAN_POINT ( 'NONE',  ( -1.006430354999998666, 6.375000001229035540, -0.5810628363798596707 ) ) ;
#3520 = CARTESIAN_POINT ( 'NONE',  ( 1.249999998749998564, 5.934375000614517504, -1.530808497403381346E-16 ) ) ;
#3521 = AXIS2_PLACEMENT_3D ( 'NONE', #959, #3661, #5490 ) ;
#3522 = CARTESIAN_POINT ( 'NONE',  ( -1.249999998749998564, 0.3093750006145177256, 0.000000000000000000 ) ) ;
#3523 = LINE ( 'NONE', #1719, #4492 ) ;
#3524 = CARTESIAN_POINT ( 'NONE',  ( -0.5032151774999987781, 6.937500001229035540, 0.8715942545697901167 ) ) ;
#3525 = CARTESIAN_POINT ( 'NONE',  ( -0.5032151774999995553, 5.775000000000000355, -0.8715942545697896726 ) ) ;
#3526 = CARTESIAN_POINT ( 'NONE',  ( -1.249999998749998786, 9.253125000614517148, 0.000000000000000000 ) ) ;
#3527 = CARTESIAN_POINT ( 'NONE',  ( 1.249999998749999008, 2.690625000614517592, 0.7216878357653431220 ) ) ;
#3528 = EDGE_CURVE ( 'NONE', #4748, #4819, #230, .T. ) ;
#3529 = CARTESIAN_POINT ( 'NONE',  ( 1.249999998749999008, -0.4593749993854825409, 0.7216878357653431220 ) ) ;
#3530 = ADVANCED_FACE ( 'NONE', ( #2061 ), #4455, .T. ) ;
#3531 = FACE_OUTER_BOUND ( 'NONE', #5604, .T. ) ;
#3532 = ORIENTED_EDGE ( 'NONE', *, *, #3410, .F. ) ;
#3533 = CARTESIAN_POINT ( 'NONE',  ( -1.006430354999998000, 5.062500003129546400, 2.944843162163427893E-08 ) ) ;
#3534 = CARTESIAN_POINT ( 'NONE',  ( 0.6249999993749997262, 9.403125000614517504, 1.082531753648015238 ) ) ;
#3535 = VECTOR ( 'NONE', #483, 1000.000000000000000 ) ;
#3536 = EDGE_LOOP ( 'NONE', ( #112, #3375, #3378 ) ) ;
#3537 = FACE_OUTER_BOUND ( 'NONE', #4817, .T. ) ;
#3538 = CARTESIAN_POINT ( 'NONE',  ( -1.249999998749998564, 2.109375000614517326, 0.000000000000000000 ) ) ;
#3539 = CARTESIAN_POINT ( 'NONE',  ( 1.249999998749999008, -1.303124999385481653, 0.7216878357653431220 ) ) ;
#3540 = CARTESIAN_POINT ( 'NONE',  ( -2.777041817841178916E-16, 10.04062500061451502, -1.443375671530686910 ) ) ;
#3541 = CARTESIAN_POINT ( 'NONE',  ( 0.5032151774999997773, -0.1874999987709641824, 0.8715942545697895616 ) ) ;
#3542 = CARTESIAN_POINT ( 'NONE',  ( 7.900279511744612088E-17, 9.871875000614517504, 1.443375671530686910 ) ) ;
#3543 = CARTESIAN_POINT ( 'NONE',  ( -0.6249999993749983940, 2.184375000614517504, 1.082531753648015904 ) ) ;
#3544 = CARTESIAN_POINT ( 'NONE',  ( -1.006430354999998666, -1.349999999999998757, 0.000000000000000000 ) ) ;
#3545 = CYLINDRICAL_SURFACE ( 'NONE', #5539, 1.006430354999998666 ) ;
#3546 = DIRECTION ( 'NONE',  ( 0.7071067811865522357, -0.7071067811865427988, 0.000000000000000000 ) ) ;
#3547 = ADVANCED_FACE ( 'NONE', ( #3889 ), #2534, .F. ) ;
#3548 = DIRECTION ( 'NONE',  ( -1.000000000000000000, 0.000000000000000000, 0.000000000000000000 ) ) ;
#3549 = CARTESIAN_POINT ( 'NONE',  ( -1.006430354999998666, 5.512500001229034829, 0.000000000000000000 ) ) ;
#3550 = CARTESIAN_POINT ( 'NONE',  ( 1.249999998749998342, 5.521875000614517859, -0.7216878357653438991 ) ) ;
#3551 = CARTESIAN_POINT ( 'NONE',  ( -0.6249999993749983940, 1.284375000614517814, 1.082531753648015904 ) ) ;
#3552 = LINE ( 'NONE', #5373, #934 ) ;
#3553 = DIRECTION ( 'NONE',  ( -1.885568995626964287E-17, 1.000000000000000000, -0.000000000000000000 ) ) ;
#3554 = CARTESIAN_POINT ( 'NONE',  ( 0.5032151774999996663, 7.800000000000000711, 0.8715942545697895616 ) ) ;
#3555 = CARTESIAN_POINT ( 'NONE',  ( -1.249999998749998564, 5.653125000614516615, 0.000000000000000000 ) ) ;
#3556 = CIRCLE ( 'NONE', #3165, 1.249999999999998668 ) ;
#3557 = CARTESIAN_POINT ( 'NONE',  ( -1.249999998749998564, 0.2156250006145176701, -0.7216878357653433440 ) ) ;
#3558 = CARTESIAN_POINT ( 'NONE',  ( -1.006430354999998888, 12.67500000122903536, -0.5810628363798596707 ) ) ;
#3559 = CARTESIAN_POINT ( 'NONE',  ( -2.168404344971008868E-16, 11.50000000000000000, 0.000000000000000000 ) ) ;
#3560 = ORIENTED_EDGE ( 'NONE', *, *, #3707, .F. ) ;
#3561 = FACE_OUTER_BOUND ( 'NONE', #1246, .T. ) ;
#3562 = CARTESIAN_POINT ( 'NONE',  ( 1.249999998749998342, 6.365625000614516971, -0.7216878357653438991 ) ) ;
#3563 = CARTESIAN_POINT ( 'NONE',  ( -1.249999998749998342, 5.690625000614516260, 0.7216878357653442322 ) ) ;
#3564 =( GEOMETRIC_REPRESENTATION_CONTEXT ( 3 ) GLOBAL_UNCERTAINTY_ASSIGNED_CONTEXT ( ( #5087 ) ) GLOBAL_UNIT_ASSIGNED_CONTEXT ( ( #719, #208, #2049 ) ) REPRESENTATION_CONTEXT ( 'NONE', 'WORKASPACE' ) );
#3565 = ORIENTED_EDGE ( 'NONE', *, *, #1144, .F. ) ;
#3566 = CARTESIAN_POINT ( 'NONE',  ( -0.2470179474498056527, 0.09932516682931331886, -1.134062335373395847 ) ) ;
#3567 = CARTESIAN_POINT ( 'NONE',  ( 1.249999998749999008, 4.096875000614517148, 0.7216878357653431220 ) ) ;
#3568 =( BOUNDED_CURVE ( )  B_SPLINE_CURVE ( 2, ( #2157, #3986, #174, #2881, #1252, #1704, #2185 ),
 .UNSPECIFIED., .F., .F. ) 
 B_SPLINE_CURVE_WITH_KNOTS ( ( 3, 2, 2, 3 ),
 ( 0.3629092555801824438, 0.3677480456541436515, 0.3725868357281049148, 0.3774256258020661781 ),
 .UNSPECIFIED. ) 
 CURVE ( )  GEOMETRIC_REPRESENTATION_ITEM ( )  RATIONAL_B_SPLINE_CURVE ( ( 0.9999999999999984457, 0.8660254037844402619, 1.000000000000000000, 0.8660254037844387076, 1.000000000000000000, 0.8660254038210845051, 0.9999999999633542025 ) ) 
 REPRESENTATION_ITEM ( '' )  );
#3569 = CARTESIAN_POINT ( 'NONE',  ( -1.249999998749998564, -1.040624999385482807, 0.000000000000000000 ) ) ;
#3570 = CARTESIAN_POINT ( 'NONE',  ( -1.249999998749999008, 9.665625000614515017, -0.7216878357653433440 ) ) ;
#3571 = CARTESIAN_POINT ( 'NONE',  ( 2.177215530198096455E-16, -0.2249999987709635219, 1.162125672759719563 ) ) ;
#3572 = CARTESIAN_POINT ( 'NONE',  ( -1.249999998749998786, 11.55937500061451750, 0.000000000000000000 ) ) ;
#3573 = CARTESIAN_POINT ( 'NONE',  ( -0.6249999993749993932, 2.484375000614517770, -1.082531753648015460 ) ) ;
#3574 = CARTESIAN_POINT ( 'NONE',  ( 1.006430354999998888, -0.7124999999999995781, 0.5810628363798594487 ) ) ;
#3575 = CARTESIAN_POINT ( 'NONE',  ( -0.5253432182843933429, 10.72499999999999787, -0.8979642393405733447 ) ) ;
#3576 = CARTESIAN_POINT ( 'NONE',  ( 0.2634828508014800952, 7.781250000000000000, 1.006430354999998666 ) ) ;
#3577 = AXIS2_PLACEMENT_3D ( 'NONE', #1567, #1115, #2496 ) ;
#3578 = FACE_OUTER_BOUND ( 'NONE', #3500, .T. ) ;
#3579 = CARTESIAN_POINT ( 'NONE',  ( -1.006430354999998000, 7.350000001229036073, 0.5810628363798603369 ) ) ;
#3580 = CARTESIAN_POINT ( 'NONE',  ( 0.6249999993749989491, 4.659375000614517148, -1.082531753648015460 ) ) ;
#3581 = CARTESIAN_POINT ( 'NONE',  ( 0.6249999993749998373, 1.809375000614517282, 1.082531753648015238 ) ) ;
#3582 = CARTESIAN_POINT ( 'NONE',  ( 0.5253432182843933429, 4.350000000000000533, -0.8979642393405732337 ) ) ;
#3583 = CARTESIAN_POINT ( 'NONE',  ( 1.249999998749998564, 9.046875000614518214, 0.7216878357653431220 ) ) ;
#3584 = CARTESIAN_POINT ( 'NONE',  ( 1.006430354999998666, 7.837499999999999467, 0.5810628363798594487 ) ) ;
#3585 = CARTESIAN_POINT ( 'NONE',  ( 1.249999998749998564, 6.328125000614516438, -1.530808497403381346E-16 ) ) ;
#3586 = CARTESIAN_POINT ( 'NONE',  ( 1.006430354999998444, 11.50000000000000000, 1.232521712815482580E-16 ) ) ;
#3587 = CARTESIAN_POINT ( 'NONE',  ( -0.6249999993749992822, -2.071874999385482141, -1.082531753648015460 ) ) ;
#3588 = CARTESIAN_POINT ( 'NONE',  ( -1.006430354999998444, 8.981250000000001066, -0.2634828508014804282 ) ) ;
#3589 = ORIENTED_EDGE ( 'NONE', *, *, #3853, .T. ) ;
#3590 = CARTESIAN_POINT ( 'NONE',  ( -1.006430354999998888, 9.112500000944777412, -4.404546912488137509E-09 ) ) ;
#3591 = CARTESIAN_POINT ( 'NONE',  ( 1.249999998749999008, 6.740625000614516082, 0.7216878357653431220 ) ) ;
#3592 = CARTESIAN_POINT ( 'NONE',  ( -0.6249999993749985050, 5.278125000614516615, 1.082531753648015904 ) ) ;
#3593 = EDGE_CURVE ( 'NONE', #5597, #2350, #1309, .T. ) ;
#3594 = LINE ( 'NONE', #3171, #4958 ) ;
#3595 = CARTESIAN_POINT ( 'NONE',  ( 1.249999998749998342, 11.31562500061451537, -0.7216878357653438991 ) ) ;
#3596 = EDGE_CURVE ( 'NONE', #3465, #1603, #3750, .T. ) ;
#3597 = CARTESIAN_POINT ( 'NONE',  ( 1.006430354999998666, -0.5624999987709645710, -1.232521712815482580E-16 ) ) ;
#3598 =( BOUNDED_CURVE ( )  B_SPLINE_CURVE ( 2, ( #3881, #5765, #3073, #5704, #3524, #5732, #3010 ),
 .UNSPECIFIED., .F., .T. ) 
 B_SPLINE_CURVE_WITH_KNOTS ( ( 3, 2, 2, 3 ),
 ( 0.3919419960265970171, 0.3967807861009994275, 0.4016195761754018378, 0.4064583660637195450 ),
 .UNSPECIFIED. ) 
 CURVE ( )  GEOMETRIC_REPRESENTATION_ITEM ( )  RATIONAL_B_SPLINE_CURVE ( ( 1.000000000000000000, 0.8660254037844387076, 1.000000000000000000, 0.8660254037844387076, 1.000000000000000000, 0.8660254037844387076, 1.000000000000000000 ) ) 
 REPRESENTATION_ITEM ( '' )  );
#3599 = CARTESIAN_POINT ( 'NONE',  ( -1.249999998749998342, 8.896875000614517859, 0.7216878357653442322 ) ) ;
#3600 = CARTESIAN_POINT ( 'NONE',  ( -1.249999998749998564, 2.971875000614517592, -0.7216878357653433440 ) ) ;
#3601 = CARTESIAN_POINT ( 'NONE',  ( -1.006430354999998666, 0.4125000000000013656, -0.5810628363798596707 ) ) ;
#3602 = CARTESIAN_POINT ( 'NONE',  ( -1.006430354999998888, 7.725000001229035185, -0.5810628363798595597 ) ) ;
#3603 = CARTESIAN_POINT ( 'NONE',  ( -1.006430354999998666, 5.512500001834003349, 9.373974871155365374E-09 ) ) ;
#3604 = ORIENTED_EDGE ( 'NONE', *, *, #3853, .F. ) ;
#3605 = CARTESIAN_POINT ( 'NONE',  ( -2.168404344971008868E-16, 11.50000000000000000, 0.000000000000000000 ) ) ;
#3606 = CARTESIAN_POINT ( 'NONE',  ( -1.984355814956021377E-16, 6.750000001229034652, -1.162125672759719563 ) ) ;
#3607 = CARTESIAN_POINT ( 'NONE',  ( -0.6249999993749983940, 3.984375000614517326, 1.082531753648015904 ) ) ;
#3608 = CARTESIAN_POINT ( 'NONE',  ( -0.6249999993749993932, 1.584375000614517859, -1.082531753648015460 ) ) ;
#3609 = DIRECTION ( 'NONE',  ( -1.885568995626964287E-17, 1.000000000000000000, -0.000000000000000000 ) ) ;
#3610 = CARTESIAN_POINT ( 'NONE',  ( 1.249999998749998342, 9.534375000614517148, -1.530808497403381346E-16 ) ) ;
#3611 = CARTESIAN_POINT ( 'NONE',  ( -1.006430354999998666, 7.650000000000000355, 0.000000000000000000 ) ) ;
#3612 = CARTESIAN_POINT ( 'NONE',  ( 0.6249999993749997262, 7.603125000614516793, 1.082531753648015238 ) ) ;
#3613 = CARTESIAN_POINT ( 'NONE',  ( 0.6249999993749998373, 0.8531250006145167930, 1.082531753648015238 ) ) ;
#3614 = CARTESIAN_POINT ( 'NONE',  ( 1.174605229287107200, -2.197396790891275042, -0.4275541511976919673 ) ) ;
#3615 = CARTESIAN_POINT ( 'NONE',  ( -1.006430354999998888, 6.768750000000001599, 0.2634828508014802617 ) ) ;
#3616 = VERTEX_POINT ( 'NONE', #3641 ) ;
#3617 = DIRECTION ( 'NONE',  ( -1.885568995626964287E-17, 1.000000000000000000, -0.000000000000000000 ) ) ;
#3618 = VECTOR ( 'NONE', #2714, 1000.000000000000000 ) ;
#3619 = CARTESIAN_POINT ( 'NONE',  ( -2.267938189021898423E-16, 7.340625000614516615, -1.443375671530686910 ) ) ;
#3620 = CARTESIAN_POINT ( 'NONE',  ( -1.249999998749998564, 5.165625000614517681, -0.7216878357653433440 ) ) ;
#3621 = ORIENTED_EDGE ( 'NONE', *, *, #1724, .T. ) ;
#3622 = CARTESIAN_POINT ( 'NONE',  ( 1.006430354999998888, 11.04375000000000107, -0.2634828508014800952 ) ) ;
#3623 = CARTESIAN_POINT ( 'NONE',  ( 6.309330671684359623E-17, 10.71562500061451750, 1.443375671530686910 ) ) ;
#3624 = CARTESIAN_POINT ( 'NONE',  ( 1.006430354999998666, -1.462499998770964371, -1.232521712815482580E-16 ) ) ;
#3625 = CARTESIAN_POINT ( 'NONE',  ( -1.249999998749998342, 8.446875000614518569, 0.7216878357653442322 ) ) ;
#3626 = CARTESIAN_POINT ( 'NONE',  ( -1.249999998749998564, 2.559375000614517948, 0.000000000000000000 ) ) ;
#3627 = CARTESIAN_POINT ( 'NONE',  ( 0.6249999993749996152, 12.15937500061451715, 1.082531753648015238 ) ) ;
#3628 = DIRECTION ( 'NONE',  ( 0.7071067811865522357, -0.7071067811865427988, 0.000000000000000000 ) ) ;
#3629 = CARTESIAN_POINT ( 'NONE',  ( -3.031593632250818423E-16, 11.39062500061451644, -1.443375671530686910 ) ) ;
#3630 = ORIENTED_EDGE ( 'NONE', *, *, #3671, .T. ) ;
#3631 = DIRECTION ( 'NONE',  ( -1.885568995626964287E-17, 1.000000000000000000, -0.000000000000000000 ) ) ;
#3632 = CARTESIAN_POINT ( 'NONE',  ( 9.893070629531085970E-17, 6.075000001229035718, 1.162125672759719563 ) ) ;
#3633 = CARTESIAN_POINT ( 'NONE',  ( 1.249999998749998564, 1.884375000614517681, -1.530808497403381346E-16 ) ) ;
#3634 = CARTESIAN_POINT ( 'NONE',  ( 0.5032151774999997773, 4.312500001229036428, 0.8715942545697895616 ) ) ;
#3635 = CARTESIAN_POINT ( 'NONE',  ( 7.051773463712478344E-17, 10.32187500061451679, 1.443375671530686910 ) ) ;
#3636 = CARTESIAN_POINT ( 'NONE',  ( -1.006430354999998000, 4.537500000000000533, 0.5810628363798603369 ) ) ;
#3637 = CARTESIAN_POINT ( 'NONE',  ( -0.6249999993749995042, 6.928125000614516082, -1.082531753648015460 ) ) ;
#3638 = CARTESIAN_POINT ( 'NONE',  ( 5.595041011776135525E-18, 11.02500000122903501, 1.162125672759719341 ) ) ;
#3639 = EDGE_CURVE ( 'NONE', #4819, #3669, #720, .T. ) ;
#3640 = CARTESIAN_POINT ( 'NONE',  ( -6.557766977608438165E-17, -1.209374999385483207, -1.443375671530686910 ) ) ;
#3641 = CARTESIAN_POINT ( 'NONE',  ( 1.006430354999998666, 6.637500001229035718, 0.000000000000000000 ) ) ;
#3642 = ORIENTED_EDGE ( 'NONE', *, *, #2207, .T. ) ;
#3643 = CARTESIAN_POINT ( 'NONE',  ( -0.2634828508014802062, 3.506250000000000977, -1.006430354999998666 ) ) ;
#3644 = CARTESIAN_POINT ( 'NONE',  ( 1.249999998749998342, 7.265625000614516438, -0.7216878357653438991 ) ) ;
#3645 = CARTESIAN_POINT ( 'NONE',  ( -1.249999998749998342, 4.340625000614515727, 0.7216878357653442322 ) ) ;
#3646 = ORIENTED_EDGE ( 'NONE', *, *, #738, .F. ) ;
#3647 = DIRECTION ( 'NONE',  ( -1.885568995626964287E-17, 1.000000000000000000, -0.000000000000000000 ) ) ;
#3648 = CARTESIAN_POINT ( 'NONE',  ( -1.249999998749998564, 7.415625000614515905, -0.7216878357653433440 ) ) ;
#3649 = AXIS2_PLACEMENT_3D ( 'NONE', #1920, #3743, #2754 ) ;
#3650 = CARTESIAN_POINT ( 'NONE',  ( 1.006430355000025534, 4.875000001229032875, -0.5810628363798444607 ) ) ;
#3651 = CARTESIAN_POINT ( 'NONE',  ( -1.249999998749998342, 7.096875000614516260, 0.7216878357653442322 ) ) ;
#3652 = CARTESIAN_POINT ( 'NONE',  ( 2.317338837632302441E-16, 1.771875000614518081, 1.443375671530686910 ) ) ;
#3653 = CARTESIAN_POINT ( 'NONE',  ( -0.6249999993749996152, 11.93437500061451750, -1.082531753648015460 ) ) ;
#3654 = CARTESIAN_POINT ( 'NONE',  ( -0.9237174468643267744, 11.39865753230954581, -0.6829666717284301747 ) ) ;
#3655 = CARTESIAN_POINT ( 'NONE',  ( 1.006430354999998666, 4.837500001229035007, 1.173230260442809209E-14 ) ) ;
#3656 = ORIENTED_EDGE ( 'NONE', *, *, #68, .F. ) ;
#3657 = CARTESIAN_POINT ( 'NONE',  ( 1.006430354999998666, 2.137500001229035718, 0.000000000000000000 ) ) ;
#3658 = CARTESIAN_POINT ( 'NONE',  ( 1.006430354999998666, 4.837500001229035895, -1.232521712815482580E-16 ) ) ;
#3659 = CARTESIAN_POINT ( 'NONE',  ( 0.6249999993749989491, 3.309375000614517059, -1.082531753648015460 ) ) ;
#3660 = CARTESIAN_POINT ( 'NONE',  ( -0.5032151774999994442, 1.837500001229036561, -0.8715942545697896726 ) ) ;
#3661 = DIRECTION ( 'NONE',  ( -1.885568995626964287E-17, 1.000000000000000000, -0.000000000000000000 ) ) ;
#3662 = CARTESIAN_POINT ( 'NONE',  ( -1.249999998749998342, 10.24687500061451750, 0.7216878357653442322 ) ) ;
#3663 = CARTESIAN_POINT ( 'NONE',  ( 0.5032151774999997773, 3.750000000000000000, 0.8715942545697895616 ) ) ;
#3664 = CARTESIAN_POINT ( 'NONE',  ( 1.249999998749999008, 7.190625000614516260, 0.7216878357653431220 ) ) ;
#3665 = CARTESIAN_POINT ( 'NONE',  ( 1.006430354999998666, 3.356249999999998845, 0.2634828508014803172 ) ) ;
#3666 = CARTESIAN_POINT ( 'NONE',  ( 0.6249999993749989491, 0.1031250006145179032, -1.082531753648015460 ) ) ;
#3667 = CARTESIAN_POINT ( 'NONE',  ( 1.249999998749999008, -1.359374999385482452, 0.7216878357653431220 ) ) ;
#3668 = CARTESIAN_POINT ( 'NONE',  ( -1.006430354999998888, 5.418750000000001954, 0.2634828508014803727 ) ) ;
#3669 = VERTEX_POINT ( 'NONE', #5497 ) ;
#3670 = FACE_OUTER_BOUND ( 'NONE', #3924, .T. ) ;
#3671 = EDGE_CURVE ( 'NONE', #387, #1001, #2966, .T. ) ;
#3672 = CARTESIAN_POINT ( 'NONE',  ( -1.006430354999998888, 10.76249999999999929, -0.5810628363798596707 ) ) ;
#3673 = CARTESIAN_POINT ( 'NONE',  ( -1.249999998749998342, 12.89062500061451644, 0.7216878357653442322 ) ) ;
#3674 = CARTESIAN_POINT ( 'NONE',  ( -2.013386374612257930E-16, 5.990625000614516971, -1.443375671530686910 ) ) ;
#3675 = CARTESIAN_POINT ( 'NONE',  ( 0.6249999993749997262, 5.353125000614517681, 1.082531753648015238 ) ) ;
#3676 = VERTEX_POINT ( 'NONE', #3134 ) ;
#3677 = DIRECTION ( 'NONE',  ( -1.885568995626964287E-17, 1.000000000000000000, -0.000000000000000000 ) ) ;
#3678 = CARTESIAN_POINT ( 'NONE',  ( 1.249999998749998342, 8.578125000614518214, -1.530808497403381346E-16 ) ) ;
#3679 = DIRECTION ( 'NONE',  ( -1.885568995626964287E-17, 1.000000000000000000, -0.000000000000000000 ) ) ;
#3680 = CARTESIAN_POINT ( 'NONE',  ( -0.6249999993749995042, 6.984375000614517326, -1.082531753648015460 ) ) ;
#3681 = CARTESIAN_POINT ( 'NONE',  ( 0.6249999993749998373, 0.009375000614517819963, 1.082531753648015238 ) ) ;
#3682 = CARTESIAN_POINT ( 'NONE',  ( -1.006430354999998666, -1.799999999999999600, 0.000000000000000000 ) ) ;
#3683 = CARTESIAN_POINT ( 'NONE',  ( -0.8869404812611160205, 11.39090282494189132, -0.7184211284952207732 ) ) ;
#3684 = CARTESIAN_POINT ( 'NONE',  ( 0.5253432182843932319, 1.950000000000001510, 0.8979642393405733447 ) ) ;
#3685 = ORIENTED_EDGE ( 'NONE', *, *, #1013, .F. ) ;
#3686 = DIRECTION ( 'NONE',  ( -1.885568995626964287E-17, 1.000000000000000000, -0.000000000000000000 ) ) ;
#3687 = CARTESIAN_POINT ( 'NONE',  ( -1.475252186136740638E-16, 4.050000001229035362, -1.162125672759719563 ) ) ;
#3688 = CARTESIAN_POINT ( 'NONE',  ( 0.6249999993749998373, 3.159375000614518036, 1.082531753648015238 ) ) ;
#3689 = FACE_OUTER_BOUND ( 'NONE', #850, .T. ) ;
#3690 = CYLINDRICAL_SURFACE ( 'NONE', #3521, 1.006430354999998666 ) ;
#3691 = CARTESIAN_POINT ( 'NONE',  ( -1.249999998749998564, 7.471875000614517148, -0.7216878357653433440 ) ) ;
#3692 = CARTESIAN_POINT ( 'NONE',  ( -1.006430354999998666, 3.149999999999999911, 0.000000000000000000 ) ) ;
#3693 = CARTESIAN_POINT ( 'NONE',  ( -1.249999998749998564, 4.303125000614516971, 0.000000000000000000 ) ) ;
#3694 = CARTESIAN_POINT ( 'NONE',  ( -0.8979642393405731227, 2.212499999999999467, -0.5253432182843935649 ) ) ;
#3695 = CARTESIAN_POINT ( 'NONE',  ( -0.5253432182843930098, 1.274999999999999689, -0.8979642393405734557 ) ) ;
#3696 = CARTESIAN_POINT ( 'NONE',  ( -1.006430354999999111, 9.918749999999999289, 0.2634828508014803172 ) ) ;
#3697 = CARTESIAN_POINT ( 'NONE',  ( 1.006430354999998666, 10.65000000122903323, 0.5810628363798594487 ) ) ;
#3698 = CARTESIAN_POINT ( 'NONE',  ( -1.006430354999998444, 6.299999998434453019, -2.425816650305153185E-08 ) ) ;
#3699 = ORIENTED_EDGE ( 'NONE', *, *, #837, .F. ) ;
#3700 = CARTESIAN_POINT ( 'NONE',  ( -1.006430354999998444, 11.28749999999999964, 0.5810628363798603369 ) ) ;
#3701 = CARTESIAN_POINT ( 'NONE',  ( 0.6249999993749996152, 13.00312500061451537, 1.082531753648015238 ) ) ;
#3702 = CARTESIAN_POINT ( 'NONE',  ( -1.928535769809044679E-16, 5.540625000614515905, -1.443375671530686910 ) ) ;
#3703 = EDGE_CURVE ( 'NONE', #1220, #1100, #2815, .T. ) ;
#3704 = CARTESIAN_POINT ( 'NONE',  ( -1.249999998749998564, 2.053125000614516527, 0.000000000000000000 ) ) ;
#3705 = CARTESIAN_POINT ( 'NONE',  ( 1.006430354999998444, 8.775000000000002132, 0.000000000000000000 ) ) ;
#3706 = CARTESIAN_POINT ( 'NONE',  ( 1.249999998749998564, 8.540625000614516793, 0.7216878357653431220 ) ) ;
#3707 = EDGE_CURVE ( 'NONE', #1100, #2787, #2654, .T. ) ;
#3708 = CARTESIAN_POINT ( 'NONE',  ( -1.006430354999998666, -2.174999998770963838, -0.5810628363798596707 ) ) ;
#3709 = CARTESIAN_POINT ( 'NONE',  ( 0.6249999993749988381, 8.259375000614518569, -1.082531753648015460 ) ) ;
#3710 = CARTESIAN_POINT ( 'NONE',  ( -8.360842329676720676E-17, -0.2531249993854827740, -1.443375671530686910 ) ) ;
#3711 = CARTESIAN_POINT ( 'NONE',  ( 4.506255319616076495E-17, 11.67187500061451821, 1.443375671530686910 ) ) ;
#3712 = CARTESIAN_POINT ( 'NONE',  ( -0.2758840753462165063, 11.28836432802511425, -1.001070887061270342 ) ) ;
#3713 = CARTESIAN_POINT ( 'NONE',  ( 1.006430354999998666, 0.6750000000000019318, -1.173230260442806212E-14 ) ) ;
#3714 = ORIENTED_EDGE ( 'NONE', *, *, #470, .F. ) ;
#3715 = CARTESIAN_POINT ( 'NONE',  ( -0.2634828508014805948, 6.393750000000000711, 1.006430354999998888 ) ) ;
#3716 = AXIS2_PLACEMENT_3D ( 'NONE', #878, #427, #452 ) ;
#3717 = CARTESIAN_POINT ( 'NONE',  ( -1.006430354999998000, 3.750000001229035984, 0.5810628363798603369 ) ) ;
#3718 = CARTESIAN_POINT ( 'NONE',  ( -1.249999998749998564, 2.971875000614517592, -0.7216878357653433440 ) ) ;
#3719 = CARTESIAN_POINT ( 'NONE',  ( -1.006430354999998444, 5.850000000605611206, 9.383941462242713342E-09 ) ) ;
#3720 = DIRECTION ( 'NONE',  ( -1.885568995626964287E-17, 1.000000000000000000, -0.000000000000000000 ) ) ;
#3721 = CARTESIAN_POINT ( 'NONE',  ( 1.299131579993741455E-16, 7.171875000614518214, 1.443375671530686910 ) ) ;
#3722 = CARTESIAN_POINT ( 'NONE',  ( 1.180220923992081649E-16, 5.062500000000000888, 1.162125672759719563 ) ) ;
#3723 = CARTESIAN_POINT ( 'NONE',  ( 1.903692139216636455E-16, 3.965625000614517948, 1.443375671530686910 ) ) ;
#3724 = CARTESIAN_POINT ( 'NONE',  ( 1.006430354999998444, 10.23750000122903359, 0.000000000000000000 ) ) ;
#3725 = CARTESIAN_POINT ( 'NONE',  ( -1.006430354999998222, 1.349999998121171885, -2.911246540163489503E-08 ) ) ;
#3726 = CARTESIAN_POINT ( 'NONE',  ( 1.050366606809246539, 0.1996333931907488812, -6.431640514801049258E-17 ) ) ;
#3727 = CARTESIAN_POINT ( 'NONE',  ( -1.006430354999998888, 10.87500000122903465, -0.5810628363798596707 ) ) ;
#3728 = PLANE ( 'NONE',  #5389 ) ;
#3729 = ORIENTED_EDGE ( 'NONE', *, *, #5579, .T. ) ;
#3730 = CARTESIAN_POINT ( 'NONE',  ( 1.006430354999998000, 11.96250000000000213, -0.5810628363798602258 ) ) ;
#3731 = CARTESIAN_POINT ( 'NONE',  ( -1.249999998749999008, 11.01562500061451821, -0.7216878357653433440 ) ) ;
#3732 = CARTESIAN_POINT ( 'NONE',  ( -1.249999998749998564, 3.365625000614517859, -0.7216878357653433440 ) ) ;
#3733 = CARTESIAN_POINT ( 'NONE',  ( -1.249999998749998342, 2.540625000614516349, 0.7216878357653442322 ) ) ;
#3734 = ORIENTED_EDGE ( 'NONE', *, *, #1460, .T. ) ;
#3735 = CARTESIAN_POINT ( 'NONE',  ( -2.122477607882222795E-16, 11.25643035500000266, 0.000000000000000000 ) ) ;
#3736 = CARTESIAN_POINT ( 'NONE',  ( 0.6249999993749988381, 8.203125000614518214, -1.082531753648015460 ) ) ;
#3737 = CARTESIAN_POINT ( 'NONE',  ( 1.006430354999998444, 11.50000000000000000, 1.232521712815482580E-16 ) ) ;
#3738 = CARTESIAN_POINT ( 'NONE',  ( 1.249999998749998342, 5.071875000614517681, -0.7216878357653438991 ) ) ;
#3739 = CARTESIAN_POINT ( 'NONE',  ( -1.249999998749998564, -0.1781249993854823188, -0.7216878357653433440 ) ) ;
#3740 = EDGE_CURVE ( 'NONE', #2304, #4706, #876, .T. ) ;
#3741 = CARTESIAN_POINT ( 'NONE',  ( -3.509816722624202209E-17, -1.912499999999999645, -1.162125672759719563 ) ) ;
#3742 = CARTESIAN_POINT ( 'NONE',  ( -0.8195761140578970982, 11.37759937867579296, -0.7745469165038193493 ) ) ;
#3743 = DIRECTION ( 'NONE',  ( -1.885568995626964287E-17, 1.000000000000000000, -0.000000000000000000 ) ) ;
#3744 = ORIENTED_EDGE ( 'NONE', *, *, #1911, .F. ) ;
#3745 = CARTESIAN_POINT ( 'NONE',  ( -0.8979642393405738998, 6.337500000000001243, 0.5253432182843933429 ) ) ;
#3746 = CARTESIAN_POINT ( 'NONE',  ( -0.5032151774999986671, 3.337500001229036339, 0.8715942545697901167 ) ) ;
#3747 = CARTESIAN_POINT ( 'NONE',  ( 1.249999998749999008, 2.296875000614517770, 0.7216878357653431220 ) ) ;
#3748 = CARTESIAN_POINT ( 'NONE',  ( 0.6249999993749987270, 12.30937500061451573, -1.082531753648015460 ) ) ;
#3749 = CARTESIAN_POINT ( 'NONE',  ( -2.168404344971008868E-16, 11.50000000000000000, 0.000000000000000000 ) ) ;
#3750 = B_SPLINE_CURVE_WITH_KNOTS ( 'NONE', 3,
 ( #1273, #5861, #4518, #4937, #4116, #425, #1813, #818, #3615, #1757 ),
 .UNSPECIFIED., .F., .F.,
 ( 4, 2, 2, 2, 4 ),
 ( 0.5000000000000000000, 0.6250000000000000000, 0.7500000000000000000, 0.8750000000000000000, 1.000000000000000000 ),
 .UNSPECIFIED. ) ;
#3751 = CARTESIAN_POINT ( 'NONE',  ( -1.249999998749998342, 8.446875000614518569, 0.7216878357653442322 ) ) ;
#3752 =( BOUNDED_CURVE ( )  B_SPLINE_CURVE ( 2, ( #5093, #80, #952, #3629, #1374, #3207, #4132, #2786, #1093, #3381, #1856, #4756, #5512, #192, #4618, #3180, #498, #2332, #5008, #438, #4164, #5034, #2273, #981, #4102, #5925, #1826, #2629, #764, #3411, #2598, #3923, #707, #252, #3892, #1608, #1127, #5807, #283, #4909, #2571, #795, #4818, #315, #2154, #1158, #1672, #5296, #2091, #5325, #3984, #5742, #5714, #2063, #4428, #3442, #3534, #675, #1639, #4397, #5263, #4851, #3472, #2989, #2538, #736, #2124, #1219, #1248, #3954, #5685, #1189, #5356, #4879, #4367, #3081, #3022, #3051, #5776, #1577, #3502, #1702, #4458, #2032, #5233, #3861, #2958, #4790, #2507, #4342, #224, #939, #5025, #1731, #906, #2237, #4971, #4521, #2211, #5864, #5383, #5915, #852, #2742, #1788, #5053, #3138, #4575, #455, #5414, #1816, #3619, #403, #3644, #2292, #4065, #4039, #373, #4122, #1760, #1845, #3197, #2262, #1276, #2775, #3168, #5889, #3591, #1306, #4999, #879, #5473, #5502, #4548, #4011, #2658, #2687, #3562, #8, #2715, #821, #5443, #1335, #4092, #428, #1363, #2183, #3674, #1393, #3225, #346, #5835, #3110, #4940, #4491, #5564, #101, #2896, #4154, #3702, #5531, #3315, #3765, #4668, #1969, #1058, #3346, #1905, #1423, #5170, #610, #5142, #1031, #2867, #547, #3825, #3255, #1939, #4697, #4184, #2443, #1482, #4247, #4725, #4276, #578, #5198, #2386, #3287, #2414, #157, #4215, #4607, #4637, #67, #5111, #130, #3797, #518, #5080, #5594, #5624, #1998, #1512, #1452, #5653, #1541, #40, #972, #2806, #3376, #1088, #486, #2321, #2353, #1875, #2837, #3732, #999, #4336, #5736, #5349, #4784, #1152, #277, #668, #2058, #1600, #3885, #2471, #1633, #2564, #3045, #5318, #3466, #3527, #700, #3435, #5289, #1666, #2531, #5228, #4874, #2924, #3496, #4305, #2084, #1183, #4813, #187, #3916, #2502, #4752, #3015, #4423, #4844, #2148, #5708, #636, #219, #758, #2026, #3855, #5257, #5681, #4391, #1121, #730, #3405, #2118, #1572, #2593, #2952, #3948, #2983, #5769, #4361, #1213, #246, #1696, #309, #3979, #5802, #5438, #3613, #4486, #1300, #4964, #873, #3191, #423, #4114, #3076, #5019, #4935, #4087, #3161, #341, #1837, #4059, #847, #3557, #900, #5829, #3666, #4992, #2257, #1811, #3104 ),
 .UNSPECIFIED., .F., .T. ) 
 B_SPLINE_CURVE_WITH_KNOTS ( ( 3, 2, 2, 2, 2, 2, 2, 2, 2, 2, 2, 2, 2, 2, 2, 2, 2, 2, 2, 2, 2, 2, 2, 2, 2, 2, 2, 2, 2, 2, 2, 2, 2, 2, 2, 2, 2, 2, 2, 2, 2, 2, 2, 2, 2, 2, 2, 2, 2, 2, 2, 2, 2, 2, 2, 2, 2, 2, 2, 2, 2, 2, 2, 2, 2, 2, 2, 2, 2, 2, 2, 2, 2, 2, 2, 2, 2, 2, 2, 2, 2, 2, 2, 2, 2, 2, 2, 2, 2, 2, 2, 2, 2, 2, 2, 2, 2, 2, 2, 2, 2, 2, 2, 2, 2, 2, 2, 2, 2, 2, 2, 2, 2, 2, 2, 2, 2, 2, 2, 2, 2, 2, 2, 2, 2, 2, 2, 2, 2, 2, 2, 2, 2, 2, 2, 2, 2, 2, 2, 2, 2, 2, 2, 2, 2, 2, 2, 2, 2, 2, 2, 2, 2, 2, 3 ),
 ( 0.1145102371452588891, 0.1190476190476190410, 0.1238095238095238138, 0.1285714285714285587, 0.1333333333333333315, 0.1380952380952381042, 0.1428571428571428492, 0.1476190476190476220, 0.1523809523809523947, 0.1571428571428571397, 0.1619047619047619124, 0.1666666666666666574, 0.1714285714285714302, 0.1761904761904762029, 0.1809523809523809479, 0.1857142857142857206, 0.1904761904761904656, 0.1952380952380952384, 0.2000000000000000111, 0.2047619047619047561, 0.2095238095238095566, 0.2142857142857142738, 0.2190476190476190466, 0.2238095238095238193, 0.2285714285714285643, 0.2333333333333333370, 0.2380952380952380820, 0.2428571428571428270, 0.2476190476190476275, 0.2523809523809523725, 0.2571428571428571175, 0.2619047619047619180, 0.2666666666666666630, 0.2714285714285714080, 0.2761904761904762085, 0.2809523809523809534, 0.2857142857142856984, 0.2904761904761904989, 0.2952380952380952994, 0.2999999999999999889, 0.3047619047619047894, 0.3095238095238095344, 0.3142857142857142794, 0.3190476190476190799, 0.3238095238095238249, 0.3285714285714285698, 0.3333333333333333148, 0.3380952380952381153, 0.3428571428571428603, 0.3476190476190476053, 0.3523809523809524058, 0.3571428571428571508, 0.3619047619047618958, 0.3666666666666666408, 0.3714285714285714413, 0.3761904761904761862, 0.3809523809523809312, 0.3857142857142857317, 0.3904761904761904767, 0.3952380952380952217, 0.4000000000000000222, 0.4047619047619047672, 0.4095238095238095122, 0.4142857142857143127, 0.4190476190476190577, 0.4238095238095238027, 0.4285714285714285476, 0.4333333333333333481, 0.4380952380952380931, 0.4428571428571428381, 0.4476190476190476386, 0.4523809523809523836, 0.4571428571428571286, 0.4619047619047619291, 0.4666666666666666741, 0.4714285714285714191, 0.4761904761904761640, 0.4809523809523809645, 0.4857142857142857095, 0.4904761904761904545, 0.4952380952380953105, 0.5000000000000001110, 0.5047619047619047450, 0.5095238095238094900, 0.5142857142857142350, 0.5190476190476190910, 0.5238095238095238360, 0.5285714285714285809, 0.5333333333333333259, 0.5380952380952380709, 0.5428571428571429269, 0.5476190476190476719, 0.5523809523809524169, 0.5571428571428571619, 0.5619047619047619069, 0.5666666666666666519, 0.5714285714285713969, 0.5761904761904761418, 0.5809523809523809978, 0.5857142857142857428, 0.5904761904761904878, 0.5952380952380952328, 0.5999999999999999778, 0.6047619047619047228, 0.6095238095238095788, 0.6142857142857143238, 0.6190476190476190688, 0.6238095238095238138, 0.6285714285714285587, 0.6333333333333333037, 0.6380952380952380487, 0.6428571428571429047, 0.6476190476190476497, 0.6523809523809523947, 0.6571428571428571397, 0.6619047619047618847, 0.6666666666666666297, 0.6714285714285713746, 0.6761904761904762307, 0.6809523809523809756, 0.6857142857142857206, 0.6904761904761904656, 0.6952380952380952106, 0.6999999999999999556, 0.7047619047619048116, 0.7095238095238095566, 0.7142857142857143016, 0.7190476190476190466, 0.7238095238095237915, 0.7285714285714285365, 0.7333333333333332815, 0.7380952380952381375, 0.7428571428571428825, 0.7476190476190476275, 0.7523809523809523725, 0.7571428571428571175, 0.7619047619047618625, 0.7666666666666667185, 0.7714285714285714635, 0.7761904761904762085, 0.7809523809523809534, 0.7857142857142856984, 0.7904761904761904434, 0.7952380952380951884, 0.8000000000000000444, 0.8047619047619047894, 0.8095238095238095344, 0.8142857142857141683, 0.8190476190476190244, 0.8238095238095236583, 0.8285714285714286254, 0.8333333333333333703, 0.8380952380952381153, 0.8428571428571428603, 0.8446805516229708433 ),
 .UNSPECIFIED. ) 
 CURVE ( )  GEOMETRIC_REPRESENTATION_ITEM ( )  RATIONAL_B_SPLINE_CURVE ( ( 0.9879619278693496653, 0.8723422792686555960, 1.000000000000000000, 0.8660254037844387076, 1.000000000000000000, 0.8660254037844387076, 1.000000000000000000, 0.8660254037844387076, 1.000000000000000000, 0.8660254037844387076, 1.000000000000000000, 0.8660254037844387076, 1.000000000000000000, 0.8660254037844387076, 1.000000000000000000, 0.8660254037844387076, 1.000000000000000000, 0.8660254037844387076, 1.000000000000000000, 0.8660254037844387076, 1.000000000000000000, 0.8660254037844387076, 1.000000000000000000, 0.8660254037844387076, 1.000000000000000000, 0.8660254037844387076, 1.000000000000000000, 0.8660254037844387076, 1.000000000000000000, 0.8660254037844387076, 1.000000000000000000, 0.8660254037844387076, 1.000000000000000000, 0.8660254037844387076, 1.000000000000000000, 0.8660254037844387076, 1.000000000000000000, 0.8660254037844387076, 1.000000000000000000, 0.8660254037844387076, 1.000000000000000000, 0.8660254037844387076, 1.000000000000000000, 0.8660254037844387076, 1.000000000000000000, 0.8660254037844387076, 1.000000000000000000, 0.8660254037844387076, 1.000000000000000000, 0.8660254037844387076, 1.000000000000000000, 0.8660254037844387076, 1.000000000000000000, 0.8660254037844387076, 1.000000000000000000, 0.8660254037844387076, 1.000000000000000000, 0.8660254037844387076, 1.000000000000000000, 0.8660254037844387076, 1.000000000000000000, 0.8660254037844387076, 1.000000000000000000, 0.8660254037844387076, 1.000000000000000000, 0.8660254037844387076, 1.000000000000000000, 0.8660254037844387076, 1.000000000000000000, 0.8660254037844387076, 1.000000000000000000, 0.8660254037844387076, 1.000000000000000000, 0.8660254037844387076, 1.000000000000000000, 0.8660254037844387076, 1.000000000000000000, 0.8660254037844387076, 1.000000000000000000, 0.8660254037844387076, 1.000000000000000000, 0.8660254037844387076, 1.000000000000000000, 0.8660254037844387076, 1.000000000000000000, 0.8660254037844387076, 1.000000000000000000, 0.8660254037844387076, 1.000000000000000000, 0.8660254037844387076, 1.000000000000000000, 0.8660254037844387076, 1.000000000000000000, 0.8660254037844387076, 1.000000000000000000, 0.8660254037844387076, 1.000000000000000000, 0.8660254037844387076, 1.000000000000000000, 0.8660254037844387076, 1.000000000000000000, 0.8660254037844387076, 1.000000000000000000, 0.8660254037844387076, 1.000000000000000000, 0.8660254037844387076, 1.000000000000000000, 0.8660254037844387076, 1.000000000000000000, 0.8660254037844387076, 1.000000000000000000, 0.8660254037844387076, 1.000000000000000000, 0.8660254037844387076, 1.000000000000000000, 0.8660254037844387076, 1.000000000000000000, 0.8660254037844387076, 1.000000000000000000, 0.8660254037844387076, 1.000000000000000000, 0.8660254037844387076, 1.000000000000000000, 0.8660254037844387076, 1.000000000000000000, 0.8660254037844387076, 1.000000000000000000, 0.8660254037844387076, 1.000000000000000000, 0.8660254037844387076, 1.000000000000000000, 0.8660254037844387076, 1.000000000000000000, 0.8660254037844387076, 1.000000000000000000, 0.8660254037844387076, 1.000000000000000000, 0.8660254037844387076, 1.000000000000000000, 0.8660254037844387076, 1.000000000000000000, 0.8660254037844387076, 1.000000000000000000, 0.8660254037844387076, 1.000000000000000000, 0.8660254037844387076, 1.000000000000000000, 0.8660254037844387076, 1.000000000000000000, 0.8660254037844387076, 1.000000000000000000, 0.8660254037844387076, 1.000000000000000000, 0.8660254037844387076, 1.000000000000000000, 0.8660254037844387076, 1.000000000000000000, 0.8660254037844387076, 1.000000000000000000, 0.8660254037844387076, 1.000000000000000000, 0.8660254037844387076, 1.000000000000000000, 0.8660254037844387076, 1.000000000000000000, 0.8660254037844387076, 1.000000000000000000, 0.8660254037844387076, 1.000000000000000000, 0.8660254037844387076, 1.000000000000000000, 0.8660254037844387076, 1.000000000000000000, 0.8660254037844387076, 1.000000000000000000, 0.8660254037844387076, 1.000000000000000000, 0.8660254037844387076, 1.000000000000000000, 0.8660254037844387076, 1.000000000000000000, 0.8660254037844387076, 1.000000000000000000, 0.8660254037844387076, 1.000000000000000000, 0.8660254037844387076, 1.000000000000000000, 0.8660254037844387076, 1.000000000000000000, 0.8660254037844387076, 1.000000000000000000, 0.8660254037844387076, 1.000000000000000000, 0.8660254037844387076, 1.000000000000000000, 0.8660254037844387076, 1.000000000000000000, 0.8660254037844387076, 1.000000000000000000, 0.8660254037844387076, 1.000000000000000000, 0.8660254037844387076, 1.000000000000000000, 0.8660254037844387076, 1.000000000000000000, 0.8660254037844387076, 1.000000000000000000, 0.8660254037844387076, 1.000000000000000000, 0.8660254037844387076, 1.000000000000000000, 0.8660254037844387076, 1.000000000000000000, 0.8660254037844387076, 1.000000000000000000, 0.8660254037844387076, 1.000000000000000000, 0.8660254037844387076, 1.000000000000000000, 0.8660254037844387076, 1.000000000000000000, 0.8660254037844387076, 1.000000000000000000, 0.8660254037844387076, 1.000000000000000000, 0.8660254037844387076, 1.000000000000000000, 0.8660254037844387076, 1.000000000000000000, 0.8660254037844387076, 1.000000000000000000, 0.8660254037844387076, 1.000000000000000000, 0.8660254037844387076, 1.000000000000000000, 0.8660254037844387076, 1.000000000000000000, 0.8660254037844387076, 1.000000000000000000, 0.8660254037844387076, 1.000000000000000000, 0.8660254037844387076, 1.000000000000000000, 0.8660254037844387076, 1.000000000000000000, 0.8660254037844387076, 1.000000000000000000, 0.8660254037844387076, 1.000000000000000000, 0.8660254037844387076, 1.000000000000000000, 0.8660254037844387076, 1.000000000000000000, 0.8660254037844387076, 1.000000000000000000, 0.8660254037844387076, 1.000000000000000000, 0.8660254037844387076, 1.000000000000000000, 0.8660254037844387076, 1.000000000000000000, 0.8660254037844387076, 1.000000000000000000, 0.8660254037844387076, 1.000000000000000000, 0.8660254037844387076, 1.000000000000000000, 0.8660254037844387076, 1.000000000000000000, 0.8660254037844387076, 1.000000000000000000, 0.8660254037844387076, 1.000000000000000000, 0.8660254037844387076, 1.000000000000000000, 0.8660254037844387076, 1.000000000000000000, 0.8660254037844387076, 1.000000000000000000, 0.8660254037844387076, 1.000000000000000000, 0.8660254037844387076, 1.000000000000000000, 0.8660254037844387076, 1.000000000000000000, 0.8660254037844387076, 1.000000000000000000, 0.8660254037844387076, 1.000000000000000000, 0.8660254037844387076, 1.000000000000000000, 0.8660254037844387076, 1.000000000000000000, 0.8660254037844387076, 1.000000000000000000, 0.8660254037844387076, 1.000000000000000000, 0.8660254037844387076, 1.000000000000000000, 0.8660254037844387076, 1.000000000000000000, 0.8660254037844387076, 1.000000000000000000, 0.8660254037844387076, 1.000000000000000000, 0.8660254037844387076, 1.000000000000000000, 0.9486990048410757215, 0.9366859370749162084 ) ) 
 REPRESENTATION_ITEM ( '' )  );
#3753 = CARTESIAN_POINT ( 'NONE',  ( 0.5032151774999996663, 5.100000000000000533, 0.8715942545697895616 ) ) ;
#3754 = CARTESIAN_POINT ( 'NONE',  ( -1.249999998749998564, 4.715625000614516615, -0.7216878357653433440 ) ) ;
#3755 = CARTESIAN_POINT ( 'NONE',  ( 0.5032151774999997773, 3.862500001229035362, 0.8715942545697895616 ) ) ;
#3756 = CARTESIAN_POINT ( 'NONE',  ( -2.168404344971008868E-16, 11.50000000000000000, 0.000000000000000000 ) ) ;
#3757 = CARTESIAN_POINT ( 'NONE',  ( -0.9943620349784051404, 11.26236054719649005, 0.2347377098502838599 ) ) ;
#3758 = CARTESIAN_POINT ( 'NONE',  ( -1.006430354999998888, 10.46250000122903501, 0.000000000000000000 ) ) ;
#3759 = CARTESIAN_POINT ( 'NONE',  ( 1.232169463634896323, 0.01783053636510032250, 1.741188461077147823E-11 ) ) ;
#3760 = VECTOR ( 'NONE', #432, 1000.000000000000000 ) ;
#3761 = CARTESIAN_POINT ( 'NONE',  ( -0.2634828508014805948, 5.943750000000000533, 1.006430354999998888 ) ) ;
#3762 = CARTESIAN_POINT ( 'NONE',  ( 1.006430354999998666, 11.88749999999999929, 0.5810628363798594487 ) ) ;
#3763 = CARTESIAN_POINT ( 'NONE',  ( -3.031593632250818423E-16, 11.39062500061451644, -1.443375671530686910 ) ) ;
#3764 = ORIENTED_EDGE ( 'NONE', *, *, #5894, .F. ) ;
#3765 = CARTESIAN_POINT ( 'NONE',  ( 1.249999998749998564, 5.428125000614516082, -1.530808497403381346E-16 ) ) ;
#3766 = CARTESIAN_POINT ( 'NONE',  ( -1.249999998749998564, 2.915625000614516793, -0.7216878357653433440 ) ) ;
#3767 = ORIENTED_EDGE ( 'NONE', *, *, #3308, .T. ) ;
#3768 = APPLICATION_CONTEXT ( 'automotive_design' ) ;
#3769 = CARTESIAN_POINT ( 'NONE',  ( 0.2634828508014800397, 8.681250000000002132, 1.006430354999998666 ) ) ;
#3770 = CARTESIAN_POINT ( 'NONE',  ( 0.6249999993749988381, 7.303125000614516971, -1.082531753648015460 ) ) ;
#3771 = DIRECTION ( 'NONE',  ( -1.000000000000000000, 0.000000000000000000, 0.000000000000000000 ) ) ;
#3772 = CARTESIAN_POINT ( 'NONE',  ( -0.6249999993749995042, 5.184375000614516615, -1.082531753648015460 ) ) ;
#3773 = EDGE_CURVE ( 'NONE', #2334, #1187, #4602, .T. ) ;
#3774 = CARTESIAN_POINT ( 'NONE',  ( 0.6249999993749998373, 1.359375000614518214, 1.082531753648015238 ) ) ;
#3775 = CARTESIAN_POINT ( 'NONE',  ( -0.4113401249350575606, 11.31007631700985350, -0.9771629194306777899 ) ) ;
#3776 = ORIENTED_EDGE ( 'NONE', *, *, #2090, .F. ) ;
#3777 = ADVANCED_FACE ( 'NONE', ( #4488 ), #2317, .F. ) ;
#3778 = CARTESIAN_POINT ( 'NONE',  ( 1.006430354999998666, 2.137500001229035718, 0.000000000000000000 ) ) ;
#3779 = CARTESIAN_POINT ( 'NONE',  ( 1.006430354999998666, 3.937500001229035984, -1.232521712815482580E-16 ) ) ;
#3780 = CARTESIAN_POINT ( 'NONE',  ( -1.249999998749998342, 0.3468750006145188136, 0.7216878357653442322 ) ) ;
#3781 = CARTESIAN_POINT ( 'NONE',  ( 1.249999998749998342, 12.27187500061451786, -0.7216878357653438991 ) ) ;
#3782 = CARTESIAN_POINT ( 'NONE',  ( -1.006430354999998222, 7.762499998827088632, -3.721819601958053548E-08 ) ) ;
#3783 = CARTESIAN_POINT ( 'NONE',  ( 1.249999998749998564, 7.696875000614516793, 0.7216878357653431220 ) ) ;
#3784 = CARTESIAN_POINT ( 'NONE',  ( 1.006430354999998444, 2.062500000000000000, -0.5810628363798602258 ) ) ;
#3785 = CARTESIAN_POINT ( 'NONE',  ( 0.6249999993749998373, 3.553125000614516082, 1.082531753648015238 ) ) ;
#3786 = CARTESIAN_POINT ( 'NONE',  ( 1.006430354999998666, 3.937500001229035984, 0.000000000000000000 ) ) ;
#3787 = DIRECTION ( 'NONE',  ( -1.885568995626964287E-17, 1.000000000000000000, -0.000000000000000000 ) ) ;
#3788 = CARTESIAN_POINT ( 'NONE',  ( 1.006430354999998666, 1.125000000000000888, 0.000000000000000000 ) ) ;
#3789 = CARTESIAN_POINT ( 'NONE',  ( 0.5032151774999988891, 10.31250000122903465, -0.8715942545697897836 ) ) ;
#3790 = CARTESIAN_POINT ( 'NONE',  ( -1.249999998749998564, 6.609375000614518214, 0.000000000000000000 ) ) ;
#3791 = CARTESIAN_POINT ( 'NONE',  ( -0.5032151774999994442, 0.9375000012290350959, -0.8715942545697896726 ) ) ;
#3792 =( BOUNDED_CURVE ( )  B_SPLINE_CURVE ( 2, ( #1623, #3456, #4744, #5281, #3005, #628, #4833 ),
 .UNSPECIFIED., .F., .T. ) 
 B_SPLINE_CURVE_WITH_KNOTS ( ( 3, 2, 2, 3 ),
 ( 0.4354911067414281578, 0.4403298967706213429, 0.4451686868450237533, 0.4500074769194261637 ),
 .UNSPECIFIED. ) 
 CURVE ( )  GEOMETRIC_REPRESENTATION_ITEM ( )  RATIONAL_B_SPLINE_CURVE ( ( 1.000000000000000000, 0.8660254037844387076, 1.000000000000000000, 0.8660254037844387076, 1.000000000000000000, 0.8660254037844371533, 1.000000000000001554 ) ) 
 REPRESENTATION_ITEM ( '' )  );
#3793 = CARTESIAN_POINT ( 'NONE',  ( -1.006430354999998444, 5.850000000605611206, 9.383941462242713342E-09 ) ) ;
#3794 = CARTESIAN_POINT ( 'NONE',  ( 0.5032151774999990002, 7.950000000000000178, -0.8715942545697897836 ) ) ;
#3795 = CARTESIAN_POINT ( 'NONE',  ( 1.249999998749998342, 11.76562500061451644, -0.7216878357653438991 ) ) ;
#3796 = ORIENTED_EDGE ( 'NONE', *, *, #212, .F. ) ;
#3797 = CARTESIAN_POINT ( 'NONE',  ( 1.249999998749998342, 4.115625000614516971, -0.7216878357653438991 ) ) ;
#3798 = CARTESIAN_POINT ( 'NONE',  ( -1.249999998749998564, 3.815625000614516704, -0.7216878357653433440 ) ) ;
#3799 = ORIENTED_EDGE ( 'NONE', *, *, #3773, .F. ) ;
#3800 = CARTESIAN_POINT ( 'NONE',  ( 1.249999998749998564, 4.584375000614516971, -1.530808497403381346E-16 ) ) ;
#3801 = CARTESIAN_POINT ( 'NONE',  ( -1.249999998749998342, -0.1593749993854826907, 0.7216878357653442322 ) ) ;
#3802 = CARTESIAN_POINT ( 'NONE',  ( 0.6249999993749998373, -0.4406249993854811642, 1.082531753648015238 ) ) ;
#3803 = CARTESIAN_POINT ( 'NONE',  ( -1.249999998749998786, 12.85312500061451502, 0.000000000000000000 ) ) ;
#3804 = ORIENTED_EDGE ( 'NONE', *, *, #4369, .F. ) ;
#3805 = CARTESIAN_POINT ( 'NONE',  ( 0.6249999993749988381, 10.05937500061451750, -1.082531753648015460 ) ) ;
#3806 = CARTESIAN_POINT ( 'NONE',  ( -1.006430354999998666, 1.875000001229035984, -0.5810628363798596707 ) ) ;
#3807 =( NAMED_UNIT ( * ) PLANE_ANGLE_UNIT ( ) SI_UNIT ( $, .RADIAN. ) );
#3808 = CARTESIAN_POINT ( 'NONE',  ( 0.6249999993749996152, 11.70937500061451608, 1.082531753648015238 ) ) ;
#3809 = CARTESIAN_POINT ( 'NONE',  ( -0.09420083338177275001, 0.09299329521175211943, -1.163060221782548309 ) ) ;
#3810 = CARTESIAN_POINT ( 'NONE',  ( -2.108843305015872930E-16, 6.496875000614516615, -1.443375671530686910 ) ) ;
#3811 = CARTESIAN_POINT ( 'NONE',  ( 1.006430354999998444, 1.612500000000001155, -0.5810628363798602258 ) ) ;
#3812 = CARTESIAN_POINT ( 'NONE',  ( -1.589133350596191182E-16, 3.740625000614516527, -1.443375671530686910 ) ) ;
#3813 = CARTESIAN_POINT ( 'NONE',  ( -1.006430354999998666, 1.425000001229034918, -0.5810628363798595597 ) ) ;
#3814 = CARTESIAN_POINT ( 'NONE',  ( 1.006430354999998666, 6.187500001229035540, 0.000000000000000000 ) ) ;
#3815 = CARTESIAN_POINT ( 'NONE',  ( 0.5253432182843932319, 9.750000000000001776, -0.8979642393405732337 ) ) ;
#3816 = CIRCLE ( 'NONE', #2001, 1.249999999999998668 ) ;
#3817 = CARTESIAN_POINT ( 'NONE',  ( -0.5032151774999987781, 10.08750000122903501, 0.8715942545697901167 ) ) ;
#3818 = CARTESIAN_POINT ( 'NONE',  ( 1.044579765584101455E-16, 8.521875000614517859, 1.443375671530686910 ) ) ;
#3819 = CARTESIAN_POINT ( 'NONE',  ( 0.2634828508014803727, 6.168750000000001066, -1.006430354999998888 ) ) ;
#3820 = ORIENTED_EDGE ( 'NONE', *, *, #5122, .F. ) ;
#3821 = CARTESIAN_POINT ( 'NONE',  ( -2.557097397145967956E-16, 9.787499999999999645, -1.162125672759719563 ) ) ;
#3822 = CARTESIAN_POINT ( 'NONE',  ( -1.249999998749998342, 10.19062500061451892, 0.7216878357653442322 ) ) ;
#3823 = ADVANCED_FACE ( 'NONE', ( #1477 ), #4180, .F. ) ;
#3824 = ORIENTED_EDGE ( 'NONE', *, *, #4106, .T. ) ;
#3825 = CARTESIAN_POINT ( 'NONE',  ( 1.249999998749999008, 4.940625000614517148, 0.7216878357653431220 ) ) ;
#3826 = CARTESIAN_POINT ( 'NONE',  ( 2.158243953626276702E-16, 2.615625000614516971, 1.443375671530686910 ) ) ;
#3827 = ORIENTED_EDGE ( 'NONE', *, *, #5569, .F. ) ;
#3828 = CARTESIAN_POINT ( 'NONE',  ( 0.5032151774999988891, 10.31250000122903465, -0.8715942545697897836 ) ) ;
#3829 = CARTESIAN_POINT ( 'NONE',  ( 1.249999998749998342, 6.421875000614517326, -0.7216878357653438991 ) ) ;
#3830 = CARTESIAN_POINT ( 'NONE',  ( 1.249999998749999008, -1.359374999385482452, 0.7216878357653431220 ) ) ;
#3831 = CARTESIAN_POINT ( 'NONE',  ( 0.6249999993749990601, -1.640624999385482674, -1.082531753648015460 ) ) ;
#3832 = CARTESIAN_POINT ( 'NONE',  ( -1.249999998749999008, 13.26562500061451821, -0.7216878357653433440 ) ) ;
#3833 = VERTEX_POINT ( 'NONE', #2862 ) ;
#3834 = CARTESIAN_POINT ( 'NONE',  ( -1.249999998749998342, 11.14687500061451786, 0.7216878357653442322 ) ) ;
#3835 = CARTESIAN_POINT ( 'NONE',  ( -0.5032151774999986671, 1.087500001229035895, 0.8715942545697901167 ) ) ;
#3836 = FILL_AREA_STYLE_COLOUR ( '', #1249 ) ;
#3837 = DIRECTION ( 'NONE',  ( -1.885568995626964287E-17, 1.000000000000000000, -0.000000000000000000 ) ) ;
#3838 = CARTESIAN_POINT ( 'NONE',  ( -1.006430354999998888, 7.631250000000002309, -0.2634828508014804838 ) ) ;
#3839 = CARTESIAN_POINT ( 'NONE',  ( 1.808235208813021948E-16, 4.471875000614517148, 1.443375671530686910 ) ) ;
#3840 = CARTESIAN_POINT ( 'NONE',  ( -1.006430354999998000, 1.837500000000000577, 0.5810628363798603369 ) ) ;
#3841 = CARTESIAN_POINT ( 'NONE',  ( -1.249999998749998564, 0.6656250006145165710, -0.7216878357653433440 ) ) ;
#3842 = DIRECTION ( 'NONE',  ( -1.885568995626964287E-17, 1.000000000000000000, -0.000000000000000000 ) ) ;
#3843 = DIRECTION ( 'NONE',  ( -1.000000000000000000, 0.000000000000000000, 0.000000000000000000 ) ) ;
#3844 = CARTESIAN_POINT ( 'NONE',  ( -0.5253432182843934539, 8.175000000000000711, 0.8979642393405733447 ) ) ;
#3845 = MECHANICAL_DESIGN_GEOMETRIC_PRESENTATION_REPRESENTATION (  '', ( #2029 ), #3564 ) ;
#3846 = CARTESIAN_POINT ( 'NONE',  ( -1.006430354999998444, 10.05000000122903181, 0.5810628363798603369 ) ) ;
#3847 = CARTESIAN_POINT ( 'NONE',  ( -0.6249999993749995042, 7.884375000614517681, -1.082531753648015460 ) ) ;
#3848 = EDGE_CURVE ( 'NONE', #1635, #3495, #605, .T. ) ;
#3849 = LINE ( 'NONE', #4778, #4703 ) ;
#3850 = CARTESIAN_POINT ( 'NONE',  ( 0.8979642393405735667, 6.562500000000001776, -0.5253432182843932319 ) ) ;
#3851 = CARTESIAN_POINT ( 'NONE',  ( 5.862666903695881512E-17, 8.212500000000000355, 1.162125672759719563 ) ) ;
#3852 = CARTESIAN_POINT ( 'NONE',  ( -0.6249999993749996152, 11.87812500061451715, -1.082531753648015460 ) ) ;
#3853 = EDGE_CURVE ( 'NONE', #2125, #2152, #3973, .T. ) ;
#3854 = ORIENTED_EDGE ( 'NONE', *, *, #3145, .T. ) ;
#3855 = CARTESIAN_POINT ( 'NONE',  ( -0.6249999993749983940, 1.678125000614517859, 1.082531753648015904 ) ) ;
#3856 = CARTESIAN_POINT ( 'NONE',  ( -0.6249999993749983940, 0.7781250006145163933, 1.082531753648015904 ) ) ;
#3857 = VERTEX_POINT ( 'NONE', #152 ) ;
#3858 = ADVANCED_FACE ( 'NONE', ( #4633 ), #5648, .F. ) ;
#3859 = CARTESIAN_POINT ( 'NONE',  ( -1.006430354999998888, 8.568750000000001421, 0.2634828508014802617 ) ) ;
#3860 = VECTOR ( 'NONE', #554, 1000.000000000000000 ) ;
#3861 = CARTESIAN_POINT ( 'NONE',  ( -1.249999998749999008, 8.315625000614515372, -0.7216878357653433440 ) ) ;
#3862 = CARTESIAN_POINT ( 'NONE',  ( -1.249999998749998564, 5.709375000614516971, 0.000000000000000000 ) ) ;
#3863 = CARTESIAN_POINT ( 'NONE',  ( -1.249999998749998564, -1.996874999385483296, 0.000000000000000000 ) ) ;
#3864 = CARTESIAN_POINT ( 'NONE',  ( -1.249999998749998342, -1.453124999385482452, 0.7216878357653442322 ) ) ;
#3865 = CARTESIAN_POINT ( 'NONE',  ( 1.006430354999998222, 9.206249999999998934, 0.2634828508014803172 ) ) ;
#3866 = VERTEX_POINT ( 'NONE', #63 ) ;
#3867 = CARTESIAN_POINT ( 'NONE',  ( -1.249999998749999008, 9.721875000614517148, -0.7216878357653433440 ) ) ;
#3868 = CARTESIAN_POINT ( 'NONE',  ( -0.5032151774999986671, 1.537500001229036739, 0.8715942545697901167 ) ) ;
#3869 = CARTESIAN_POINT ( 'NONE',  ( -1.249999998749998564, 1.209375000614517415, 0.000000000000000000 ) ) ;
#3870 = FACE_OUTER_BOUND ( 'NONE', #1068, .T. ) ;
#3871 = CARTESIAN_POINT ( 'NONE',  ( 1.006430354999998444, 11.50000000000000000, 1.232521712815482580E-16 ) ) ;
#3872 = CARTESIAN_POINT ( 'NONE',  ( 1.249999998749999008, 5.446875000614517681, 0.7216878357653431220 ) ) ;
#3873 = CARTESIAN_POINT ( 'NONE',  ( -0.5032151774999994442, 1.275000000000000133, -0.8715942545697896726 ) ) ;
#3874 = CARTESIAN_POINT ( 'NONE',  ( -1.080029721776910689E-16, 1.040625000614517015, -1.443375671530686910 ) ) ;
#3875 = LINE ( 'NONE', #5698, #846 ) ;
#3876 = CARTESIAN_POINT ( 'NONE',  ( -1.390401581333527140E-16, 3.600000001229035185, -1.162125672759719341 ) ) ;
#3877 = CARTESIAN_POINT ( 'NONE',  ( -1.006430354999998666, 3.262500001709372821, 7.442831991992095352E-09 ) ) ;
#3878 = CARTESIAN_POINT ( 'NONE',  ( -2.238907629365661131E-16, 8.100000001229036073, -1.162125672759719563 ) ) ;
#3879 = CARTESIAN_POINT ( 'NONE',  ( -1.249999998749999008, 7.921875000614517326, -0.7216878357653433440 ) ) ;
#3880 = CARTESIAN_POINT ( 'NONE',  ( 1.006430354999998000, 12.86250000000000249, -0.5810628363798602258 ) ) ;
#3881 = CARTESIAN_POINT ( 'NONE',  ( 1.006430354999998666, 7.087500001229035895, 0.000000000000000000 ) ) ;
#3882 = CARTESIAN_POINT ( 'NONE',  ( -0.5032151774999987781, 8.175000000000000711, 0.8715942545697901167 ) ) ;
#3883 = CARTESIAN_POINT ( 'NONE',  ( -2.437639398628325419E-16, 8.240625000614516082, -1.443375671530686910 ) ) ;
#3884 = ORIENTED_EDGE ( 'NONE', *, *, #3046, .F. ) ;
#3885 = CARTESIAN_POINT ( 'NONE',  ( -1.249999998749998564, 2.953125000614516438, 0.000000000000000000 ) ) ;
#3886 = EDGE_CURVE ( 'NONE', #4050, #1520, #5324, .T. ) ;
#3887 = CARTESIAN_POINT ( 'NONE',  ( 0.6249999993749998373, 0.4031250006145178366, 1.082531753648015238 ) ) ;
#3888 = ORIENTED_EDGE ( 'NONE', *, *, #331, .F. ) ;
#3889 = FACE_OUTER_BOUND ( 'NONE', #5261, .T. ) ;
#3890 = LINE ( 'NONE', #4457, #354 ) ;
#3891 = EDGE_CURVE ( 'NONE', #3170, #862, #4627, .T. ) ;
#3892 = CARTESIAN_POINT ( 'NONE',  ( -0.6249999993749985050, 10.22812500061451679, 1.082531753648015904 ) ) ;
#3893 = CARTESIAN_POINT ( 'NONE',  ( 0.6249999993749989491, 4.209375000614518747, -1.082531753648015460 ) ) ;
#3894 = CARTESIAN_POINT ( 'NONE',  ( -1.249999998749998564, -1.584374999385481875, -0.7216878357653433440 ) ) ;
#3895 = CARTESIAN_POINT ( 'NONE',  ( -2.168404344971008868E-16, 11.50000000000000000, 0.000000000000000000 ) ) ;
#3896 = CARTESIAN_POINT ( 'NONE',  ( 0.6249999993749996152, 12.55312500061451608, 1.082531753648015238 ) ) ;
#3897 = ADVANCED_FACE ( 'NONE', ( #1026, #1506 ), #3728, .T. ) ;
#3898 = CLOSED_SHELL ( 'NONE', ( #5663, #2712, #1582, #1135, #1285, #1539, #3273, #5089, #217, #694, #649, #4033, #4221, #2030, #5386, #3547, #946, #3823, #1411, #4763, #3259, #4912, #461, #5460, #2782, #259, #867, #957, #4701, #1280, #1215, #5457, #110, #1205, #4036, #1646, #5042, #3858, #1098, #5353, #1023, #2824, #3263, #1616, #3152, #550, #4887, #1652, #3337, #4729, #4998, #576, #1769, #686, #834, #1545, #1576, #1980, #3777, #1804, #3897, #3019, #4073, #4918, #3530, #2214, #162, #3084 ) ) ;
#3899 = CARTESIAN_POINT ( 'NONE',  ( 1.249999998749998342, 9.571875000614516793, -0.7216878357653438991 ) ) ;
#3900 = CARTESIAN_POINT ( 'NONE',  ( 1.006430354999998444, 2.175000001229035806, -0.5810628363798602258 ) ) ;
#3901 = CARTESIAN_POINT ( 'NONE',  ( 1.249999998749998342, 9.571875000614516793, -0.7216878357653438991 ) ) ;
#3902 = CONICAL_SURFACE ( 'NONE', #5716, 1.006430354999998666, 0.7853981633974549403 ) ;
#3903 = CARTESIAN_POINT ( 'NONE',  ( 0.6249999993749997262, 5.859375000614517326, 1.082531753648015238 ) ) ;
#3904 = CARTESIAN_POINT ( 'NONE',  ( 0.5032151774999997773, 1.500000000000001332, 0.8715942545697895616 ) ) ;
#3905 = CARTESIAN_POINT ( 'NONE',  ( -1.249999998749998564, 2.015625000614516882, -0.7216878357653433440 ) ) ;
#3906 = CARTESIAN_POINT ( 'NONE',  ( -0.2634828508014799286, 2.606250000000001066, -1.006430354999998666 ) ) ;
#3907 = CARTESIAN_POINT ( 'NONE',  ( 0.5253432182843935649, 1.650000000000001021, -0.8979642393405731227 ) ) ;
#3908 = CARTESIAN_POINT ( 'NONE',  ( 1.006430354999991783, 8.400000001229035007, 0.5810628363798633345 ) ) ;
#3909 = CARTESIAN_POINT ( 'NONE',  ( -2.408608838972087633E-16, 9.000000001229034652, -1.162125672759719563 ) ) ;
#3910 = CARTESIAN_POINT ( 'NONE',  ( 0.6249999993749997262, 8.559375000614515727, 1.082531753648015238 ) ) ;
#3911 = CARTESIAN_POINT ( 'NONE',  ( 1.006430354999998666, 12.78749999999999964, 0.5810628363798594487 ) ) ;
#3912 = CARTESIAN_POINT ( 'NONE',  ( -0.8979642393405733447, 2.737500000000001599, 0.5253432182843934539 ) ) ;
#3913 = CARTESIAN_POINT ( 'NONE',  ( 1.006430354999998444, 10.12500000000000000, -1.232521712815482580E-16 ) ) ;
#3914 = CARTESIAN_POINT ( 'NONE',  ( -1.249999998749998342, 8.840625000614515727, 0.7216878357653442322 ) ) ;
#3915 = ORIENTED_EDGE ( 'NONE', *, *, #944, .T. ) ;
#3916 = CARTESIAN_POINT ( 'NONE',  ( -0.6249999993749983940, 2.128125000614517148, 1.082531753648015904 ) ) ;
#3917 = CARTESIAN_POINT ( 'NONE',  ( 1.249999998749999008, 1.790625000614517681, 0.7216878357653431220 ) ) ;
#3918 = EDGE_LOOP ( 'NONE', ( #160, #968, #1278, #5513 ) ) ;
#3919 = DIRECTION ( 'NONE',  ( -1.885568995626964287E-17, 1.000000000000000000, -0.000000000000000000 ) ) ;
#3920 = VECTOR ( 'NONE', #5160, 1000.000000000000000 ) ;
#3921 = ORIENTED_EDGE ( 'NONE', *, *, #5715, .F. ) ;
#3922 = DIRECTION ( 'NONE',  ( -1.885568995626964287E-17, 1.000000000000000000, -0.000000000000000000 ) ) ;
#3923 = CARTESIAN_POINT ( 'NONE',  ( 1.249999998749998564, 10.34062500061451395, 0.7216878357653431220 ) ) ;
#3924 = EDGE_LOOP ( 'NONE', ( #2213, #935, #4779 ) ) ;
#3925 = CARTESIAN_POINT ( 'NONE',  ( 0.6249999993749998373, 3.609375000614516882, 1.082531753648015238 ) ) ;
#3926 = CARTESIAN_POINT ( 'NONE',  ( -0.6249999993749983940, 0.3281250006145174369, 1.082531753648015904 ) ) ;
#3927 = FACE_OUTER_BOUND ( 'NONE', #1182, .T. ) ;
#3928 = CARTESIAN_POINT ( 'NONE',  ( -0.6249999993749986160, 12.47812500061451679, 1.082531753648015904 ) ) ;
#3929 = CARTESIAN_POINT ( 'NONE',  ( -1.249999998749998786, 11.10937500061451644, 0.000000000000000000 ) ) ;
#3930 = CARTESIAN_POINT ( 'NONE',  ( -0.5032151774999986671, 1.987500001229035584, 0.8715942545697901167 ) ) ;
#3931 = EDGE_CURVE ( 'NONE', #514, #2060, #4677, .T. ) ;
#3932 = CARTESIAN_POINT ( 'NONE',  ( 0.6249999993749997262, 10.35937500061451821, 1.082531753648015238 ) ) ;
#3933 = CARTESIAN_POINT ( 'NONE',  ( -1.249999998749998342, 4.396875000614516971, 0.7216878357653442322 ) ) ;
#3934 = CARTESIAN_POINT ( 'NONE',  ( 2.368129391237069877E-16, -1.237499999999999156, 1.162125672759719563 ) ) ;
#3935 = CARTESIAN_POINT ( 'NONE',  ( 1.249999998749998564, 1.828125000614517104, -1.530808497403381346E-16 ) ) ;
#3936 = CARTESIAN_POINT ( 'NONE',  ( 1.006430354999998444, 10.12499999999999822, 0.000000000000000000 ) ) ;
#3937 = CARTESIAN_POINT ( 'NONE',  ( 0.2634828508014800952, 1.668750000000001066, -1.006430354999998666 ) ) ;
#3938 = CARTESIAN_POINT ( 'NONE',  ( -0.5032151774999987781, 10.08750000122903501, 0.8715942545697901167 ) ) ;
#3939 = CARTESIAN_POINT ( 'NONE',  ( -0.5032151774999987781, 8.287500001229034297, 0.8715942545697901167 ) ) ;
#3940 = CARTESIAN_POINT ( 'NONE',  ( -0.6249999993749985050, 5.334375000614517859, 1.082531753648015904 ) ) ;
#3941 = CARTESIAN_POINT ( 'NONE',  ( -1.249999998749998564, 1.659375000614518259, 0.000000000000000000 ) ) ;
#3942 = CARTESIAN_POINT ( 'NONE',  ( -3.470899624657590906E-17, 13.16249999999999964, 1.162125672759719563 ) ) ;
#3943 = CARTESIAN_POINT ( 'NONE',  ( -1.006430354999998666, 2.699999999995018829, -7.719855113713652835E-11 ) ) ;
#3944 = CARTESIAN_POINT ( 'NONE',  ( -1.006430354999998000, 6.787499999999999645, 0.5810628363798603369 ) ) ;
#3945 = CARTESIAN_POINT ( 'NONE',  ( 1.055186091184502958E-16, 8.465625000614515727, 1.443375671530686910 ) ) ;
#3946 = AXIS2_PLACEMENT_3D ( 'NONE', #1868, #1503, #1989 ) ;
#3947 = VERTEX_POINT ( 'NONE', #5107 ) ;
#3948 = CARTESIAN_POINT ( 'NONE',  ( 2.412795768035917441E-16, 1.265625000614516438, 1.443375671530686910 ) ) ;
#3949 = CARTESIAN_POINT ( 'NONE',  ( -0.6249999993749993932, 1.528125000614517059, -1.082531753648015460 ) ) ;
#3950 = VERTEX_POINT ( 'NONE', #995 ) ;
#3951 = CARTESIAN_POINT ( 'NONE',  ( -0.5253432182843935649, 5.025000000000001243, 0.8979642393405733447 ) ) ;
#3952 = VERTEX_POINT ( 'NONE', #2832 ) ;
#3953 = DIRECTION ( 'NONE',  ( -1.000000000000000000, 0.000000000000000000, 0.000000000000000000 ) ) ;
#3954 = CARTESIAN_POINT ( 'NONE',  ( 9.703354863812897065E-17, 8.915625000614515017, 1.443375671530686910 ) ) ;
#3955 = PRODUCT_DEFINITION ( 'UNKNOWN', '', #1050, #584 ) ;
#3956 = ORIENTED_EDGE ( 'NONE', *, *, #1234, .T. ) ;
#3957 = CARTESIAN_POINT ( 'NONE',  ( 1.249999998749998564, 2.334375000614518303, -1.530808497403381346E-16 ) ) ;
#3958 = AXIS2_PLACEMENT_3D ( 'NONE', #1125, #5260, #4364 ) ;
#3959 = CARTESIAN_POINT ( 'NONE',  ( -1.249999998749998564, -0.6281249993854813862, -0.7216878357653433440 ) ) ;
#3960 = CARTESIAN_POINT ( 'NONE',  ( 0.6249999993749990601, -2.090624999385481519, -1.082531753648015460 ) ) ;
#3961 = CARTESIAN_POINT ( 'NONE',  ( -0.6249999993749995042, 9.628125000614517148, -1.082531753648015460 ) ) ;
#3962 = CARTESIAN_POINT ( 'NONE',  ( 0.6249999993749997262, 9.009375000614516793, 1.082531753648015238 ) ) ;
#3963 = CARTESIAN_POINT ( 'NONE',  ( -0.5032151774999994442, -0.4124999987709637161, -0.8715942545697896726 ) ) ;
#3964 = CARTESIAN_POINT ( 'NONE',  ( 8.748785559776747065E-17, 9.421875000614518214, 1.443375671530686910 ) ) ;
#3965 = CARTESIAN_POINT ( 'NONE',  ( -1.249999998749998564, 4.809375000614518392, 0.000000000000000000 ) ) ;
#3966 = CARTESIAN_POINT ( 'NONE',  ( -0.5032151774999993332, -0.9749999999999984235, -0.8715942545697896726 ) ) ;
#3967 = CARTESIAN_POINT ( 'NONE',  ( -1.249730931383337437E-16, 1.940625000614516926, -1.443375671530686910 ) ) ;
#3968 = CARTESIAN_POINT ( 'NONE',  ( 1.006430354999998888, 0.7500000012290366502, 0.5810628363798593377 ) ) ;
#3969 = CARTESIAN_POINT ( 'NONE',  ( -0.5253432182843934539, 7.725000000000000533, 0.8979642393405733447 ) ) ;
#3970 = CARTESIAN_POINT ( 'NONE',  ( 0.5697298644110766475, 0.01513753321542575352, 1.101606554656136883 ) ) ;
#3971 = CARTESIAN_POINT ( 'NONE',  ( -1.006430354999998888, 9.112500001229035362, 0.000000000000000000 ) ) ;
#3972 = CARTESIAN_POINT ( 'NONE',  ( -0.6249999993749983940, 4.434375000614517504, 1.082531753648015904 ) ) ;
#3973 = B_SPLINE_CURVE_WITH_KNOTS ( 'NONE', 3,
 ( #3698, #1993, #4271, #3369, #2439, #3819, #1053, #1870, #5135, #1934 ),
 .UNSPECIFIED., .F., .F.,
 ( 4, 2, 2, 2, 4 ),
 ( 0.000000000000000000, 0.1249999999999999722, 0.2499999999999999445, 0.3749999999999999445, 0.5000000000000000000 ),
 .UNSPECIFIED. ) ;
#3974 = CARTESIAN_POINT ( 'NONE',  ( 0.6249999993749998373, -0.4406249993854811642, 1.082531753648015238 ) ) ;
#3975 = CARTESIAN_POINT ( 'NONE',  ( 0.2634828508014803172, 4.368750000000001243, -1.006430354999998666 ) ) ;
#3976 = CARTESIAN_POINT ( 'NONE',  ( 0.5032151774999997773, 3.412500001229034741, 0.8715942545697895616 ) ) ;
#3977 = CARTESIAN_POINT ( 'NONE',  ( -1.006430354999998666, 5.850000000000000533, 0.000000000000000000 ) ) ;
#3978 = CARTESIAN_POINT ( 'NONE',  ( 1.249999998749998342, 9.028125000614517504, -1.530808497403381346E-16 ) ) ;
#3979 = CARTESIAN_POINT ( 'NONE',  ( 1.249999998749998342, 0.9656250006145166154, -0.7216878357653438991 ) ) ;
#3980 = CARTESIAN_POINT ( 'NONE',  ( 1.249999998749998564, -0.4218749993854832292, -1.530808497403381346E-16 ) ) ;
#3981 = CARTESIAN_POINT ( 'NONE',  ( -1.006430354999998222, 4.949999997994740220, -3.107154877082220677E-08 ) ) ;
#3982 = ORIENTED_EDGE ( 'NONE', *, *, #2040, .T. ) ;
#3983 = DIRECTION ( 'NONE',  ( -1.885568995626964287E-17, 1.000000000000000000, -0.000000000000000000 ) ) ;
#3984 = CARTESIAN_POINT ( 'NONE',  ( -0.6249999993749995042, 9.628125000614517148, -1.082531753648015460 ) ) ;
#3985 = EDGE_LOOP ( 'NONE', ( #1507, #2672, #2536, #1921 ) ) ;
#3986 = CARTESIAN_POINT ( 'NONE',  ( 1.006430354999991783, 7.500000001229036428, 0.5810628363798633345 ) ) ;
#3987 = EDGE_CURVE ( 'NONE', #3950, #3947, #1336, .T. ) ;
#3988 = CARTESIAN_POINT ( 'NONE',  ( 0.6249999993749989491, 2.859375000614517770, -1.082531753648015460 ) ) ;
#3989 =( BOUNDED_CURVE ( )  B_SPLINE_CURVE ( 2, ( #1700, #2988, #5684, #1575, #5806, #2957, #3533 ),
 .UNSPECIFIED., .F., .F. ) 
 B_SPLINE_CURVE_WITH_KNOTS ( ( 3, 2, 2, 3 ),
 ( 0.5080729578122553658, 0.5129117478866577207, 0.5177505379610601866, 0.5225893278938782416 ),
 .UNSPECIFIED. ) 
 CURVE ( )  GEOMETRIC_REPRESENTATION_ITEM ( )  RATIONAL_B_SPLINE_CURVE ( ( 0.9999999999999968914, 0.8660254037844418162, 1.000000000000000000, 0.8660254037844387076, 1.000000000000000000, 0.8660254037844387076, 1.000000000000000000 ) ) 
 REPRESENTATION_ITEM ( '' )  );
#3990 = CARTESIAN_POINT ( 'NONE',  ( 1.249999998749998342, -1.678124999385481875, -0.7216878357653438991 ) ) ;
#3991 = CARTESIAN_POINT ( 'NONE',  ( 0.6249999993749996152, 10.75312500061451537, 1.082531753648015238 ) ) ;
#3992 = CARTESIAN_POINT ( 'NONE',  ( 0.5032151774999997773, -1.537499998770964771, 0.8715942545697895616 ) ) ;
#3993 = CARTESIAN_POINT ( 'NONE',  ( -0.6249999993749985050, 10.28437500061451715, 1.082531753648015904 ) ) ;
#3994 = CARTESIAN_POINT ( 'NONE',  ( -1.249999998749998342, 2.596875000614517592, 0.7216878357653442322 ) ) ;
#3995 = CARTESIAN_POINT ( 'NONE',  ( -1.006430354999998666, -0.4874999999999983236, -0.5810628363798596707 ) ) ;
#3996 = CARTESIAN_POINT ( 'NONE',  ( 1.249999998749998564, 0.4781250006145165155, -1.530808497403381346E-16 ) ) ;
#3997 = CARTESIAN_POINT ( 'NONE',  ( 1.249999999999998890, 2.356961244533703509E-17, 0.000000000000000000 ) ) ;
#3998 = CARTESIAN_POINT ( 'NONE',  ( 0.8979642393405731227, 4.687500000000000888, 0.5253432182843933429 ) ) ;
#3999 = CARTESIAN_POINT ( 'NONE',  ( 1.050366606809246539, 0.1996333931907488812, -6.431640514801049258E-17 ) ) ;
#4000 = CARTESIAN_POINT ( 'NONE',  ( 1.006430354999998666, 6.187500001229035540, -1.232521712815482580E-16 ) ) ;
#4001 = CARTESIAN_POINT ( 'NONE',  ( 1.249999998749998564, 5.034375000614518036, -1.530808497403381346E-16 ) ) ;
#4002 = CARTESIAN_POINT ( 'NONE',  ( 1.249999998749999008, 1.396875000614517637, 0.7216878357653431220 ) ) ;
#4003 = CARTESIAN_POINT ( 'NONE',  ( -0.5253432182843932319, 7.125000000000000000, -0.8979642393405734557 ) ) ;
#4004 = CARTESIAN_POINT ( 'NONE',  ( -2.047993768326687956E-16, 7.087499999999999467, -1.162125672759719563 ) ) ;
#4005 = CARTESIAN_POINT ( 'NONE',  ( -1.249999998749999008, 8.765625000614516438, -0.7216878357653433440 ) ) ;
#4006 = CYLINDRICAL_SURFACE ( 'NONE', #4327, 1.006430354999998666 ) ;
#4007 = CARTESIAN_POINT ( 'NONE',  ( -0.5032151774999988891, 12.78750000122903430, 0.8715942545697901167 ) ) ;
#4008 = CARTESIAN_POINT ( 'NONE',  ( -0.8979642393405733447, 2.287499999999999645, 0.5253432182843934539 ) ) ;
#4009 = VERTEX_POINT ( 'NONE', #3251 ) ;
#4010 = CARTESIAN_POINT ( 'NONE',  ( -2.168404344971008868E-16, 11.50000000000000000, 0.000000000000000000 ) ) ;
#4011 = CARTESIAN_POINT ( 'NONE',  ( -0.6249999993749995042, 6.478125000614516793, -1.082531753648015460 ) ) ;
#4012 = ORIENTED_EDGE ( 'NONE', *, *, #5223, .F. ) ;
#4013 = CARTESIAN_POINT ( 'NONE',  ( 0.8979642393405731227, 10.53750000000000142, 0.5253432182843933429 ) ) ;
#4014 = CARTESIAN_POINT ( 'NONE',  ( 1.249999998749998564, 2.784375000614517592, -1.530808497403381346E-16 ) ) ;
#4015 = CARTESIAN_POINT ( 'NONE',  ( 1.249999998749998564, 13.04062500061451502, 0.7216878357653431220 ) ) ;
#4016 = CARTESIAN_POINT ( 'NONE',  ( -2.946743027447605912E-16, 10.94062500061451537, -1.443375671530686910 ) ) ;
#4017 = CARTESIAN_POINT ( 'NONE',  ( -1.006430354999998000, -1.199999998770963749, 0.5810628363798603369 ) ) ;
#4018 =( BOUNDED_SURFACE ( )  B_SPLINE_SURFACE ( 1, 2, ( 
 ( #3430, #725, #4838, #4386, #2113, #272, #2079, #4331, #1595, #3942, #2497, #241, #213, #2053, #5252, #4357, #2978, #3880, #1147, #3911, #4807, #453, #1028, #484, #5137, #65, #1391, #905, #2383, #2804, #5024, #1903, #2290, #574, #2773, #2864, #4182, #1450, #1936, #38, #6, #3730, #2411, #3762, #4151, #2319, #3223, #970, #4212, #5051, #1843, #1479, #544, #4574, #997, #3285, #1873, #127, #4635, #3700, #937, #4605, #5529, #3196, #5562, #5591, #1421, #3253, #2740, #5109, #4120, #3312, #5078, #3672, #2351, #5500, #515, #2834, #4664, #1966, #98, #4694, #4244, #5472, #1362, #4358, #2921, #1508, #4333, #215, #3913, #4749, #274, #5650, #4722, #2081, #1055, #1537, #4781, #3821, #3372, #1569, #3432, #633, #3343, #665, #5254, #4809, #5195, #5286, #5733, #5678, #2893, #1179, #4840, #1995, #3011, #1149, #2468, #5621, #2949, #2055, #1629, #2499, #727, #5167, #607, #697, #1085, #4302, #243, #5225, #3462, #184, #5705, #2023, #2440, #2561, #4273, #4388, #154, #3851, #3882, #1597, #2980, #3402, #1118, #2527, #3794, #814, #1781, #3584, #3554, #1663, #756, #2230, #3611, #2175, #2706, #5375, #2591, #1694, #4420, #1269, #787, #4870, #4540, #2115, #5436, #5407, #4962, #4004, #5799, #5857, #1298, #3130, #339, #1209, #4513, #3944, #1241, #3492, #3102, #4483, #844, #1753, #1326, #4933, #2679, #394, #307, #2649, #4901, #4057, #5766, #3074, #2622, #3159, #5315, #5882, #4990, #871, #3042, #2146, #3977, #366, #3525, #5346, #4451, #5827, #1721, #2203, #4029, #4173, #3188, #5520, #3215, #1894, #2255, #1382, #5043, #1471, #5909, #5554, #3753, #3722, #3303, #4085, #898, #961, #57, #5101, #5464, #445, #2311, #2796, #1809, #989, #5492, #3636, #4626, #507, #536, #927, #2856, #2282, #1354, #4655, #5017, #4111, #1412, #5933, #1834, #4141, #1442, #2764, #2732, #3246, #3277, #2826, #3663, #1928, #2374, #27, #4566, #5583, #5129, #4596, #1018, #4204, #475, #1864, #5070, #2342, #88, #421, #3692, #4234, #1959, #5696, #2883, #3362, #5245, #176, #4800, #4713, #656, #598, #118, #687, #1499, #2516, #1046, #4264, #1108, #4770, #4322, #1527, #2432, #3423, #5215, #3393, #4351, #205, #2014, #3784, #3332, #234, #2072, #4741, #5277, #3840, #5158, #145, #1986, #5669, #5186, #3811, #1168, #4686, #3904, #2046, #1588, #624, #5641, #2488, #3873, #1138, #2912, #5611, #2971, #564, #1076, #2460, #1558, #2939, #5725, #1619, #3452, #2403, #4291, #2669, #4470, #4440, #2550, #1653, #3120, #4503, #3064, #3601, #327, #3482, #2582, #5306, #2165, #1684, #5755, #5423, #3001, #384, #358, #5847, #4891, #747, #804, #2193, #4021, #1231, #2104, #5397, #4829, #2134, #4379, #3995, #5366, #1744, #2639, #2220, #5817, #3574, #1289, #1200, #1712, #5787, #4951, #717, #3966, #3514, #4047, #265, #832, #5872, #1771, #3934, #3032, #4861, #3544, #4410, #296, #5337, #777, #2612, #1260, #3093, #4924, #436, #4978, #1854, #3682, #1432, #2271, #3741, #3178, #2246, #5544 ),
 ( #5006, #2813, #3266, #3205, #4531, #4644, #2363, #5452, #526, #4616, #4100, #3146, #463, #5510, #5091, #4130, #4193, #859, #411, #2330, #1344, #5923, #1884, #2752, #979, #888, #3235, #2722, #2696, #78, #4075, #1918, #3627, #4556, #1401, #5061, #949, #1824, #3653, #47, #2784, #16, #496, #4162, #1316, #3711, #4585, #5898, #1798, #5482, #1372, #5032, #916, #2301, #5572, #3295, #5119, #1007, #2847, #1462, #1268, #5491, #5932, #474, #5041, #5908, #1297, #813, #2281, #2705, #4932, #1808, #365, #2310, #2678, #2763, #4084, #1353, #1833, #5881, #5855, #3635, #4140, #3662, #4056, #2229, #3129, #870, #4110, #4961, #1752, #1381, #444, #4482, #897, #3187, #1780, #26, #4539, #393, #843, #4512, #3610, #3101, #5463, #3214, #5434, #1325, #2648, #5015, #2202, #926, #3158, #4028, #2254, #3583, #5406, #2731, #4989, #1863, #420, #4565, #4594, #5374, #3276, #5640, #4290, #5553, #117, #3330, #1526, #3751, #2825, #5185, #506, #2402, #3361, #4625, #144, #535, #5582, #3245, #2341, #1985, #56, #1045, #1075, #1958, #2911, #4740, #5128, #3783, #623, #2459, #175, #4203, #4171, #3691, #5519, #1410, #5069, #4654, #960, #2795, #2882, #3721, #5100, #4712, #563, #5610, #2373, #1893, #1017, #1498, #597, #5157, #1441, #2855, #2431, #4263, #988, #4685, #87, #3810, #1927, #1470, #3302, #4233, #1557, #1199, #5336, #3481, #4890, #5668, #2487, #2549, #1651, #746, #1107, #2045, #3903, #4378, #3392, #2581, #1137, #5214, #264, #2103, #2133, #2970, #4439, #3872, #2938, #295, #4769, #5695, #2999, #1587, #3422, #5724, #5305, #4799, #655, #4828, #3031, #4860, #5244, #3513, #3965, #1618, #4321, #1230, #3063, #204, #776, #4409, #685, #3839, #1167, #3933, #5786, #716, #2611, #2515, #4350, #1683, #233, #2071, #2013, #3451, #5276, #5754, #2245, #357, #5816, #2270, #3092, #4099, #2637, #5846, #2695, #410, #5897, #3119, #2192, #5005, #858, #4977, #5922, #1797, #1770, #1711, #4923, #435, #1823, #383, #915, #3600, #803, #1743, #4469, #5421, #4950, #4020, #2751, #4502, #1315, #3994, #3626, #2219, #3573, #4074, #5451, #1343, #4046, #5365, #2721, #325, #3543, #3177, #5396, #1288, #887, #3144, #4530, #831, #2668, #5871, #4555, #3652, #5481, #1371, #2164, #3204, #5031, #1259, #5509, #5543, #3322, #1400, #3774, #5602, #495, #462, #4704, #5149, #5633, #4254, #5118, #2329, #15, #1490, #1917, #4129, #1006, #3234, #1518, #1883, #1975, #3294, #556, #1037, #5090, #5060, #2846, #3353, #2874, #3265, #1431, #4161, #77, #587, #46, #948, #2422, #137, #3681, #109, #2394, #978, #5177, #3739, #2812, #3710, #4643, #525, #2300, #4675, #3802, #2362, #4192, #1853, #4226, #2783, #1066, #5571, #4615, #1461, #1948, #4584, #5268, #1549, #3508, #5207, #2036, #3446, #4345, #2479, #4855, #5331, #4759, #1162, #2543, #741, #2961, #3864, #4404, #5659, #1612, #2575, #3831, #5300, #5688, #4793, #2449, #3384, #1194, #1097, #257, #288, #2994, #2128, #3960, #227, #4823 ) ),
 .UNSPECIFIED., .F., .F., .F. ) 
 B_SPLINE_SURFACE_WITH_KNOTS ( ( 2, 2 ),
 ( 3, 2, 2, 2, 2, 2, 2, 2, 2, 2, 2, 2, 2, 2, 2, 2, 2, 2, 2, 2, 2, 2, 2, 2, 2, 2, 2, 2, 2, 2, 2, 2, 2, 2, 2, 2, 2, 2, 2, 2, 2, 2, 2, 2, 2, 2, 2, 2, 2, 2, 2, 2, 2, 2, 2, 2, 2, 2, 2, 2, 2, 2, 2, 2, 2, 2, 2, 2, 2, 2, 2, 2, 2, 2, 2, 2, 2, 2, 2, 2, 2, 2, 2, 2, 2, 2, 2, 2, 2, 2, 2, 2, 2, 2, 2, 2, 2, 2, 2, 2, 2, 2, 2, 2, 2, 2, 2, 2, 2, 2, 2, 2, 2, 2, 2, 2, 2, 2, 2, 2, 2, 2, 2, 2, 2, 2, 2, 2, 2, 2, 2, 2, 2, 2, 2, 2, 2, 2, 2, 2, 2, 2, 2, 2, 2, 2, 2, 2, 2, 2, 2, 2, 2, 2, 2, 2, 2, 2, 2, 2, 2, 2, 2, 2, 2, 2, 2, 2, 2, 2, 2, 2, 2, 2, 2, 2, 2, 2, 2, 2, 2, 2, 2, 2, 2, 2, 2, 2, 2, 2, 2, 2, 2, 2, 2, 2, 2, 2, 2, 2, 2, 2, 2, 2, 2, 2, 2, 3 ),
 ( 0.000000000000000000, 1.000000000000000000 ),
 ( 0.000000000000000000, 0.004761904761904762334, 0.009523809523809524669, 0.01428571428571428527, 0.01904761904761904934, 0.02380952380952380820, 0.02857142857142857054, 0.03333333333333333287, 0.03809523809523809867, 0.04285714285714285754, 0.04761904761904761640, 0.05238095238095238221, 0.05714285714285714107, 0.06190476190476190688, 0.06666666666666666574, 0.07142857142857142461, 0.07619047619047619735, 0.08095238095238095621, 0.08571428571428571508, 0.09047619047619047394, 0.09523809523809523281, 0.1000000000000000056, 0.1047619047619047644, 0.1095238095238095233, 0.1142857142857142821, 0.1190476190476190410, 0.1238095238095238138, 0.1285714285714285587, 0.1333333333333333315, 0.1380952380952381042, 0.1428571428571428492, 0.1476190476190476220, 0.1523809523809523947, 0.1571428571428571397, 0.1619047619047619124, 0.1666666666666666574, 0.1714285714285714302, 0.1761904761904762029, 0.1809523809523809479, 0.1857142857142857206, 0.1904761904761904656, 0.1952380952380952384, 0.2000000000000000111, 0.2047619047619047561, 0.2095238095238095288, 0.2142857142857142738, 0.2190476190476190466, 0.2238095238095238193, 0.2285714285714285643, 0.2333333333333333370, 0.2380952380952380820, 0.2428571428571428548, 0.2476190476190476275, 0.2523809523809523725, 0.2571428571428571175, 0.2619047619047619180, 0.2666666666666666630, 0.2714285714285714080, 0.2761904761904762085, 0.2809523809523809534, 0.2857142857142856984, 0.2904761904761904989, 0.2952380952380952439, 0.2999999999999999889, 0.3047619047619047894, 0.3095238095238095344, 0.3142857142857142794, 0.3190476190476190244, 0.3238095238095238249, 0.3285714285714285698, 0.3333333333333333148, 0.3380952380952381153, 0.3428571428571428603, 0.3476190476190476053, 0.3523809523809524058, 0.3571428571428571508, 0.3619047619047618958, 0.3666666666666666408, 0.3714285714285714413, 0.3761904761904761862, 0.3809523809523809312, 0.3857142857142857317, 0.3904761904761904767, 0.3952380952380952217, 0.4000000000000000222, 0.4047619047619047672, 0.4095238095238095122, 0.4142857142857143127, 0.4190476190476190577, 0.4238095238095238027, 0.4285714285714285476, 0.4333333333333333481, 0.4380952380952380931, 0.4428571428571428381, 0.4476190476190476386, 0.4523809523809523836, 0.4571428571428571286, 0.4619047619047619291, 0.4666666666666666741, 0.4714285714285714191, 0.4761904761904761640, 0.4809523809523809645, 0.4857142857142857095, 0.4904761904761904545, 0.4952380952380952550, 0.5000000000000000000, 0.5047619047619047450, 0.5095238095238094900, 0.5142857142857142350, 0.5190476190476190910, 0.5238095238095238360, 0.5285714285714285809, 0.5333333333333333259, 0.5380952380952380709, 0.5428571428571428159, 0.5476190476190476719, 0.5523809523809524169, 0.5571428571428571619, 0.5619047619047619069, 0.5666666666666666519, 0.5714285714285713969, 0.5761904761904761418, 0.5809523809523809978, 0.5857142857142857428, 0.5904761904761904878, 0.5952380952380952328, 0.5999999999999999778, 0.6047619047619047228, 0.6095238095238095788, 0.6142857142857143238, 0.6190476190476190688, 0.6238095238095238138, 0.6285714285714285587, 0.6333333333333333037, 0.6380952380952380487, 0.6428571428571429047, 0.6476190476190476497, 0.6523809523809523947, 0.6571428571428571397, 0.6619047619047618847, 0.6666666666666666297, 0.6714285714285713746, 0.6761904761904762307, 0.6809523809523809756, 0.6857142857142857206, 0.6904761904761904656, 0.6952380952380952106, 0.6999999999999999556, 0.7047619047619048116, 0.7095238095238095566, 0.7142857142857143016, 0.7190476190476190466, 0.7238095238095237915, 0.7285714285714285365, 0.7333333333333332815, 0.7380952380952381375, 0.7428571428571428825, 0.7476190476190476275, 0.7523809523809523725, 0.7571428571428571175, 0.7619047619047618625, 0.7666666666666667185, 0.7714285714285714635, 0.7761904761904762085, 0.7809523809523809534, 0.7857142857142856984, 0.7904761904761904434, 0.7952380952380951884, 0.8000000000000000444, 0.8047619047619047894, 0.8095238095238095344, 0.8142857142857142794, 0.8190476190476190244, 0.8238095238095237693, 0.8285714285714286254, 0.8333333333333333703, 0.8380952380952381153, 0.8428571428571428603, 0.8476190476190476053, 0.8523809523809523503, 0.8571428571428570953, 0.8619047619047619513, 0.8666666666666666963, 0.8714285714285714413, 0.8761904761904761862, 0.8809523809523809312, 0.8857142857142856762, 0.8904761904761904212, 0.8952380952380952772, 0.9000000000000000222, 0.9047619047619047672, 0.9095238095238095122, 0.9142857142857142572, 0.9190476190476190022, 0.9238095238095238582, 0.9285714285714286031, 0.9333333333333333481, 0.9380952380952380931, 0.9428571428571428381, 0.9476190476190475831, 0.9523809523809523281, 0.9571428571428571841, 0.9619047619047619291, 0.9666666666666666741, 0.9714285714285714191, 0.9761904761904761640, 0.9809523809523809090, 0.9841105731621886399 ),
 .UNSPECIFIED. ) 
 GEOMETRIC_REPRESENTATION_ITEM ( )  RATIONAL_B_SPLINE_SURFACE ( (
 ( 1.000000000000000000, 0.8660254037844387076, 1.000000000000000000, 0.8660254037844387076, 1.000000000000000000, 0.8660254037844387076, 1.000000000000000000, 0.8660254037844387076, 1.000000000000000000, 0.8660254037844387076, 1.000000000000000000, 0.8660254037844387076, 1.000000000000000000, 0.8660254037844387076, 1.000000000000000000, 0.8660254037844387076, 1.000000000000000000, 0.8660254037844387076, 1.000000000000000000, 0.8660254037844387076, 1.000000000000000000, 0.8660254037844387076, 1.000000000000000000, 0.8660254037844387076, 1.000000000000000000, 0.8660254037844387076, 1.000000000000000000, 0.8660254037844387076, 1.000000000000000000, 0.8660254037844387076, 1.000000000000000000, 0.8660254037844387076, 1.000000000000000000, 0.8660254037844387076, 1.000000000000000000, 0.8660254037844387076, 1.000000000000000000, 0.8660254037844387076, 1.000000000000000000, 0.8660254037844387076, 1.000000000000000000, 0.8660254037844387076, 1.000000000000000000, 0.8660254037844387076, 1.000000000000000000, 0.8660254037844387076, 1.000000000000000000, 0.8660254037844387076, 1.000000000000000000, 0.8660254037844387076, 1.000000000000000000, 0.8660254037844387076, 1.000000000000000000, 0.8660254037844387076, 1.000000000000000000, 0.8660254037844387076, 1.000000000000000000, 0.8660254037844387076, 1.000000000000000000, 0.8660254037844387076, 1.000000000000000000, 0.8660254037844387076, 1.000000000000000000, 0.8660254037844387076, 1.000000000000000000, 0.8660254037844387076, 1.000000000000000000, 0.8660254037844387076, 1.000000000000000000, 0.8660254037844387076, 1.000000000000000000, 0.8660254037844387076, 1.000000000000000000, 0.8660254037844387076, 1.000000000000000000, 0.8660254037844387076, 1.000000000000000000, 0.8660254037844387076, 1.000000000000000000, 0.8660254037844387076, 1.000000000000000000, 0.8660254037844387076, 1.000000000000000000, 0.8660254037844387076, 1.000000000000000000, 0.8660254037844387076, 1.000000000000000000, 0.8660254037844387076, 1.000000000000000000, 0.8660254037844387076, 1.000000000000000000, 0.8660254037844387076, 1.000000000000000000, 0.8660254037844387076, 1.000000000000000000, 0.8660254037844387076, 1.000000000000000000, 0.8660254037844387076, 1.000000000000000000, 0.8660254037844387076, 1.000000000000000000, 0.8660254037844387076, 1.000000000000000000, 0.8660254037844387076, 1.000000000000000000, 0.8660254037844387076, 1.000000000000000000, 0.8660254037844387076, 1.000000000000000000, 0.8660254037844387076, 1.000000000000000000, 0.8660254037844387076, 1.000000000000000000, 0.8660254037844387076, 1.000000000000000000, 0.8660254037844387076, 1.000000000000000000, 0.8660254037844387076, 1.000000000000000000, 0.8660254037844387076, 1.000000000000000000, 0.8660254037844387076, 1.000000000000000000, 0.8660254037844387076, 1.000000000000000000, 0.8660254037844387076, 1.000000000000000000, 0.8660254037844387076, 1.000000000000000000, 0.8660254037844387076, 1.000000000000000000, 0.8660254037844387076, 1.000000000000000000, 0.8660254037844387076, 1.000000000000000000, 0.8660254037844387076, 1.000000000000000000, 0.8660254037844387076, 1.000000000000000000, 0.8660254037844387076, 1.000000000000000000, 0.8660254037844387076, 1.000000000000000000, 0.8660254037844387076, 1.000000000000000000, 0.8660254037844387076, 1.000000000000000000, 0.8660254037844387076, 1.000000000000000000, 0.8660254037844387076, 1.000000000000000000, 0.8660254037844387076, 1.000000000000000000, 0.8660254037844387076, 1.000000000000000000, 0.8660254037844387076, 1.000000000000000000, 0.8660254037844387076, 1.000000000000000000, 0.8660254037844387076, 1.000000000000000000, 0.8660254037844387076, 1.000000000000000000, 0.8660254037844387076, 1.000000000000000000, 0.8660254037844387076, 1.000000000000000000, 0.8660254037844387076, 1.000000000000000000, 0.8660254037844387076, 1.000000000000000000, 0.8660254037844387076, 1.000000000000000000, 0.8660254037844387076, 1.000000000000000000, 0.8660254037844387076, 1.000000000000000000, 0.8660254037844387076, 1.000000000000000000, 0.8660254037844387076, 1.000000000000000000, 0.8660254037844387076, 1.000000000000000000, 0.8660254037844387076, 1.000000000000000000, 0.8660254037844387076, 1.000000000000000000, 0.8660254037844387076, 1.000000000000000000, 0.8660254037844387076, 1.000000000000000000, 0.8660254037844387076, 1.000000000000000000, 0.8660254037844387076, 1.000000000000000000, 0.8660254037844387076, 1.000000000000000000, 0.8660254037844387076, 1.000000000000000000, 0.8660254037844387076, 1.000000000000000000, 0.8660254037844387076, 1.000000000000000000, 0.8660254037844387076, 1.000000000000000000, 0.8660254037844387076, 1.000000000000000000, 0.8660254037844387076, 1.000000000000000000, 0.8660254037844387076, 1.000000000000000000, 0.8660254037844387076, 1.000000000000000000, 0.8660254037844387076, 1.000000000000000000, 0.8660254037844387076, 1.000000000000000000, 0.8660254037844387076, 1.000000000000000000, 0.8660254037844387076, 1.000000000000000000, 0.8660254037844387076, 1.000000000000000000, 0.8660254037844387076, 1.000000000000000000, 0.8660254037844387076, 1.000000000000000000, 0.8660254037844387076, 1.000000000000000000, 0.8660254037844387076, 1.000000000000000000, 0.8660254037844387076, 1.000000000000000000, 0.8660254037844387076, 1.000000000000000000, 0.8660254037844387076, 1.000000000000000000, 0.8660254037844387076, 1.000000000000000000, 0.8660254037844387076, 1.000000000000000000, 0.8660254037844387076, 1.000000000000000000, 0.8660254037844387076, 1.000000000000000000, 0.8660254037844387076, 1.000000000000000000, 0.8660254037844387076, 1.000000000000000000, 0.8660254037844387076, 1.000000000000000000, 0.8660254037844387076, 1.000000000000000000, 0.8660254037844387076, 1.000000000000000000, 0.8660254037844387076, 1.000000000000000000, 0.8660254037844387076, 1.000000000000000000, 0.8660254037844387076, 1.000000000000000000, 0.8660254037844387076, 1.000000000000000000, 0.8660254037844387076, 1.000000000000000000, 0.8660254037844387076, 1.000000000000000000, 0.8660254037844387076, 1.000000000000000000, 0.8660254037844387076, 1.000000000000000000, 0.8660254037844387076, 1.000000000000000000, 0.8660254037844387076, 1.000000000000000000, 0.8660254037844387076, 1.000000000000000000, 0.8660254037844387076, 1.000000000000000000, 0.8660254037844387076, 1.000000000000000000, 0.8660254037844387076, 1.000000000000000000, 0.8660254037844387076, 1.000000000000000000, 0.8660254037844387076, 1.000000000000000000, 0.8660254037844387076, 1.000000000000000000, 0.8660254037844387076, 1.000000000000000000, 0.8660254037844387076, 1.000000000000000000, 0.8660254037844387076, 1.000000000000000000, 0.8660254037844387076, 1.000000000000000000, 0.8660254037844387076, 1.000000000000000000, 0.8660254037844387076, 1.000000000000000000, 0.8660254037844387076, 1.000000000000000000, 0.8660254037844387076, 1.000000000000000000, 0.8660254037844387076, 1.000000000000000000, 0.8660254037844387076, 1.000000000000000000, 0.8660254037844387076, 1.000000000000000000, 0.8660254037844387076, 1.000000000000000000, 0.8660254037844387076, 1.000000000000000000, 0.8660254037844387076, 1.000000000000000000, 0.8660254037844387076, 1.000000000000000000, 0.8660254037844387076, 1.000000000000000000, 0.8660254037844387076, 1.000000000000000000, 0.8660254037844387076, 1.000000000000000000, 0.8660254037844387076, 1.000000000000000000, 0.8660254037844387076, 1.000000000000000000, 0.8660254037844387076, 1.000000000000000000, 0.8660254037844387076, 1.000000000000000000, 0.8660254037844387076, 1.000000000000000000, 0.8660254037844387076, 1.000000000000000000, 0.8660254037844387076, 1.000000000000000000, 0.8660254037844387076, 1.000000000000000000, 0.8660254037844387076, 1.000000000000000000, 0.8660254037844387076, 1.000000000000000000, 0.8660254037844387076, 1.000000000000000000, 0.8660254037844387076, 1.000000000000000000, 0.8660254037844387076, 1.000000000000000000, 0.8660254037844387076, 1.000000000000000000, 0.8660254037844387076, 1.000000000000000000, 0.8660254037844387076, 1.000000000000000000, 0.8660254037844387076, 1.000000000000000000, 0.8660254037844387076, 1.000000000000000000, 0.8660254037844387076, 1.000000000000000000, 0.8660254037844387076, 1.000000000000000000, 0.8660254037844387076, 1.000000000000000000, 0.8660254037844387076, 1.000000000000000000, 0.8660254037844387076, 1.000000000000000000, 0.8660254037844387076, 1.000000000000000000, 0.8660254037844387076, 1.000000000000000000, 0.8660254037844387076, 1.000000000000000000, 0.8660254037844387076, 1.000000000000000000, 0.8660254037844387076, 1.000000000000000000, 0.8660254037844387076, 1.000000000000000000, 0.8660254037844387076, 1.000000000000000000, 0.8660254037844387076, 1.000000000000000000, 0.8660254037844387076, 1.000000000000000000, 0.8660254037844387076, 1.000000000000000000, 0.8660254037844387076, 1.000000000000000000, 0.8660254037844387076, 1.000000000000000000, 0.8660254037844387076, 1.000000000000000000, 0.8660254037844387076, 1.000000000000000000, 0.8660254037844387076, 1.000000000000000000, 0.8660254037844387076, 1.000000000000000000, 0.8660254037844387076, 1.000000000000000000, 0.8660254037844387076, 1.000000000000000000, 0.8660254037844387076, 1.000000000000000000, 0.8660254037844387076, 1.000000000000000000, 0.8660254037844387076, 1.000000000000000000, 0.9111453195231761226, 0.9401511061148313253),
 ( 1.000000000000000000, 0.8660254037844387076, 1.000000000000000000, 0.8660254037844387076, 1.000000000000000000, 0.8660254037844387076, 1.000000000000000000, 0.8660254037844387076, 1.000000000000000000, 0.8660254037844387076, 1.000000000000000000, 0.8660254037844387076, 1.000000000000000000, 0.8660254037844387076, 1.000000000000000000, 0.8660254037844387076, 1.000000000000000000, 0.8660254037844387076, 1.000000000000000000, 0.8660254037844387076, 1.000000000000000000, 0.8660254037844387076, 1.000000000000000000, 0.8660254037844387076, 1.000000000000000000, 0.8660254037844387076, 1.000000000000000000, 0.8660254037844387076, 1.000000000000000000, 0.8660254037844387076, 1.000000000000000000, 0.8660254037844387076, 1.000000000000000000, 0.8660254037844387076, 1.000000000000000000, 0.8660254037844387076, 1.000000000000000000, 0.8660254037844387076, 1.000000000000000000, 0.8660254037844387076, 1.000000000000000000, 0.8660254037844387076, 1.000000000000000000, 0.8660254037844387076, 1.000000000000000000, 0.8660254037844387076, 1.000000000000000000, 0.8660254037844387076, 1.000000000000000000, 0.8660254037844387076, 1.000000000000000000, 0.8660254037844387076, 1.000000000000000000, 0.8660254037844387076, 1.000000000000000000, 0.8660254037844387076, 1.000000000000000000, 0.8660254037844387076, 1.000000000000000000, 0.8660254037844387076, 1.000000000000000000, 0.8660254037844387076, 1.000000000000000000, 0.8660254037844387076, 1.000000000000000000, 0.8660254037844387076, 1.000000000000000000, 0.8660254037844387076, 1.000000000000000000, 0.8660254037844387076, 1.000000000000000000, 0.8660254037844387076, 1.000000000000000000, 0.8660254037844387076, 1.000000000000000000, 0.8660254037844387076, 1.000000000000000000, 0.8660254037844387076, 1.000000000000000000, 0.8660254037844387076, 1.000000000000000000, 0.8660254037844387076, 1.000000000000000000, 0.8660254037844387076, 1.000000000000000000, 0.8660254037844387076, 1.000000000000000000, 0.8660254037844387076, 1.000000000000000000, 0.8660254037844387076, 1.000000000000000000, 0.8660254037844387076, 1.000000000000000000, 0.8660254037844387076, 1.000000000000000000, 0.8660254037844387076, 1.000000000000000000, 0.8660254037844387076, 1.000000000000000000, 0.8660254037844387076, 1.000000000000000000, 0.8660254037844387076, 1.000000000000000000, 0.8660254037844387076, 1.000000000000000000, 0.8660254037844387076, 1.000000000000000000, 0.8660254037844387076, 1.000000000000000000, 0.8660254037844387076, 1.000000000000000000, 0.8660254037844387076, 1.000000000000000000, 0.8660254037844387076, 1.000000000000000000, 0.8660254037844387076, 1.000000000000000000, 0.8660254037844387076, 1.000000000000000000, 0.8660254037844387076, 1.000000000000000000, 0.8660254037844387076, 1.000000000000000000, 0.8660254037844387076, 1.000000000000000000, 0.8660254037844387076, 1.000000000000000000, 0.8660254037844387076, 1.000000000000000000, 0.8660254037844387076, 1.000000000000000000, 0.8660254037844387076, 1.000000000000000000, 0.8660254037844387076, 1.000000000000000000, 0.8660254037844387076, 1.000000000000000000, 0.8660254037844387076, 1.000000000000000000, 0.8660254037844387076, 1.000000000000000000, 0.8660254037844387076, 1.000000000000000000, 0.8660254037844387076, 1.000000000000000000, 0.8660254037844387076, 1.000000000000000000, 0.8660254037844387076, 1.000000000000000000, 0.8660254037844387076, 1.000000000000000000, 0.8660254037844387076, 1.000000000000000000, 0.8660254037844387076, 1.000000000000000000, 0.8660254037844387076, 1.000000000000000000, 0.8660254037844387076, 1.000000000000000000, 0.8660254037844387076, 1.000000000000000000, 0.8660254037844387076, 1.000000000000000000, 0.8660254037844387076, 1.000000000000000000, 0.8660254037844387076, 1.000000000000000000, 0.8660254037844387076, 1.000000000000000000, 0.8660254037844387076, 1.000000000000000000, 0.8660254037844387076, 1.000000000000000000, 0.8660254037844387076, 1.000000000000000000, 0.8660254037844387076, 1.000000000000000000, 0.8660254037844387076, 1.000000000000000000, 0.8660254037844387076, 1.000000000000000000, 0.8660254037844387076, 1.000000000000000000, 0.8660254037844387076, 1.000000000000000000, 0.8660254037844387076, 1.000000000000000000, 0.8660254037844387076, 1.000000000000000000, 0.8660254037844387076, 1.000000000000000000, 0.8660254037844387076, 1.000000000000000000, 0.8660254037844387076, 1.000000000000000000, 0.8660254037844387076, 1.000000000000000000, 0.8660254037844387076, 1.000000000000000000, 0.8660254037844387076, 1.000000000000000000, 0.8660254037844387076, 1.000000000000000000, 0.8660254037844387076, 1.000000000000000000, 0.8660254037844387076, 1.000000000000000000, 0.8660254037844387076, 1.000000000000000000, 0.8660254037844387076, 1.000000000000000000, 0.8660254037844387076, 1.000000000000000000, 0.8660254037844387076, 1.000000000000000000, 0.8660254037844387076, 1.000000000000000000, 0.8660254037844387076, 1.000000000000000000, 0.8660254037844387076, 1.000000000000000000, 0.8660254037844387076, 1.000000000000000000, 0.8660254037844387076, 1.000000000000000000, 0.8660254037844387076, 1.000000000000000000, 0.8660254037844387076, 1.000000000000000000, 0.8660254037844387076, 1.000000000000000000, 0.8660254037844387076, 1.000000000000000000, 0.8660254037844387076, 1.000000000000000000, 0.8660254037844387076, 1.000000000000000000, 0.8660254037844387076, 1.000000000000000000, 0.8660254037844387076, 1.000000000000000000, 0.8660254037844387076, 1.000000000000000000, 0.8660254037844387076, 1.000000000000000000, 0.8660254037844387076, 1.000000000000000000, 0.8660254037844387076, 1.000000000000000000, 0.8660254037844387076, 1.000000000000000000, 0.8660254037844387076, 1.000000000000000000, 0.8660254037844387076, 1.000000000000000000, 0.8660254037844387076, 1.000000000000000000, 0.8660254037844387076, 1.000000000000000000, 0.8660254037844387076, 1.000000000000000000, 0.8660254037844387076, 1.000000000000000000, 0.8660254037844387076, 1.000000000000000000, 0.8660254037844387076, 1.000000000000000000, 0.8660254037844387076, 1.000000000000000000, 0.8660254037844387076, 1.000000000000000000, 0.8660254037844387076, 1.000000000000000000, 0.8660254037844387076, 1.000000000000000000, 0.8660254037844387076, 1.000000000000000000, 0.8660254037844387076, 1.000000000000000000, 0.8660254037844387076, 1.000000000000000000, 0.8660254037844387076, 1.000000000000000000, 0.8660254037844387076, 1.000000000000000000, 0.8660254037844387076, 1.000000000000000000, 0.8660254037844387076, 1.000000000000000000, 0.8660254037844387076, 1.000000000000000000, 0.8660254037844387076, 1.000000000000000000, 0.8660254037844387076, 1.000000000000000000, 0.8660254037844387076, 1.000000000000000000, 0.8660254037844387076, 1.000000000000000000, 0.8660254037844387076, 1.000000000000000000, 0.8660254037844387076, 1.000000000000000000, 0.8660254037844387076, 1.000000000000000000, 0.8660254037844387076, 1.000000000000000000, 0.8660254037844387076, 1.000000000000000000, 0.8660254037844387076, 1.000000000000000000, 0.8660254037844387076, 1.000000000000000000, 0.8660254037844387076, 1.000000000000000000, 0.8660254037844387076, 1.000000000000000000, 0.8660254037844387076, 1.000000000000000000, 0.8660254037844387076, 1.000000000000000000, 0.8660254037844387076, 1.000000000000000000, 0.8660254037844387076, 1.000000000000000000, 0.8660254037844387076, 1.000000000000000000, 0.8660254037844387076, 1.000000000000000000, 0.8660254037844387076, 1.000000000000000000, 0.8660254037844387076, 1.000000000000000000, 0.8660254037844387076, 1.000000000000000000, 0.8660254037844387076, 1.000000000000000000, 0.8660254037844387076, 1.000000000000000000, 0.8660254037844387076, 1.000000000000000000, 0.8660254037844387076, 1.000000000000000000, 0.8660254037844387076, 1.000000000000000000, 0.8660254037844387076, 1.000000000000000000, 0.8660254037844387076, 1.000000000000000000, 0.8660254037844387076, 1.000000000000000000, 0.8660254037844387076, 1.000000000000000000, 0.8660254037844387076, 1.000000000000000000, 0.8660254037844387076, 1.000000000000000000, 0.8660254037844387076, 1.000000000000000000, 0.8660254037844387076, 1.000000000000000000, 0.8660254037844387076, 1.000000000000000000, 0.8660254037844387076, 1.000000000000000000, 0.8660254037844387076, 1.000000000000000000, 0.8660254037844387076, 1.000000000000000000, 0.8660254037844387076, 1.000000000000000000, 0.8660254037844387076, 1.000000000000000000, 0.8660254037844387076, 1.000000000000000000, 0.8660254037844387076, 1.000000000000000000, 0.8660254037844387076, 1.000000000000000000, 0.8660254037844387076, 1.000000000000000000, 0.8660254037844387076, 1.000000000000000000, 0.8660254037844387076, 1.000000000000000000, 0.8660254037844387076, 1.000000000000000000, 0.8660254037844387076, 1.000000000000000000, 0.8660254037844387076, 1.000000000000000000, 0.8660254037844387076, 1.000000000000000000, 0.8660254037844387076, 1.000000000000000000, 0.8660254037844387076, 1.000000000000000000, 0.8660254037844387076, 1.000000000000000000, 0.8660254037844387076, 1.000000000000000000, 0.8660254037844387076, 1.000000000000000000, 0.8660254037844387076, 1.000000000000000000, 0.8660254037844387076, 1.000000000000000000, 0.8660254037844387076, 1.000000000000000000, 0.8660254037844387076, 1.000000000000000000, 0.8660254037844387076, 1.000000000000000000, 0.9111453195231761226, 0.9401511061148313253) ) ) 
 REPRESENTATION_ITEM ( '' )  SURFACE ( )  );
#4019 = CARTESIAN_POINT ( 'NONE',  ( 0.6249999993749988381, 10.05937500061451750, -1.082531753648015460 ) ) ;
#4020 = CARTESIAN_POINT ( 'NONE',  ( 1.249999998749999008, 2.746875000614518392, 0.7216878357653431220 ) ) ;
#4021 = CARTESIAN_POINT ( 'NONE',  ( 1.006430354999998666, -0.2249999999999995060, -1.232521712815482580E-16 ) ) ;
#4022 = CARTESIAN_POINT ( 'NONE',  ( 1.006430354999998888, 5.700000001229035718, 0.5810628363798593377 ) ) ;
#4023 = CARTESIAN_POINT ( 'NONE',  ( 1.006430354999998666, 2.587500001229035451, 0.000000000000000000 ) ) ;
#4024 = CARTESIAN_POINT ( 'NONE',  ( -1.006430354999998000, 6.450000001229034829, 0.5810628363798603369 ) ) ;
#4025 = CARTESIAN_POINT ( 'NONE',  ( 0.6249999993749997262, 4.959375000614516971, 1.082531753648015238 ) ) ;
#4026 = CARTESIAN_POINT ( 'NONE',  ( -1.175486652180526182E-16, 1.546875000614518658, -1.443375671530686910 ) ) ;
#4027 = CYLINDRICAL_SURFACE ( 'NONE', #73, 1.006430354999998666 ) ;
#4028 = CARTESIAN_POINT ( 'NONE',  ( 1.249999998749998342, 9.121875000614517504, -0.7216878357653438991 ) ) ;
#4029 = CARTESIAN_POINT ( 'NONE',  ( 0.5032151774999996663, 5.550000000000000711, 0.8715942545697895616 ) ) ;
#4030 = CARTESIAN_POINT ( 'NONE',  ( 1.249999998749998342, 6.365625000614516971, -0.7216878357653438991 ) ) ;
#4031 = AXIS2_PLACEMENT_3D ( 'NONE', #2305, #20, #5486 ) ;
#4032 = DIRECTION ( 'NONE',  ( -1.885568995626964287E-17, 1.000000000000000000, 0.000000000000000000 ) ) ;
#4033 = ADVANCED_FACE ( 'NONE', ( #4747 ), #2802, .F. ) ;
#4034 = CARTESIAN_POINT ( 'NONE',  ( 0.6249999993749990601, -1.696874999385483251, -1.082531753648015460 ) ) ;
#4035 = CARTESIAN_POINT ( 'NONE',  ( 0.2634828508014802617, 5.531250000000002665, 1.006430354999998888 ) ) ;
#4036 = ADVANCED_FACE ( 'NONE', ( #5222 ), #2946, .F. ) ;
#4037 = ORIENTED_EDGE ( 'NONE', *, *, #3848, .F. ) ;
#4038 = DIRECTION ( 'NONE',  ( -1.885568995626964287E-17, 1.000000000000000000, -0.000000000000000000 ) ) ;
#4039 = CARTESIAN_POINT ( 'NONE',  ( 0.6249999993749997262, 7.153125000614516615, 1.082531753648015238 ) ) ;
#4040 = CARTESIAN_POINT ( 'NONE',  ( -1.249999998749998564, 5.615625000614516971, -0.7216878357653433440 ) ) ;
#4041 = EDGE_LOOP ( 'NONE', ( #3498, #1435, #2866, #1190 ) ) ;
#4042 = CARTESIAN_POINT ( 'NONE',  ( 1.006430354999998888, 7.893749999999999822, -0.2634828508014801507 ) ) ;
#4043 = CARTESIAN_POINT ( 'NONE',  ( -3.031593632250818423E-16, 11.39062500061451644, -1.443375671530686910 ) ) ;
#4044 = CARTESIAN_POINT ( 'NONE',  ( 0.5032151774999997773, -1.087499998770963927, 0.8715942545697895616 ) ) ;
#4045 = CARTESIAN_POINT ( 'NONE',  ( 0.6249999993749988381, 6.909375000614518036, -1.082531753648015460 ) ) ;
#4046 = CARTESIAN_POINT ( 'NONE',  ( 1.249999998749998564, 2.334375000614518303, -1.530808497403381346E-16 ) ) ;
#4047 = CARTESIAN_POINT ( 'NONE',  ( 0.5032151774999992222, -1.049999999999998934, -0.8715942545697897836 ) ) ;
#4048 = CARTESIAN_POINT ( 'NONE',  ( -1.006430354999998888, 11.25643035500000266, 0.000000000000000000 ) ) ;
#4049 = CARTESIAN_POINT ( 'NONE',  ( 0.2634828508014799286, 4.631249999999999645, 1.006430354999998666 ) ) ;
#4050 = VERTEX_POINT ( 'NONE', #2020 ) ;
#4051 = CARTESIAN_POINT ( 'NONE',  ( 0.5032151774999991112, 2.662500001229036073, -0.8715942545697897836 ) ) ;
#4052 = CARTESIAN_POINT ( 'NONE',  ( 8.196058533466818482E-17, 6.975000001229035185, 1.162125672759719563 ) ) ;
#4053 = CARTESIAN_POINT ( 'NONE',  ( 1.893085813616235199E-16, 4.021875000614517859, 1.443375671530686910 ) ) ;
#4054 = CARTESIAN_POINT ( 'NONE',  ( -0.6249999993749993932, -0.2156249993854816860, -1.082531753648015460 ) ) ;
#4055 = CARTESIAN_POINT ( 'NONE',  ( -0.5032151774999986671, 1.087500001229035895, 0.8715942545697901167 ) ) ;
#4056 = CARTESIAN_POINT ( 'NONE',  ( -1.249999998749998786, 10.20937500061451608, 0.000000000000000000 ) ) ;
#4057 = CARTESIAN_POINT ( 'NONE',  ( -1.006430354999998666, 6.262500000000000178, -0.5810628363798596707 ) ) ;
#4058 = CARTESIAN_POINT ( 'NONE',  ( 1.249999998749998564, 5.428125000614516082, -1.530808497403381346E-16 ) ) ;
#4059 = CARTESIAN_POINT ( 'NONE',  ( -1.249999998749998342, 0.2906250006145180698, 0.7216878357653442322 ) ) ;
#4060 = CARTESIAN_POINT ( 'NONE',  ( 1.006430354999998666, 12.90000000122903323, 0.5810628363798594487 ) ) ;
#4061 = CARTESIAN_POINT ( 'NONE',  ( 0.9703991295750908908, 0.2435665981791107215, -0.2668849728123993681 ) ) ;
#4062 = EDGE_LOOP ( 'NONE', ( #5485, #4393, #4429, #5707 ) ) ;
#4063 = CARTESIAN_POINT ( 'NONE',  ( 1.006430354999998222, 8.925000001229035362, -0.5810628363798601148 ) ) ;
#4064 = EDGE_CURVE ( 'NONE', #1729, #1484, #3849, .T. ) ;
#4065 = CARTESIAN_POINT ( 'NONE',  ( 1.249999998749999008, 7.190625000614516260, 0.7216878357653431220 ) ) ;
#4066 = CARTESIAN_POINT ( 'NONE',  ( -2.013386374612258177E-16, 5.990625000614516971, -1.443375671530686910 ) ) ;
#4067 = ORIENTED_EDGE ( 'NONE', *, *, #2968, .F. ) ;
#4068 =( NAMED_UNIT ( * ) SI_UNIT ( $, .STERADIAN. ) SOLID_ANGLE_UNIT ( ) );
#4069 = CARTESIAN_POINT ( 'NONE',  ( 0.2634828508014802062, 11.11874999999999858, -1.006430354999998666 ) ) ;
#4070 = CARTESIAN_POINT ( 'NONE',  ( 8.006342767748628344E-17, 9.815625000614518925, 1.443375671530686910 ) ) ;
#4071 = CARTESIAN_POINT ( 'NONE',  ( -1.006430354999998666, 0.07500000122903638378, -0.5810628363798596707 ) ) ;
#4072 = CARTESIAN_POINT ( 'NONE',  ( 0.6249999993749997262, 9.009375000614516793, 1.082531753648015238 ) ) ;
#4073 = ADVANCED_FACE ( 'NONE', ( #992 ), #1415, .T. ) ;
#4074 = CARTESIAN_POINT ( 'NONE',  ( -1.345187861786952684E-16, 2.446875000614518125, -1.443375671530686910 ) ) ;
#4075 = CARTESIAN_POINT ( 'NONE',  ( 1.249999998749998342, 12.23437500061451821, -1.530808497403381346E-16 ) ) ;
#4076 = CARTESIAN_POINT ( 'NONE',  ( -1.814654605349594135E-16, 5.850000001229035185, -1.162125672759719341 ) ) ;
#4077 = CARTESIAN_POINT ( 'NONE',  ( 1.006430354999998666, 3.037500001229036073, 0.000000000000000000 ) ) ;
#4078 = VERTEX_POINT ( 'NONE', #5523 ) ;
#4079 = DIRECTION ( 'NONE',  ( -1.885568995626964287E-17, 1.000000000000000000, -0.000000000000000000 ) ) ;
#4080 = CARTESIAN_POINT ( 'NONE',  ( 1.006430354999998000, 7.575000001229034829, -0.5810628363798602258 ) ) ;
#4081 = CARTESIAN_POINT ( 'NONE',  ( -0.6249999993749993932, 3.834375000614518303, -1.082531753648015460 ) ) ;
#4082 = CARTESIAN_POINT ( 'NONE',  ( -1.006430354999997778, 1.912500003668573978, 3.780068138510202370E-08 ) ) ;
#4083 = CARTESIAN_POINT ( 'NONE',  ( -2.168404344971008868E-16, 11.50000000000000000, 0.000000000000000000 ) ) ;
#4084 = CARTESIAN_POINT ( 'NONE',  ( 0.6249999993749987270, 10.50937500061451679, -1.082531753648015460 ) ) ;
#4085 = CARTESIAN_POINT ( 'NONE',  ( -1.006430354999998000, 4.987500000000001599, 0.5810628363798603369 ) ) ;
#4086 = CARTESIAN_POINT ( 'NONE',  ( -0.6249999993749985050, 7.078125000614516438, 1.082531753648015904 ) ) ;
#4087 = CARTESIAN_POINT ( 'NONE',  ( 1.249999998749999008, 0.4406250006145171483, 0.7216878357653431220 ) ) ;
#4088 = CARTESIAN_POINT ( 'NONE',  ( -1.249999998749998564, -2.034374999385482496, -0.7216878357653433440 ) ) ;
#4089 = CARTESIAN_POINT ( 'NONE',  ( 1.006430354999998888, 9.243750000000002132, -0.2634828508014800952 ) ) ;
#4090 = ORIENTED_EDGE ( 'NONE', *, *, #4106, .F. ) ;
#4091 = CARTESIAN_POINT ( 'NONE',  ( 1.006430354999998666, 3.037500001229036073, 0.000000000000000000 ) ) ;
#4092 = CARTESIAN_POINT ( 'NONE',  ( -1.249999998749998342, 6.140625000614518214, 0.7216878357653442322 ) ) ;
#4093 = CARTESIAN_POINT ( 'NONE',  ( 0.6249999993749989491, 4.603125000614516793, -1.082531753648015460 ) ) ;
#4094 = CARTESIAN_POINT ( 'NONE',  ( -0.5253432182843931209, 8.024999999999996803, -0.8979642393405734557 ) ) ;
#4095 = CARTESIAN_POINT ( 'NONE',  ( -1.249999998749998786, 8.353125000614516793, 0.000000000000000000 ) ) ;
#4096 = B_SPLINE_CURVE_WITH_KNOTS ( 'NONE', 3,
 ( #2378, #1932, #2800, #92, #31, #2406, #5524, #5162, #4631, #511, #3307, #4238, #1962, #60, #3757, #5587 ),
 .UNSPECIFIED., .F., .F.,
 ( 4, 2, 2, 2, 2, 2, 2, 4 ),
 ( 0.002771013610757545355, 0.003178589645637508194, 0.003586165680517471033, 0.004401317750277395843, 0.004808893785157359116, 0.005216469820037321521, 0.005624045854917284794, 0.006031621889797247199 ),
 .UNSPECIFIED. ) ;
#4097 = CARTESIAN_POINT ( 'NONE',  ( -2.873437188917532111E-17, -2.249999998770964460, -1.162125672759719563 ) ) ;
#4098 = CARTESIAN_POINT ( 'NONE',  ( 0.6249999993749988381, 8.709375000614517859, -1.082531753648015460 ) ) ;
#4099 = CARTESIAN_POINT ( 'NONE',  ( 1.249999998749998342, 3.721875000614518036, -0.7216878357653438991 ) ) ;
#4100 = CARTESIAN_POINT ( 'NONE',  ( -0.6249999993749986160, 12.98437500061451644, 1.082531753648015904 ) ) ;
#4101 = DIRECTION ( 'NONE',  ( -1.000000000000000000, -1.885568995626964595E-17, 0.000000000000000000 ) ) ;
#4102 = CARTESIAN_POINT ( 'NONE',  ( -1.249999998749998786, 10.60312500061451679, 0.000000000000000000 ) ) ;
#4103 = ORIENTED_EDGE ( 'NONE', *, *, #2241, .F. ) ;
#4104 = CARTESIAN_POINT ( 'NONE',  ( -0.8979642393405734557, 5.362499999999999822, -0.5253432182843935649 ) ) ;
#4105 = CARTESIAN_POINT ( 'NONE',  ( -0.5032151774999995553, 7.237500001229035362, -0.8715942545697896726 ) ) ;
#4106 = EDGE_CURVE ( 'NONE', #3616, #4078, #3370, .T. ) ;
#4107 = CARTESIAN_POINT ( 'NONE',  ( -1.249999998749998564, 2.521875000614516971, -0.7216878357653433440 ) ) ;
#4108 = DIRECTION ( 'NONE',  ( -1.885568995626964287E-17, 1.000000000000000000, -0.000000000000000000 ) ) ;
#4109 = CARTESIAN_POINT ( 'NONE',  ( 0.5032151774999996663, 9.262500001229033941, 0.8715942545697895616 ) ) ;
#4110 = CARTESIAN_POINT ( 'NONE',  ( 0.6249999993749988381, 10.05937500061451750, -1.082531753648015460 ) ) ;
#4111 = CARTESIAN_POINT ( 'NONE',  ( 1.349922133598508644E-16, 4.162500000000001421, 1.162125672759719563 ) ) ;
#4112 = CARTESIAN_POINT ( 'NONE',  ( 1.249999998749999008, 6.740625000614516971, 0.7216878357653431220 ) ) ;
#4113 = CARTESIAN_POINT ( 'NONE',  ( 0.2634828508014800952, 1.218750000000000444, -1.006430354999998666 ) ) ;
#4114 = CARTESIAN_POINT ( 'NONE',  ( -9.951791169736978072E-17, 0.5906250006145178366, -1.443375671530686910 ) ) ;
#4115 = CARTESIAN_POINT ( 'NONE',  ( -1.006430354999998888, 13.16250000122903430, 0.000000000000000000 ) ) ;
#4116 = CARTESIAN_POINT ( 'NONE',  ( 0.2634828508014800952, 6.881250000000001421, 1.006430354999998666 ) ) ;
#4117 = VECTOR ( 'NONE', #1049, 1000.000000000000000 ) ;
#4118 = ORIENTED_EDGE ( 'NONE', *, *, #1909, .T. ) ;
#4119 = CARTESIAN_POINT ( 'NONE',  ( -2.168404344971008868E-16, 11.50000000000000000, 0.000000000000000000 ) ) ;
#4120 = CARTESIAN_POINT ( 'NONE',  ( -0.5032151774999988891, 10.87500000000000000, 0.8715942545697901167 ) ) ;
#4121 = CARTESIAN_POINT ( 'NONE',  ( -0.6249999993749996152, 12.77812500061451750, -1.082531753648015460 ) ) ;
#4122 = CARTESIAN_POINT ( 'NONE',  ( -0.6249999993749985050, 7.078125000614516438, 1.082531753648015904 ) ) ;
#4123 = CARTESIAN_POINT ( 'NONE',  ( 1.249999998749998342, 5.915625000614517681, -0.7216878357653438991 ) ) ;
#4124 = ORIENTED_EDGE ( 'NONE', *, *, #4340, .T. ) ;
#4125 = CARTESIAN_POINT ( 'NONE',  ( -1.006430354999998888, 8.081250000000000711, -0.2634828508014804838 ) ) ;
#4126 = CARTESIAN_POINT ( 'NONE',  ( 1.249999998749998564, 7.228125000614516793, -1.530808497403381346E-16 ) ) ;
#4127 = VECTOR ( 'NONE', #2724, 1000.000000000000000 ) ;
#4128 = CARTESIAN_POINT ( 'NONE',  ( -1.249999998749998564, 7.021875000614517859, -0.7216878357653433440 ) ) ;
#4129 = CARTESIAN_POINT ( 'NONE',  ( 2.487040047238728944E-16, 0.8718750006145182807, 1.443375671530686910 ) ) ;
#4130 = CARTESIAN_POINT ( 'NONE',  ( -3.296751772260859926E-16, 12.79687500061451644, -1.443375671530686910 ) ) ;
#4131 = CARTESIAN_POINT ( 'NONE',  ( -1.249999999999998890, 11.50000000000000000, 0.000000000000000000 ) ) ;
#4132 = CARTESIAN_POINT ( 'NONE',  ( 1.249999998749998342, 11.27812500061451573, -1.530808497403381346E-16 ) ) ;
#4133 = ORIENTED_EDGE ( 'NONE', *, *, #1361, .T. ) ;
#4134 = CARTESIAN_POINT ( 'NONE',  ( 0.5032151774999997773, 2.062500001229035984, 0.8715942545697895616 ) ) ;
#4135 = CARTESIAN_POINT ( 'NONE',  ( -0.5032151774999986671, 4.237500001229036251, 0.8715942545697901167 ) ) ;
#4136 = CARTESIAN_POINT ( 'NONE',  ( 2.062787023222661948E-16, 3.121875000614518392, 1.443375671530686910 ) ) ;
#4137 = CARTESIAN_POINT ( 'NONE',  ( -2.748011258184941624E-16, 10.80000000122903536, -1.162125672759719341 ) ) ;
#4138 = CARTESIAN_POINT ( 'NONE',  ( 0.2634828508014802062, 8.418750000000001066, -1.006430354999998666 ) ) ;
#4139 = EDGE_CURVE ( 'NONE', #5593, #5635, #379, .T. ) ;
#4140 = CARTESIAN_POINT ( 'NONE',  ( -0.6249999993749985050, 10.28437500061451715, 1.082531753648015904 ) ) ;
#4141 = CARTESIAN_POINT ( 'NONE',  ( -1.006430354999998666, 4.012500000000000178, -0.5810628363798596707 ) ) ;
#4142 = VECTOR ( 'NONE', #902, 1000.000000000000000 ) ;
#4143 = CARTESIAN_POINT ( 'NONE',  ( -1.249999998749998342, 4.790625000614515905, 0.7216878357653442322 ) ) ;
#4144 = CARTESIAN_POINT ( 'NONE',  ( -0.2634828508014799286, 2.156249999999999556, -1.006430354999998666 ) ) ;
#4145 = CARTESIAN_POINT ( 'NONE',  ( -0.8979642393405731227, 1.762500000000002176, -0.5253432182843935649 ) ) ;
#4146 = CARTESIAN_POINT ( 'NONE',  ( 1.006430354999998666, 2.925000000000000711, 0.000000000000000000 ) ) ;
#4147 = CARTESIAN_POINT ( 'NONE',  ( -0.5032151774999988891, 12.33750000122903501, 0.8715942545697901167 ) ) ;
#4148 = CARTESIAN_POINT ( 'NONE',  ( 0.5032151774999991112, 0.3000000000000016542, -0.8715942545697897836 ) ) ;
#4149 = ORIENTED_EDGE ( 'NONE', *, *, #2452, .T. ) ;
#4150 = CARTESIAN_POINT ( 'NONE',  ( -1.006430354999998666, 10.01250000273418372, 2.332229837269090123E-08 ) ) ;
#4151 = CARTESIAN_POINT ( 'NONE',  ( 0.5032151774999995553, 11.84999999999999964, 0.8715942545697895616 ) ) ;
#4152 = CARTESIAN_POINT ( 'NONE',  ( 1.249999998749998564, 12.59062500061451573, 0.7216878357653431220 ) ) ;
#4153 = EDGE_CURVE ( 'NONE', #4050, #2630, #3173, .T. ) ;
#4154 = CARTESIAN_POINT ( 'NONE',  ( -0.6249999993749995042, 5.578125000614516438, -1.082531753648015460 ) ) ;
#4155 = CARTESIAN_POINT ( 'NONE',  ( 1.249999998749998342, 3.665625000614517681, -0.7216878357653438991 ) ) ;
#4156 = CARTESIAN_POINT ( 'NONE',  ( 1.583261296575602218E-16, 2.925000001229036695, 1.162125672759719341 ) ) ;
#4157 = CARTESIAN_POINT ( 'NONE',  ( 1.224887300790929706E-16, 7.565625000614517148, 1.443375671530686910 ) ) ;
#4158 = CARTESIAN_POINT ( 'NONE',  ( -1.560102790939953642E-16, 4.500000001229034652, -1.162125672759719341 ) ) ;
#4159 = EDGE_CURVE ( 'NONE', #3342, #2898, #4568, .T. ) ;
#4160 = CARTESIAN_POINT ( 'NONE',  ( -1.249999998749999008, 7.921875000614517326, -0.7216878357653433440 ) ) ;
#4161 = CARTESIAN_POINT ( 'NONE',  ( -1.249999998749998564, 0.2718750006145184139, -0.7216878357653433440 ) ) ;
#4162 = CARTESIAN_POINT ( 'NONE',  ( 1.249999998749998564, 11.74687500061451750, 0.7216878357653431220 ) ) ;
#4163 = CARTESIAN_POINT ( 'NONE',  ( -0.9767770462641652829, 11.41038549848939887, -0.6265008404101530815 ) ) ;
#4164 = CARTESIAN_POINT ( 'NONE',  ( 0.6249999993749996152, 10.75312500061451537, 1.082531753648015238 ) ) ;
#4165 = ORIENTED_EDGE ( 'NONE', *, *, #4920, .F. ) ;
#4166 = CARTESIAN_POINT ( 'NONE',  ( -0.5253432182843932319, 5.324999999999999289, -0.8979642393405733447 ) ) ;
#4167 = CARTESIAN_POINT ( 'NONE',  ( 0.5032151774999991112, 3.112500001229034918, -0.8715942545697897836 ) ) ;
#4168 = CARTESIAN_POINT ( 'NONE',  ( 0.6249999993749998373, 2.259375000614518125, 1.082531753648015238 ) ) ;
#4169 = CARTESIAN_POINT ( 'NONE',  ( -1.006430354999998222, 1.349999998121171885, -2.911246540163489503E-08 ) ) ;
#4170 = DIRECTION ( 'NONE',  ( -1.885568995626964287E-17, 1.000000000000000000, -0.000000000000000000 ) ) ;
#4171 = CARTESIAN_POINT ( 'NONE',  ( -1.249999998749998564, 7.509375000614517681, 0.000000000000000000 ) ) ;
#4172 =( BOUNDED_CURVE ( )  B_SPLINE_CURVE ( 2, ( #1675, #768, #5810, #143, #1074, #4767, #3505 ),
 .UNSPECIFIED., .F., .T. ) 
 B_SPLINE_CURVE_WITH_KNOTS ( ( 3, 2, 2, 3 ),
 ( 0.2758110342409386129, 0.2806498243153410788, 0.2854886143897434891, 0.2903274043175489427 ),
 .UNSPECIFIED. ) 
 CURVE ( )  GEOMETRIC_REPRESENTATION_ITEM ( )  RATIONAL_B_SPLINE_CURVE ( ( 1.000000000000000000, 0.8660254037844387076, 1.000000000000000000, 0.8660254037844387076, 1.000000000000000000, 0.8660254037844387076, 1.000000000000000000 ) ) 
 REPRESENTATION_ITEM ( '' )  );
#4173 = CARTESIAN_POINT ( 'NONE',  ( 1.095370319188868521E-16, 5.512499999999999289, 1.162125672759719563 ) ) ;
#4174 = CARTESIAN_POINT ( 'NONE',  ( -1.249999998749998564, 4.753125000614517148, 0.000000000000000000 ) ) ;
#4175 = CARTESIAN_POINT ( 'NONE',  ( 0.4687467380920178894, -1.950718360047898674E-07, 1.158782331761703199 ) ) ;
#4176 = CARTESIAN_POINT ( 'NONE',  ( 0.5032151774999996663, 6.562500001229035540, 0.8715942545697895616 ) ) ;
#4177 = CARTESIAN_POINT ( 'NONE',  ( -2.168404344971008868E-16, 11.50000000000000000, 0.000000000000000000 ) ) ;
#4178 = B_SPLINE_CURVE_WITH_KNOTS ( 'NONE', 3,
 ( #1656, #1591, #627, #4267, #5728, #2942, #1562, #5280, #3485, #3004 ),
 .UNSPECIFIED., .F., .F.,
 ( 4, 2, 2, 2, 4 ),
 ( 0.000000000000000000, 0.1249999999999999722, 0.2499999999999999445, 0.3749999999999999445, 0.5000000000000000000 ),
 .UNSPECIFIED. ) ;
#4179 = CARTESIAN_POINT ( 'NONE',  ( 1.006430354999998666, 12.00000000122903465, 0.5810628363798594487 ) ) ;
#4180 = CYLINDRICAL_SURFACE ( 'NONE', #3096, 1.006430354999998666 ) ;
#4181 = CARTESIAN_POINT ( 'NONE',  ( 1.006430354999998666, 6.075000000000000178, 0.000000000000000000 ) ) ;
#4182 = CARTESIAN_POINT ( 'NONE',  ( -1.006430354999998888, 12.14999999999999858, 0.000000000000000000 ) ) ;
#4183 = CARTESIAN_POINT ( 'NONE',  ( -1.249999998749998342, 11.99062500061451608, 0.7216878357653442322 ) ) ;
#4184 = CARTESIAN_POINT ( 'NONE',  ( -1.249999998749998342, 4.790625000614515905, 0.7216878357653442322 ) ) ;
#4185 = CARTESIAN_POINT ( 'NONE',  ( 1.249999998749998342, 3.215625000614516615, -0.7216878357653438991 ) ) ;
#4186 = ORIENTED_EDGE ( 'NONE', *, *, #4842, .T. ) ;
#4187 = AXIS2_PLACEMENT_3D ( 'NONE', #55, #3720, #4431 ) ;
#4188 = CARTESIAN_POINT ( 'NONE',  ( -1.006430354999998666, 4.162500000707190395, -8.085996822096392373E-09 ) ) ;
#4189 = CARTESIAN_POINT ( 'NONE',  ( 1.249999998749998342, 7.678125000614516082, -1.530808497403381346E-16 ) ) ;
#4190 = CARTESIAN_POINT ( 'NONE',  ( -0.5032151774999995553, 4.537500001229036073, -0.8715942545697896726 ) ) ;
#4191 = CARTESIAN_POINT ( 'NONE',  ( -1.249999998749998342, 5.296875000614518214, 0.7216878357653442322 ) ) ;
#4192 = CARTESIAN_POINT ( 'NONE',  ( -0.6249999993749983940, -0.5156249993854815639, 1.082531753648015904 ) ) ;
#4193 = CARTESIAN_POINT ( 'NONE',  ( 0.6249999993749987270, 12.75937500061451679, -1.082531753648015460 ) ) ;
#4194 = CARTESIAN_POINT ( 'NONE',  ( -0.5999508777458343323, 11.33925559318802634, -0.9092852727789003664 ) ) ;
#4195 = CARTESIAN_POINT ( 'NONE',  ( -1.006430354999998666, 11.24999999876646584, -1.911364270665279385E-08 ) ) ;
#4196 = ORIENTED_EDGE ( 'NONE', *, *, #3000, .T. ) ;
#4197 = DIRECTION ( 'NONE',  ( -1.000000000000000000, -2.693187280915989460E-17, 0.000000000000000000 ) ) ;
#4198 = VECTOR ( 'NONE', #1267, 1000.000000000000000 ) ;
#4199 = CARTESIAN_POINT ( 'NONE',  ( -0.5032151774999986671, 3.787500001229035185, 0.8715942545697901167 ) ) ;
#4200 = CARTESIAN_POINT ( 'NONE',  ( -1.249999998749998342, 2.596875000614517148, 0.7216878357653442322 ) ) ;
#4201 = DIRECTION ( 'NONE',  ( -1.000000000000000000, 0.000000000000000000, 0.000000000000000000 ) ) ;
#4202 = DIRECTION ( 'NONE',  ( -1.000000000000000000, 0.000000000000000000, 0.000000000000000000 ) ) ;
#4203 = CARTESIAN_POINT ( 'NONE',  ( -1.249999998749998342, 7.546875000614517326, 0.7216878357653442322 ) ) ;
#4204 = CARTESIAN_POINT ( 'NONE',  ( 1.006430354999998444, 3.412500000000000533, -0.5810628363798602258 ) ) ;
#4205 = CARTESIAN_POINT ( 'NONE',  ( 1.988542744019850446E-16, 3.515625000614516882, 1.443375671530686910 ) ) ;
#4206 = CARTESIAN_POINT ( 'NONE',  ( -2.549999999999998490, 11.50000000000000000, 0.000000000000000000 ) ) ;
#4207 = CARTESIAN_POINT ( 'NONE',  ( -1.006430354999998222, 4.050000001665532423, 2.580741707229170241E-08 ) ) ;
#4208 = CARTESIAN_POINT ( 'NONE',  ( 1.006430354999998666, 2.943750000000000533, -0.2634828508014800952 ) ) ;
#4209 = CARTESIAN_POINT ( 'NONE',  ( -1.006430354999998444, 10.95000000122903572, 0.5810628363798603369 ) ) ;
#4210 = CARTESIAN_POINT ( 'NONE',  ( 0.5032151774999991112, 0.8625000012290363616, -0.8715942545697897836 ) ) ;
#4211 = ORIENTED_EDGE ( 'NONE', *, *, #326, .T. ) ;
#4212 = CARTESIAN_POINT ( 'NONE',  ( -1.006430354999998888, 11.70000000000000107, 0.000000000000000000 ) ) ;
#4213 = CARTESIAN_POINT ( 'NONE',  ( -0.6249999993749986160, 11.57812500061451644, 1.082531753648015904 ) ) ;
#4214 = VERTEX_POINT ( 'NONE', #5104 ) ;
#4215 = CARTESIAN_POINT ( 'NONE',  ( -1.249999998749998342, 4.340625000614515727, 0.7216878357653442322 ) ) ;
#4216 = EDGE_CURVE ( 'NONE', #4256, #3023, #5377, .T. ) ;
#4217 = CARTESIAN_POINT ( 'NONE',  ( -1.249999998749998564, 3.403125000614517059, 0.000000000000000000 ) ) ;
#4218 = EDGE_LOOP ( 'NONE', ( #909, #1814, #3473, #3437 ) ) ;
#4219 = EDGE_CURVE ( 'NONE', #313, #1057, #4970, .T. ) ;
#4220 = CARTESIAN_POINT ( 'NONE',  ( -2.168404344971008868E-16, 11.50000000000000000, 0.000000000000000000 ) ) ;
#4221 = ADVANCED_FACE ( 'NONE', ( #510 ), #2345, .F. ) ;
#4222 = CARTESIAN_POINT ( 'NONE',  ( -1.249999998749998342, 8.840625000614515727, 0.7216878357653442322 ) ) ;
#4223 = CARTESIAN_POINT ( 'NONE',  ( 1.006430354999998444, 11.50000000000000000, 1.232521712815482580E-16 ) ) ;
#4224 = CARTESIAN_POINT ( 'NONE',  ( -1.249999998749998342, 5.746875000614517504, 0.7216878357653442322 ) ) ;
#4225 = CIRCLE ( 'NONE', #4997, 1.249999999999998890 ) ;
#4226 = CARTESIAN_POINT ( 'NONE',  ( -1.249999998749998564, -0.5906249993854819635, 0.000000000000000000 ) ) ;
#4227 = CARTESIAN_POINT ( 'NONE',  ( -0.08631545648392864589, 11.25643037596553420, -1.002722145678321963 ) ) ;
#4228 = ORIENTED_EDGE ( 'NONE', *, *, #1092, .F. ) ;
#4229 = CARTESIAN_POINT ( 'NONE',  ( 1.006430354884234157, 0.3373316160145345965, 1.022808668468750862E-05 ) ) ;
#4230 = CARTESIAN_POINT ( 'NONE',  ( -1.305550976530314135E-16, 3.150000001229036339, -1.162125672759719563 ) ) ;
#4231 = CARTESIAN_POINT ( 'NONE',  ( 1.249999998749998564, 12.19687500061451502, 0.7216878357653431220 ) ) ;
#4232 = CARTESIAN_POINT ( 'NONE',  ( 1.006430354999998666, 8.343750000000000000, -0.2634828508014800952 ) ) ;
#4233 = CARTESIAN_POINT ( 'NONE',  ( 1.249999998749999008, 6.346875000614517148, 0.7216878357653431220 ) ) ;
#4234 = CARTESIAN_POINT ( 'NONE',  ( -1.006430354999998666, 3.112500000000000711, -0.5810628363798596707 ) ) ;
#4235 = CARTESIAN_POINT ( 'NONE',  ( -0.6249999993749993932, 3.778125000614517504, -1.082531753648015460 ) ) ;
#4236 = CARTESIAN_POINT ( 'NONE',  ( 1.006430354999998666, 4.724999999999999645, 1.173230260442798796E-14 ) ) ;
#4237 = DIRECTION ( 'NONE',  ( -1.885568995626964287E-17, 1.000000000000000000, -0.000000000000000000 ) ) ;
#4238 = CARTESIAN_POINT ( 'NONE',  ( -0.7541792269865406073, 11.28767533947932833, 0.7255522120734849700 ) ) ;
#4239 = CARTESIAN_POINT ( 'NONE',  ( -1.006430354999998444, 11.40000000122903501, 0.5810628363798603369 ) ) ;
#4240 = CARTESIAN_POINT ( 'NONE',  ( -0.6249999993749985050, 8.484375000614518214, 1.082531753648015904 ) ) ;
#4241 = CARTESIAN_POINT ( 'NONE',  ( 0.8979642393405731227, 7.387500000000001066, 0.5253432182843934539 ) ) ;
#4242 = AXIS2_PLACEMENT_3D ( 'NONE', #513, #4300, #1900 ) ;
#4243 = CARTESIAN_POINT ( 'NONE',  ( 1.006430354999999111, 6.543750000000003730, -0.2634828508014801507 ) ) ;
#4244 = CARTESIAN_POINT ( 'NONE',  ( -0.5032151774999987781, 10.42500000000000071, 0.8715942545697901167 ) ) ;
#4245 = CARTESIAN_POINT ( 'NONE',  ( 0.6249999993749997262, 10.30312500061451608, 1.082531753648015238 ) ) ;
#4246 = ORIENTED_EDGE ( 'NONE', *, *, #62, .F. ) ;
#4247 = CARTESIAN_POINT ( 'NONE',  ( -0.6249999993749995042, 4.678125000614516971, -1.082531753648015460 ) ) ;
#4248 = CARTESIAN_POINT ( 'NONE',  ( 1.249999998749999008, 2.690625000614517592, 0.7216878357653431220 ) ) ;
#4249 = EDGE_LOOP ( 'NONE', ( #4678, #1217, #2540, #4165 ) ) ;
#4250 = CARTESIAN_POINT ( 'NONE',  ( -1.006430354999998888, 9.449999999715997134, -4.400634189564975980E-09 ) ) ;
#4251 = CARTESIAN_POINT ( 'NONE',  ( 0.6249999993749988381, 6.853125000614516793, -1.082531753648015460 ) ) ;
#4252 = CARTESIAN_POINT ( 'NONE',  ( 1.249999998749998564, 5.934375000614517504, -1.530808497403381346E-16 ) ) ;
#4253 = CARTESIAN_POINT ( 'NONE',  ( 0.6249999993749999483, -1.396874999385483429, 1.082531753648015238 ) ) ;
#4254 = CARTESIAN_POINT ( 'NONE',  ( -1.090636047377312314E-16, 1.096875000614517592, -1.443375671530686910 ) ) ;
#4255 = CARTESIAN_POINT ( 'NONE',  ( -0.1255493441001531152, 11.26324951221982573, -1.006190236715207131 ) ) ;
#4256 = VERTEX_POINT ( 'NONE', #3217 ) ;
#4257 = CARTESIAN_POINT ( 'NONE',  ( 6.203267415680344600E-17, 10.77187500061451786, 1.443375671530686910 ) ) ;
#4258 = CARTESIAN_POINT ( 'NONE',  ( -1.006430354999998666, 1.012500001229035496, 0.000000000000000000 ) ) ;
#4259 = CARTESIAN_POINT ( 'NONE',  ( 1.249999998749998342, 0.1218750006145175591, -0.7216878357653438991 ) ) ;
#4260 = EDGE_CURVE ( 'NONE', #5774, #5141, #669, .T. ) ;
#4261 = CARTESIAN_POINT ( 'NONE',  ( 1.249999998749998342, 11.82187500061451679, -0.7216878357653438991 ) ) ;
#4262 = CARTESIAN_POINT ( 'NONE',  ( -0.2634828508014802062, 10.44374999999999787, 1.006430354999998444 ) ) ;
#4263 = CARTESIAN_POINT ( 'NONE',  ( -1.249999998749998342, 6.646875000614516971, 0.7216878357653442322 ) ) ;
#4264 = CARTESIAN_POINT ( 'NONE',  ( 1.006430354999998444, 2.512500000000001066, -0.5810628363798602258 ) ) ;
#4265 = CARTESIAN_POINT ( 'NONE',  ( 0.6249999993749998373, 3.103125000614517237, 1.082531753648015238 ) ) ;
#4266 = CARTESIAN_POINT ( 'NONE',  ( -1.006430354999998222, 9.562499998948043256, -3.534399585732716078E-08 ) ) ;
#4267 = CARTESIAN_POINT ( 'NONE',  ( -0.5253432182843932319, 0.8250000000000008438, -0.8979642393405734557 ) ) ;
#4268 = CARTESIAN_POINT ( 'NONE',  ( 0.2491702158194784578, 0.2435696319448256153, 0.9750980786630201180 ) ) ;
#4269 = CARTESIAN_POINT ( 'NONE',  ( 1.006430354999998000, 10.72500000122903430, -0.5810628363798602258 ) ) ;
#4270 = CARTESIAN_POINT ( 'NONE',  ( -1.249999998749998342, 6.646875000614516971, 0.7216878357653442322 ) ) ;
#4271 = CARTESIAN_POINT ( 'NONE',  ( -0.8979642393405734557, 6.262500000000000178, -0.5253432182843935649 ) ) ;
#4272 = CARTESIAN_POINT ( 'NONE',  ( -1.904424685583233843E-16, 10.09999999999999964, 0.000000000000000000 ) ) ;
#4273 = CARTESIAN_POINT ( 'NONE',  ( 1.006430354999998444, 8.324999999999999289, -1.232521712815482580E-16 ) ) ;
#4274 = CARTESIAN_POINT ( 'NONE',  ( -1.249999998749998342, 10.64062500061451644, 0.7216878357653442322 ) ) ;
#4275 = ORIENTED_EDGE ( 'NONE', *, *, #4064, .T. ) ;
#4276 = CARTESIAN_POINT ( 'NONE',  ( 0.6249999993749989491, 4.603125000614516793, -1.082531753648015460 ) ) ;
#4277 = B_SPLINE_CURVE_WITH_KNOTS ( 'NONE', 3,
 ( #2717, #5867, #4973, #1765, #4550, #4069, #2215, #1878, #3622, #430 ),
 .UNSPECIFIED., .F., .F.,
 ( 4, 2, 2, 2, 4 ),
 ( 0.000000000000000000, 0.1250000000000000000, 0.2500000000000000000, 0.3750000000000000000, 0.5000000000000000000 ),
 .UNSPECIFIED. ) ;
#4278 = CARTESIAN_POINT ( 'NONE',  ( 0.6249999993749998373, 3.553125000614516082, 1.082531753648015238 ) ) ;
#4279 = ORIENTED_EDGE ( 'NONE', *, *, #3412, .T. ) ;
#4280 = CARTESIAN_POINT ( 'NONE',  ( -1.006430354999998888, 10.46250000213503739, 1.403848034642431308E-08 ) ) ;
#4281 = CARTESIAN_POINT ( 'NONE',  ( 1.553683394403381702E-16, 5.821875000614517681, 1.443375671530686910 ) ) ;
#4282 = CARTESIAN_POINT ( 'NONE',  ( -1.249999998749998342, -1.059374999385482408, 0.7216878357653442322 ) ) ;
#4283 = CYLINDRICAL_SURFACE ( 'NONE', #1880, 1.006430354999998666 ) ;
#4284 = CARTESIAN_POINT ( 'NONE',  ( -1.165552282559435993, 11.46186975367136718, -0.3322687291547575805 ) ) ;
#4285 = ORIENTED_EDGE ( 'NONE', *, *, #2791, .T. ) ;
#4286 = CARTESIAN_POINT ( 'NONE',  ( -0.8531761534220803078, 11.50000000220843432, -0.9135592215215647682 ) ) ;
#4287 = CARTESIAN_POINT ( 'NONE',  ( 1.006430354999998444, 0.8250000012290352736, -0.5810628363798602258 ) ) ;
#4288 = EDGE_CURVE ( 'NONE', #3470, #5297, #93, .T. ) ;
#4289 = CARTESIAN_POINT ( 'NONE',  ( 0.6249999993749987270, 11.85937500061451644, -1.082531753648015460 ) ) ;
#4290 = CARTESIAN_POINT ( 'NONE',  ( 1.249999998749998342, 8.634375000614518569, -1.530808497403381346E-16 ) ) ;
#4291 = CARTESIAN_POINT ( 'NONE',  ( 0.5032151774999991112, 0.7500000000000006661, -0.8715942545697897836 ) ) ;
#4292 = CARTESIAN_POINT ( 'NONE',  ( -0.6249999993749983940, 0.7781250006145163933, 1.082531753648015904 ) ) ;
#4293 = DIRECTION ( 'NONE',  ( -1.000000000000000000, -1.885568995626964595E-17, 0.000000000000000000 ) ) ;
#4294 = CARTESIAN_POINT ( 'NONE',  ( -1.006430354999998222, 6.000000001229035540, 0.5810628363798603369 ) ) ;
#4295 = CARTESIAN_POINT ( 'NONE',  ( -1.006430354999998666, 10.01250000273418372, 2.332229837269090123E-08 ) ) ;
#4296 = VECTOR ( 'NONE', #3390, 1000.000000000000000 ) ;
#4297 = EDGE_CURVE ( 'NONE', #953, #2563, #2524, .T. ) ;
#4298 = CARTESIAN_POINT ( 'NONE',  ( 1.006430354999998444, 9.337500001229035007, -1.232521712815482580E-16 ) ) ;
#4299 = CARTESIAN_POINT ( 'NONE',  ( 1.249999998749998564, 6.834375000614516971, -1.530808497403381346E-16 ) ) ;
#4300 = DIRECTION ( 'NONE',  ( -1.885568995626964287E-17, 1.000000000000000000, -0.000000000000000000 ) ) ;
#4301 = LINE ( 'NONE', #3311, #1791 ) ;
#4302 = CARTESIAN_POINT ( 'NONE',  ( 5.014160855663747768E-17, 8.662499999999999645, 1.162125672759719563 ) ) ;
#4303 = CARTESIAN_POINT ( 'NONE',  ( -1.249999998749999008, 10.56562500061451360, -0.7216878357653433440 ) ) ;
#4304 = ORIENTED_EDGE ( 'NONE', *, *, #5616, .F. ) ;
#4305 = CARTESIAN_POINT ( 'NONE',  ( 1.249999998749998342, 2.315625000614517148, -0.7216878357653438991 ) ) ;
#4306 = CARTESIAN_POINT ( 'NONE',  ( 0.6249999993749989491, 1.453125000614516660, -1.082531753648015460 ) ) ;
#4307 = ORIENTED_EDGE ( 'NONE', *, *, #3227, .T. ) ;
#4308 = CARTESIAN_POINT ( 'NONE',  ( 1.006430354999998666, 4.724999999999999645, 1.173230260442798796E-14 ) ) ;
#4309 = CARTESIAN_POINT ( 'NONE',  ( -1.006430354999998888, 11.50000000000000000, 0.000000000000000000 ) ) ;
#4310 = CARTESIAN_POINT ( 'NONE',  ( 1.249999998749998342, 4.621875000614517504, -0.7216878357653438991 ) ) ;
#4311 = CARTESIAN_POINT ( 'NONE',  ( 3.006750001658409953E-16, -1.884374999385481697, 1.443375671530686910 ) ) ;
#4312 = CARTESIAN_POINT ( 'NONE',  ( 1.006430354999998666, 2.475000000000002309, -1.173230260442806212E-14 ) ) ;
#4313 = CARTESIAN_POINT ( 'NONE',  ( 0.6249999993749996152, 12.10312500061451679, 1.082531753648015238 ) ) ;
#4314 = ORIENTED_EDGE ( 'NONE', *, *, #2040, .F. ) ;
#4315 = CARTESIAN_POINT ( 'NONE',  ( 0.6249999993749996152, 11.25937500061451679, 1.082531753648015238 ) ) ;
#4316 = B_SPLINE_CURVE_WITH_KNOTS ( 'NONE', 3,
 ( #1155, #3078, #249, #280, #1698, #5832, #3951, #4816, #672, #3981 ),
 .UNSPECIFIED., .F., .F.,
 ( 4, 2, 2, 2, 4 ),
 ( 0.5000000000000000000, 0.6250000000000000000, 0.7500000000000000000, 0.8750000000000000000, 1.000000000000000000 ),
 .UNSPECIFIED. ) ;
#4317 = CARTESIAN_POINT ( 'NONE',  ( -1.135849766923887387E-16, 2.250000001229035984, -1.162125672759719563 ) ) ;
#4318 = SURFACE_STYLE_FILL_AREA ( #2484 ) ;
#4319 = CARTESIAN_POINT ( 'NONE',  ( -0.6249999993749986160, 12.98437500061451644, 1.082531753648015904 ) ) ;
#4320 = CARTESIAN_POINT ( 'NONE',  ( 1.071694351094477637, 0.04030305209881118733, -0.5812737644370000734 ) ) ;
#4321 = CARTESIAN_POINT ( 'NONE',  ( -0.6249999993749995042, 4.734375000614518214, -1.082531753648015460 ) ) ;
#4322 = CARTESIAN_POINT ( 'NONE',  ( 0.5032151774999997773, 2.400000000000001243, 0.8715942545697895616 ) ) ;
#4323 = CARTESIAN_POINT ( 'NONE',  ( -0.6249999993749993932, 2.428125000614516971, -1.082531753648015460 ) ) ;
#4324 = CARTESIAN_POINT ( 'NONE',  ( -1.006430354999998888, 2.681250000000000355, -0.2634828508014804838 ) ) ;
#4325 = CARTESIAN_POINT ( 'NONE',  ( -2.122477607882222795E-16, 11.25643035500000266, 0.000000000000000000 ) ) ;
#4326 = CARTESIAN_POINT ( 'NONE',  ( 1.006430354999998444, 9.674999999999998934, 0.000000000000000000 ) ) ;
#4327 = AXIS2_PLACEMENT_3D ( 'NONE', #2651, #5884, #1356 ) ;
#4328 = CARTESIAN_POINT ( 'NONE',  ( 0.5032151774999990002, 8.512500001229035718, -0.8715942545697897836 ) ) ;
#4329 = CARTESIAN_POINT ( 'NONE',  ( -1.249999998749998564, 7.471875000614517148, -0.7216878357653433440 ) ) ;
#4330 = EDGE_CURVE ( 'NONE', #5077, #2235, #1622, .T. ) ;
#4331 = CARTESIAN_POINT ( 'NONE',  ( 1.006430354999998666, 13.23750000000000071, 0.5810628363798594487 ) ) ;
#4332 = CARTESIAN_POINT ( 'NONE',  ( 1.006430354999998666, 2.925000000000000711, 0.000000000000000000 ) ) ;
#4333 = CARTESIAN_POINT ( 'NONE',  ( 0.5032151774999990002, 10.20000000000000107, -0.8715942545697897836 ) ) ;
#4334 = CARTESIAN_POINT ( 'NONE',  ( 1.249999998749998342, 9.965625000614515727, -0.7216878357653438991 ) ) ;
#4335 = ORIENTED_EDGE ( 'NONE', *, *, #1911, .T. ) ;
#4336 = CARTESIAN_POINT ( 'NONE',  ( -1.504282745792977930E-16, 3.290625000614517237, -1.443375671530686910 ) ) ;
#4337 = CARTESIAN_POINT ( 'NONE',  ( -1.249999998749998342, 1.190625000614517592, 0.7216878357653442322 ) ) ;
#4338 = EDGE_LOOP ( 'NONE', ( #2209, #1609, #1786, #2876 ) ) ;
#4339 = CARTESIAN_POINT ( 'NONE',  ( 1.006430354999998666, 5.175000000000001599, -1.173230260442806212E-14 ) ) ;
#4340 = EDGE_CURVE ( 'NONE', #2057, #5035, #1257, .T. ) ;
#4341 = DIRECTION ( 'NONE',  ( -1.000000000000000000, 0.000000000000000000, 0.000000000000000000 ) ) ;
#4342 = CARTESIAN_POINT ( 'NONE',  ( 1.249999998749998342, 8.165625000614516793, -0.7216878357653438991 ) ) ;
#4343 = CARTESIAN_POINT ( 'NONE',  ( 1.249999998749998342, 3.271875000614517415, -0.7216878357653438991 ) ) ;
#4344 = CARTESIAN_POINT ( 'NONE',  ( -0.6249999993749982830, -1.471874999385482052, 1.082531753648015904 ) ) ;
#4345 = CARTESIAN_POINT ( 'NONE',  ( -0.6249999993749992822, -1.115624999385481431, -1.082531753648015460 ) ) ;
#4346 = CARTESIAN_POINT ( 'NONE',  ( -1.184362244255602103, 11.46867337027054923, -0.2872473177789620635 ) ) ;
#4347 = CARTESIAN_POINT ( 'NONE',  ( -1.249999998749998786, 10.20937500061451608, 0.000000000000000000 ) ) ;
#4348 = CARTESIAN_POINT ( 'NONE',  ( -1.006430354999998666, 2.362500001229035806, 0.000000000000000000 ) ) ;
#4349 = CARTESIAN_POINT ( 'NONE',  ( 1.006430354999998444, 11.50000000000000000, 1.232521712815482580E-16 ) ) ;
#4350 = CARTESIAN_POINT ( 'NONE',  ( 0.6249999993749989491, 4.209375000614518747, -1.082531753648015460 ) ) ;
#4351 = CARTESIAN_POINT ( 'NONE',  ( -0.5032151774999994442, 2.175000000000001599, -0.8715942545697896726 ) ) ;
#4352 = CARTESIAN_POINT ( 'NONE',  ( -1.164880326580124679E-16, 1.490625000614517637, -1.443375671530686910 ) ) ;
#4353 = CARTESIAN_POINT ( 'NONE',  ( 0.000000000000000000, 0.000000000000000000, 0.000000000000000000 ) ) ;
#4354 = DIRECTION ( 'NONE',  ( -1.885568995626964287E-17, 1.000000000000000000, -0.000000000000000000 ) ) ;
#4355 = CARTESIAN_POINT ( 'NONE',  ( -1.006430354999998888, 8.625000001229034652, -0.5810628363798596707 ) ) ;
#4356 = CARTESIAN_POINT ( 'NONE',  ( -2.448245724228726428E-16, 8.296875000614518214, -1.443375671530686910 ) ) ;
#4357 = CARTESIAN_POINT ( 'NONE',  ( -3.151051630768461946E-16, 12.93750000000000000, -1.162125672759719563 ) ) ;
#4358 = CARTESIAN_POINT ( 'NONE',  ( -1.006430354999998888, 10.31250000000000178, -0.5810628363798596707 ) ) ;
#4359 = CARTESIAN_POINT ( 'NONE',  ( -1.249999998749999008, 9.665625000614515017, -0.7216878357653433440 ) ) ;
#4360 = EDGE_LOOP ( 'NONE', ( #2771, #1375, #2566, #2849 ) ) ;
#4361 = CARTESIAN_POINT ( 'NONE',  ( -1.249999998749998564, 1.153125000614516837, 0.000000000000000000 ) ) ;
#4362 = CARTESIAN_POINT ( 'NONE',  ( 1.249999998749999008, 1.340625000614516837, 0.7216878357653431220 ) ) ;
#4363 = EDGE_LOOP ( 'NONE', ( #5901, #3642, #3565, #3884 ) ) ;
#4364 = DIRECTION ( 'NONE',  ( -1.000000000000000000, 0.000000000000000000, 0.000000000000000000 ) ) ;
#4365 = ORIENTED_EDGE ( 'NONE', *, *, #37, .F. ) ;
#4366 = CARTESIAN_POINT ( 'NONE',  ( 0.000000000000000000, 0.000000000000000000, 0.000000000000000000 ) ) ;
#4367 = CARTESIAN_POINT ( 'NONE',  ( -0.6249999993749995042, 8.728125000614516793, -1.082531753648015460 ) ) ;
#4368 = ORIENTED_EDGE ( 'NONE', *, *, #4153, .T. ) ;
#4369 = EDGE_CURVE ( 'NONE', #2122, #5862, #2075, .T. ) ;
#4370 = CARTESIAN_POINT ( 'NONE',  ( -1.345187861786952684E-16, 2.446875000614518125, -1.443375671530686910 ) ) ;
#4371 = CARTESIAN_POINT ( 'NONE',  ( 0.6249999993749998373, -0.9468749993854826963, 1.082531753648015238 ) ) ;
#4372 = CARTESIAN_POINT ( 'NONE',  ( 0.2634828508014800397, 9.581249999999998934, 1.006430354999998666 ) ) ;
#4373 = CARTESIAN_POINT ( 'NONE',  ( 1.249999998749998342, 12.17812500061451608, -1.530808497403381346E-16 ) ) ;
#4374 = CARTESIAN_POINT ( 'NONE',  ( -3.042199957851219926E-16, 11.44687500061451679, -1.443375671530686910 ) ) ;
#4375 = CARTESIAN_POINT ( 'NONE',  ( -1.006430354999998000, 2.400000001229035451, 0.5810628363798603369 ) ) ;
#4376 = CARTESIAN_POINT ( 'NONE',  ( -1.249999998749999008, 10.62187500061451750, -0.7216878357653433440 ) ) ;
#4377 = AXIS2_PLACEMENT_3D ( 'NONE', #936, #3617, #4939 ) ;
#4378 = CARTESIAN_POINT ( 'NONE',  ( 1.553683394403381702E-16, 5.821875000614517681, 1.443375671530686910 ) ) ;
#4379 = CARTESIAN_POINT ( 'NONE',  ( -1.006430354999998666, -0.4499999999999990119, 0.000000000000000000 ) ) ;
#4380 = CARTESIAN_POINT ( 'NONE',  ( 0.6249999993749998373, 1.303125000614517637, 1.082531753648015238 ) ) ;
#4381 = CARTESIAN_POINT ( 'NONE',  ( 0.5032151774999997773, 0.7125000012290355622, 0.8715942545697895616 ) ) ;
#4382 = CARTESIAN_POINT ( 'NONE',  ( -0.8979642393405733447, 8.137500000000004619, 0.5253432182843934539 ) ) ;
#4383 = CARTESIAN_POINT ( 'NONE',  ( -0.5032151774999987781, 7.837500001229035007, 0.8715942545697901167 ) ) ;
#4384 = CARTESIAN_POINT ( 'NONE',  ( -2.023992700212659679E-16, 6.046875000614517326, -1.443375671530686910 ) ) ;
#4385 = CARTESIAN_POINT ( 'NONE',  ( 0.6249999993749998373, 1.359375000614518214, 1.082531753648015238 ) ) ;
#4386 = CARTESIAN_POINT ( 'NONE',  ( -3.235902235571674951E-16, 13.38750000000000107, -1.162125672759719563 ) ) ;
#4387 = CARTESIAN_POINT ( 'NONE',  ( 0.2634828508014798731, 10.93124999999999858, 1.006430354999998666 ) ) ;
#4388 = CARTESIAN_POINT ( 'NONE',  ( 1.006430354999998666, 8.287499999999999645, 0.5810628363798594487 ) ) ;
#4389 = CARTESIAN_POINT ( 'NONE',  ( -2.777041817841178916E-16, 10.04062500061451502, -1.443375671530686910 ) ) ;
#4390 = ORIENTED_EDGE ( 'NONE', *, *, #5532, .F. ) ;
#4391 = CARTESIAN_POINT ( 'NONE',  ( -1.249999998749998564, 1.565625000614516482, -0.7216878357653433440 ) ) ;
#4392 = CARTESIAN_POINT ( 'NONE',  ( -1.249999998749998564, -0.1968749993854820302, 0.000000000000000000 ) ) ;
#4393 = ORIENTED_EDGE ( 'NONE', *, *, #470, .T. ) ;
#4394 = CARTESIAN_POINT ( 'NONE',  ( -2.168404344971008868E-16, 11.50000000000000000, 0.000000000000000000 ) ) ;
#4395 = VERTEX_POINT ( 'NONE', #2435 ) ;
#4396 = CARTESIAN_POINT ( 'NONE',  ( -2.168404344971008868E-16, 11.50000000000000000, 0.000000000000000000 ) ) ;
#4397 = CARTESIAN_POINT ( 'NONE',  ( -1.249999998749998342, 9.290625000614515017, 0.7216878357653442322 ) ) ;
#4398 = EDGE_CURVE ( 'NONE', #3170, #5837, #1530, .T. ) ;
#4399 = ORIENTED_EDGE ( 'NONE', *, *, #4660, .T. ) ;
#4400 = EDGE_CURVE ( 'NONE', #1699, #4748, #4178, .T. ) ;
#4401 = CARTESIAN_POINT ( 'NONE',  ( -1.249999998749998342, 3.946875000614517681, 0.7216878357653442322 ) ) ;
#4402 =( BOUNDED_CURVE ( )  B_SPLINE_CURVE ( 2, ( #5405, #4511, #392, #2228, #4055, #5880, #1324 ),
 .UNSPECIFIED., .F., .F. ) 
 B_SPLINE_CURVE_WITH_KNOTS ( ( 3, 2, 2, 3 ),
 ( 0.7693676218299867475, 0.7742064119043891024, 0.7790452019787916793, 0.7838839921932430066 ),
 .UNSPECIFIED. ) 
 CURVE ( )  GEOMETRIC_REPRESENTATION_ITEM ( )  RATIONAL_B_SPLINE_CURVE ( ( 1.000000000000000000, 0.8660254037844387076, 1.000000000000000000, 0.8660254037844387076, 1.000000000000000000, 0.8660254037844387076, 1.000000000000000000 ) ) 
 REPRESENTATION_ITEM ( '' )  );
#4403 = CARTESIAN_POINT ( 'NONE',  ( -1.249999998749998342, -1.003124999385481830, 0.7216878357653442322 ) ) ;
#4404 = CARTESIAN_POINT ( 'NONE',  ( -1.249999998749998564, -1.490624999385481875, 0.000000000000000000 ) ) ;
#4405 = CARTESIAN_POINT ( 'NONE',  ( -0.6249999993749985050, 9.778125000614517504, 1.082531753648015904 ) ) ;
#4406 = CARTESIAN_POINT ( 'NONE',  ( -0.6249999993749995042, 8.784375000614517148, -1.082531753648015460 ) ) ;
#4407 = CARTESIAN_POINT ( 'NONE',  ( 2.092364925394882711E-16, 0.2250000012290354900, 1.162125672759719563 ) ) ;
#4408 = CARTESIAN_POINT ( 'NONE',  ( 6.203267415680344600E-17, 10.77187500061451608, 1.443375671530686910 ) ) ;
#4409 = CARTESIAN_POINT ( 'NONE',  ( 1.249999998749999008, 4.546875000614517326, 0.7216878357653431220 ) ) ;
#4410 = CARTESIAN_POINT ( 'NONE',  ( -1.006430354999998666, -1.387499999999998179, -0.5810628363798596707 ) ) ;
#4411 = CARTESIAN_POINT ( 'NONE',  ( -1.249999998749998564, 1.603125000614517459, 0.000000000000000000 ) ) ;
#4412 = CARTESIAN_POINT ( 'NONE',  ( 0.000000000000000000, 0.000000000000000000, 0.000000000000000000 ) ) ;
#4413 = CARTESIAN_POINT ( 'NONE',  ( 1.006430354999998444, 7.875000000000000000, 0.000000000000000000 ) ) ;
#4414 = CARTESIAN_POINT ( 'NONE',  ( -1.006430354999998222, 9.899999997718765599, -3.534773552881751009E-08 ) ) ;
#4415 = CARTESIAN_POINT ( 'NONE',  ( -0.5032151774999995553, 7.687500001229034652, -0.8715942545697896726 ) ) ;
#4416 = CARTESIAN_POINT ( 'NONE',  ( -1.249999998749998342, 5.746875000614517504, 0.7216878357653442322 ) ) ;
#4417 = CARTESIAN_POINT ( 'NONE',  ( 1.249999998749998564, -0.3656249993854825409, -1.530808497403381346E-16 ) ) ;
#4418 = CARTESIAN_POINT ( 'NONE',  ( -2.578310048578514628E-16, 9.900000001229035007, -1.162125672759719341 ) ) ;
#4419 = CARTESIAN_POINT ( 'NONE',  ( 0.5032151774999990002, 7.162500001229035185, -0.8715942545697897836 ) ) ;
#4420 = CARTESIAN_POINT ( 'NONE',  ( 1.006430354999998666, 7.424999999999999822, -1.232521712815482580E-16 ) ) ;
#4421 = CARTESIAN_POINT ( 'NONE',  ( 0.6249999993749997262, 9.853125000614516793, 1.082531753648015238 ) ) ;
#4422 = COLOUR_RGB ( '',0.7921568627450980005, 0.8196078431372548767, 0.9333333333333333481 ) ;
#4423 = CARTESIAN_POINT ( 'NONE',  ( -0.6249999993749993932, 1.978125000614517903, -1.082531753648015460 ) ) ;
#4424 = CARTESIAN_POINT ( 'NONE',  ( -1.249999998749998564, 0.6656250006145165710, -0.7216878357653433440 ) ) ;
#4425 = CYLINDRICAL_SURFACE ( 'NONE', #5772, 1.006430354999998666 ) ;
#4426 = ORIENTED_EDGE ( 'NONE', *, *, #2177, .F. ) ;
#4427 = CARTESIAN_POINT ( 'NONE',  ( 0.5253432182843933429, 1.050000000000000266, 0.8979642393405735667 ) ) ;
#4428 = CARTESIAN_POINT ( 'NONE',  ( 1.249999998749998342, 9.478125000614515017, -1.530808497403381346E-16 ) ) ;
#4429 = ORIENTED_EDGE ( 'NONE', *, *, #4398, .T. ) ;
#4430 = CARTESIAN_POINT ( 'NONE',  ( 1.249999998749998564, 1.434375000614518836, -1.530808497403381346E-16 ) ) ;
#4431 = DIRECTION ( 'NONE',  ( -1.000000000000000000, 0.000000000000000000, 0.000000000000000000 ) ) ;
#4432 = CARTESIAN_POINT ( 'NONE',  ( 1.249999998749999008, 2.746875000614518392, 0.7216878357653431220 ) ) ;
#4433 = MANIFOLD_SOLID_BREP ( 'M2.5', #3898 ) ;
#4434 = CARTESIAN_POINT ( 'NONE',  ( -6.663830233612453188E-17, -1.153124999385482630, -1.443375671530686910 ) ) ;
#4435 = CARTESIAN_POINT ( 'NONE',  ( 0.2634828508014801507, 3.731250000000001066, 1.006430354999998666 ) ) ;
#4436 = CARTESIAN_POINT ( 'NONE',  ( -2.861892422644391921E-16, 10.49062500061451431, -1.443375671530686910 ) ) ;
#4437 = CARTESIAN_POINT ( 'NONE',  ( 1.006430354999998666, -0.1124999987709637828, -1.232521712815482580E-16 ) ) ;
#4438 = CARTESIAN_POINT ( 'NONE',  ( 1.249999998749998342, 11.37187500061451573, -0.7216878357653438991 ) ) ;
#4439 = CARTESIAN_POINT ( 'NONE',  ( 1.249999998749998564, 5.484375000614516438, -1.530808497403381346E-16 ) ) ;
#4440 = CARTESIAN_POINT ( 'NONE',  ( 1.006430354999998888, 0.6375000000000008438, 0.5810628363798594487 ) ) ;
#4441 = CARTESIAN_POINT ( 'NONE',  ( 0.6249999993749998373, 0.4031250006145178366, 1.082531753648015238 ) ) ;
#4442 = CARTESIAN_POINT ( 'NONE',  ( -1.006430354999998666, 5.925000001229036251, -0.5810628363798595597 ) ) ;
#4443 = CARTESIAN_POINT ( 'NONE',  ( 0.5032151774999996663, 9.712500001229035007, 0.8715942545697895616 ) ) ;
#4444 = CARTESIAN_POINT ( 'NONE',  ( 1.006430354999998666, 2.025000000000000799, 0.000000000000000000 ) ) ;
#4445 = B_SPLINE_CURVE_WITH_KNOTS ( 'NONE', 3,
 ( #2275, #2877, #4104, #4166, #5927, #1828, #921, #2756, #1405, #51 ),
 .UNSPECIFIED., .F., .F.,
 ( 4, 2, 2, 2, 4 ),
 ( 0.000000000000000000, 0.1250000000000000000, 0.2500000000000000000, 0.3750000000000000000, 0.5000000000000000000 ),
 .UNSPECIFIED. ) ;
#4446 = CARTESIAN_POINT ( 'NONE',  ( -1.006430354999998666, 5.475000001229036073, -0.5810628363798596707 ) ) ;
#4447 = CARTESIAN_POINT ( 'NONE',  ( 1.808235208813021948E-16, 4.471875000614517148, 1.443375671530686910 ) ) ;
#4448 = CARTESIAN_POINT ( 'NONE',  ( 0.6249999993749998373, 0.009375000614517819963, 1.082531753648015238 ) ) ;
#4449 = CARTESIAN_POINT ( 'NONE',  ( 1.006430354999998444, 9.787500001229036073, 0.000000000000000000 ) ) ;
#4450 = CARTESIAN_POINT ( 'NONE',  ( 0.5253432182843930098, 10.94999999999999574, 0.8979642393405734557 ) ) ;
#4451 = CARTESIAN_POINT ( 'NONE',  ( 0.5032151774999990002, 5.700000000000000178, -0.8715942545697897836 ) ) ;
#4452 = CARTESIAN_POINT ( 'NONE',  ( -1.249999998749998786, 7.903125000614515727, 0.000000000000000000 ) ) ;
#4453 = CARTESIAN_POINT ( 'NONE',  ( 1.036791089971088153, 0.2132089100288888373, -0.09278675372874110872 ) ) ;
#4454 = CARTESIAN_POINT ( 'NONE',  ( -0.6249999993749982830, -1.471874999385482052, 1.082531753648015904 ) ) ;
#4455 = CYLINDRICAL_SURFACE ( 'NONE', #2615, 2.549999999999998490 ) ;
#4456 = ORIENTED_EDGE ( 'NONE', *, *, #1025, .T. ) ;
#4457 = CARTESIAN_POINT ( 'NONE',  ( 1.006430354999998444, 11.50000000000000000, 1.232521712815482580E-16 ) ) ;
#4458 = CARTESIAN_POINT ( 'NONE',  ( -0.6249999993749985050, 8.428125000614517859, 1.082531753648015904 ) ) ;
#4459 = VERTEX_POINT ( 'NONE', #2107 ) ;
#4460 = SHAPE_DEFINITION_REPRESENTATION ( #2161, #1430 ) ;
#4461 = CARTESIAN_POINT ( 'NONE',  ( 1.006430354999998666, 7.425000000000000711, 0.000000000000000000 ) ) ;
#4462 = CARTESIAN_POINT ( 'NONE',  ( 1.977936418419448451E-16, 3.571875000614517237, 1.443375671530686910 ) ) ;
#4463 = CARTESIAN_POINT ( 'NONE',  ( 1.249999998749998342, 13.11562500061451608, -0.7216878357653438991 ) ) ;
#4464 = CARTESIAN_POINT ( 'NONE',  ( -1.249999998749999008, 11.46562500061451573, -0.7216878357653433440 ) ) ;
#4465 = B_SPLINE_CURVE_WITH_KNOTS ( 'NONE', 3,
 ( #1434, #49, #919, #3684, #3237, #3268, #1464, #2816, #2476, #1346 ),
 .UNSPECIFIED., .F., .F.,
 ( 4, 2, 2, 2, 4 ),
 ( 0.5000000000000000000, 0.6250000000000000000, 0.7500000000000000000, 0.8750000000000000000, 1.000000000000000000 ),
 .UNSPECIFIED. ) ;
#4466 = CARTESIAN_POINT ( 'NONE',  ( 0.5032151774999991112, -0.4874999987709641158, -0.8715942545697897836 ) ) ;
#4467 = B_SPLINE_CURVE_WITH_KNOTS ( 'NONE', 3,
 ( #54, #2309, #3243, #5907, #3185, #2703, #1891, #5067, #958, #5551 ),
 .UNSPECIFIED., .F., .F.,
 ( 4, 2, 2, 2, 4 ),
 ( 0.000000000000000000, 0.1250000000000000000, 0.2500000000000000000, 0.3750000000000000000, 0.5000000000000000000 ),
 .UNSPECIFIED. ) ;
#4468 = CARTESIAN_POINT ( 'NONE',  ( 1.249999998749998564, 10.39687500061451608, 0.7216878357653431220 ) ) ;
#4469 = CARTESIAN_POINT ( 'NONE',  ( 0.6249999993749989491, 2.859375000614517770, -1.082531753648015460 ) ) ;
#4470 = CARTESIAN_POINT ( 'NONE',  ( 1.006430354999998666, 0.6750000000000002665, -1.232521712815482580E-16 ) ) ;
#4471 = VECTOR ( 'NONE', #1131, 1000.000000000000000 ) ;
#4472 = DIRECTION ( 'NONE',  ( -1.000000000000000000, 0.000000000000000000, 0.000000000000000000 ) ) ;
#4473 = EDGE_CURVE ( 'NONE', #5566, #5862, #1522, .T. ) ;
#4474 = CARTESIAN_POINT ( 'NONE',  ( 0.5253432182843930098, 7.799999999999998046, 0.8979642393405733447 ) ) ;
#4475 = CARTESIAN_POINT ( 'NONE',  ( -1.006430354999998222, 4.050000001665532423, 2.580741707229170241E-08 ) ) ;
#4476 = EDGE_CURVE ( 'NONE', #2304, #3112, #951, .T. ) ;
#4477 = CARTESIAN_POINT ( 'NONE',  ( 1.006430354999998888, 6.150000001229035007, 0.5810628363798594487 ) ) ;
#4478 = CARTESIAN_POINT ( 'NONE',  ( 1.249999998749998564, 5.484375000614516438, -1.530808497403381346E-16 ) ) ;
#4479 = AXIS2_PLACEMENT_3D ( 'NONE', #1261, #2723, #4472 ) ;
#4480 = CARTESIAN_POINT ( 'NONE',  ( -0.6249999993749993932, 1.134375000614517015, -1.082531753648015460 ) ) ;
#4481 = DIRECTION ( 'NONE',  ( 1.885568995626964287E-17, -1.000000000000000000, 0.000000000000000000 ) ) ;
#4482 = CARTESIAN_POINT ( 'NONE',  ( 7.900279511744612088E-17, 9.871875000614517504, 1.443375671530686910 ) ) ;
#4483 = CARTESIAN_POINT ( 'NONE',  ( -1.963143163523474951E-16, 6.637500000000000178, -1.162125672759719563 ) ) ;
#4484 = CARTESIAN_POINT ( 'NONE',  ( -1.249999998749998564, 7.415625000614515905, -0.7216878357653433440 ) ) ;
#4485 = EDGE_CURVE ( 'NONE', #5735, #4489, #1952, .T. ) ;
#4486 = CARTESIAN_POINT ( 'NONE',  ( 2.497646372839130446E-16, 0.8156250006145174813, 1.443375671530686910 ) ) ;
#4487 = CARTESIAN_POINT ( 'NONE',  ( -4.860754881544171293E-17, -2.109374999385483118, -1.443375671530686910 ) ) ;
#4488 = FACE_OUTER_BOUND ( 'NONE', #3536, .T. ) ;
#4489 = VERTEX_POINT ( 'NONE', #3603 ) ;
#4490 = CARTESIAN_POINT ( 'NONE',  ( -1.006430354999998888, 11.50000000000000000, 0.000000000000000000 ) ) ;
#4491 = CARTESIAN_POINT ( 'NONE',  ( -0.6249999993749985050, 5.728125000614516793, 1.082531753648015904 ) ) ;
#4492 = VECTOR ( 'NONE', #3609, 1000.000000000000000 ) ;
#4493 = CARTESIAN_POINT ( 'NONE',  ( -0.6249999993749995042, 4.678125000614516971, -1.082531753648015460 ) ) ;
#4494 = VERTEX_POINT ( 'NONE', #1318 ) ;
#4495 = DIRECTION ( 'NONE',  ( 0.000000000000000000, 0.000000000000000000, 1.000000000000000000 ) ) ;
#4496 = DIRECTION ( 'NONE',  ( -1.885568995626964287E-17, 1.000000000000000000, -0.000000000000000000 ) ) ;
#4497 = CARTESIAN_POINT ( 'NONE',  ( 0.6249999993749989491, 1.959375000614518081, -1.082531753648015460 ) ) ;
#4498 = CARTESIAN_POINT ( 'NONE',  ( -1.249999998749998564, -1.978124999385481697, -0.7216878357653433440 ) ) ;
#4499 = CARTESIAN_POINT ( 'NONE',  ( 5.460824623652226495E-17, 11.16562500061451679, 1.443375671530686910 ) ) ;
#4500 = CARTESIAN_POINT ( 'NONE',  ( -0.5032151774999994442, -0.8624999987709645044, -0.8715942545697896726 ) ) ;
#4501 = CARTESIAN_POINT ( 'NONE',  ( -1.249999998749999008, 11.07187500061451679, -0.7216878357653433440 ) ) ;
#4502 = CARTESIAN_POINT ( 'NONE',  ( 2.147637628025875446E-16, 2.671875000614517770, 1.443375671530686910 ) ) ;
#4503 = CARTESIAN_POINT ( 'NONE',  ( -1.006430354999998000, 0.4875000000000018763, 0.5810628363798603369 ) ) ;
#4504 = CARTESIAN_POINT ( 'NONE',  ( -1.006430354999998444, 5.962499999662783878, -2.426908927684681180E-08 ) ) ;
#4505 = CARTESIAN_POINT ( 'NONE',  ( 0.8979642393405735667, 5.662500000000000533, -0.5253432182843932319 ) ) ;
#4506 = EDGE_LOOP ( 'NONE', ( #1941, #2990, #4696, #2596, #2028 ) ) ;
#4507 = CYLINDRICAL_SURFACE ( 'NONE', #673, 1.006430354999998666 ) ;
#4508 = CARTESIAN_POINT ( 'NONE',  ( 0.5032151774999996663, 6.562500001229035540, 0.8715942545697895616 ) ) ;
#4509 = CARTESIAN_POINT ( 'NONE',  ( 1.249999998749998342, 5.971875000614518925, -0.7216878357653438991 ) ) ;
#4510 = CARTESIAN_POINT ( 'NONE',  ( 2.487040047238728944E-16, 0.8718750006145182807, 1.443375671530686910 ) ) ;
#4511 = CARTESIAN_POINT ( 'NONE',  ( 1.006430354999998888, 1.200000001229035718, 0.5810628363798593377 ) ) ;
#4512 = CARTESIAN_POINT ( 'NONE',  ( 1.249999998749998342, 9.571875000614516793, -0.7216878357653438991 ) ) ;
#4513 = CARTESIAN_POINT ( 'NONE',  ( -0.5032151774999987781, 6.825000000000000178, 0.8715942545697901167 ) ) ;
#4514 = CARTESIAN_POINT ( 'NONE',  ( -0.6249999993749995042, 6.478125000614516793, -1.082531753648015460 ) ) ;
#4515 = MECHANICAL_DESIGN_GEOMETRIC_PRESENTATION_REPRESENTATION (  '', ( #5844 ), #4984 ) ;
#4516 = DIRECTION ( 'NONE',  ( -1.885568995626964287E-17, 1.000000000000000000, -0.000000000000000000 ) ) ;
#4517 = CARTESIAN_POINT ( 'NONE',  ( -1.249999998749998342, -0.6093749993854835623, 0.7216878357653442322 ) ) ;
#4518 = CARTESIAN_POINT ( 'NONE',  ( 0.8979642393405731227, 6.937500000000002665, 0.5253432182843934539 ) ) ;
#4519 = ORIENTED_EDGE ( 'NONE', *, *, #2965, .F. ) ;
#4520 = DIRECTION ( 'NONE',  ( -1.885568995626964287E-17, 1.000000000000000000, -0.000000000000000000 ) ) ;
#4521 = CARTESIAN_POINT ( 'NONE',  ( -1.249999998749999008, 7.865625000614516082, -0.7216878357653433440 ) ) ;
#4522 = CARTESIAN_POINT ( 'NONE',  ( 1.249999998749998564, 4.528125000614516615, -1.530808497403381346E-16 ) ) ;
#4523 = EDGE_LOOP ( 'NONE', ( #5690, #5179, #4304, #4852 ) ) ;
#4524 = EDGE_CURVE ( 'NONE', #2122, #5597, #1607, .T. ) ;
#4525 = CYLINDRICAL_SURFACE ( 'NONE', #2657, 1.006430354999998666 ) ;
#4526 = CARTESIAN_POINT ( 'NONE',  ( 4.612318575620092751E-17, 11.61562500061451608, 1.443375671530686910 ) ) ;
#4527 = CARTESIAN_POINT ( 'NONE',  ( -1.006430354999998666, -1.274999998770964149, -0.5810628363798596707 ) ) ;
#4528 = AXIS2_PLACEMENT_3D ( 'NONE', #5848, #805, #2640 ) ;
#4529 = CARTESIAN_POINT ( 'NONE',  ( 1.249999998749998564, 7.696875000614516793, 0.7216878357653431220 ) ) ;
#4530 = CARTESIAN_POINT ( 'NONE',  ( 0.6249999993749989491, 1.959375000614518081, -1.082531753648015460 ) ) ;
#4531 = CARTESIAN_POINT ( 'NONE',  ( 0.6249999993749987270, 13.20937500061451608, -1.082531753648015460 ) ) ;
#4532 = CARTESIAN_POINT ( 'NONE',  ( -1.006430354999998222, 7.762499998827088632, -3.721819601958053548E-08 ) ) ;
#4533 = CARTESIAN_POINT ( 'NONE',  ( 1.006430354999998666, 9.750000001229036428, 0.5810628363798593377 ) ) ;
#4534 = EDGE_LOOP ( 'NONE', ( #5200, #2000, #4314, #3166 ) ) ;
#4535 = CARTESIAN_POINT ( 'NONE',  ( -2.069206419759234628E-16, 7.200000001229035718, -1.162125672759719563 ) ) ;
#4536 = CARTESIAN_POINT ( 'NONE',  ( 0.6249999993749989491, 1.959375000614518081, -1.082531753648015460 ) ) ;
#4537 = CARTESIAN_POINT ( 'NONE',  ( 0.8979642393405734557, 1.537500000000001199, 0.5253432182843934539 ) ) ;
#4538 = CARTESIAN_POINT ( 'NONE',  ( 1.006430354999998666, 4.293750000000001066, -0.2634828508014800952 ) ) ;
#4539 = CARTESIAN_POINT ( 'NONE',  ( -0.6249999993749995042, 9.684375000614517504, -1.082531753648015460 ) ) ;
#4540 = CARTESIAN_POINT ( 'NONE',  ( -0.5032151774999987781, 7.275000000000000355, 0.8715942545697901167 ) ) ;
#4541 = CARTESIAN_POINT ( 'NONE',  ( 1.249999998749998342, 7.678125000614516082, -1.530808497403381346E-16 ) ) ;
#4542 = DIRECTION ( 'NONE',  ( -1.885568995626964287E-17, 1.000000000000000000, -0.000000000000000000 ) ) ;
#4543 = B_SPLINE_CURVE_WITH_KNOTS ( 'NONE', 3,
 ( #789, #2624, #4453, #3726 ),
 .UNSPECIFIED., .F., .F.,
 ( 4, 4 ),
 ( 0.000000000000000000, 0.0002819980934109042213 ),
 .UNSPECIFIED. ) ;
#4544 = CARTESIAN_POINT ( 'NONE',  ( -1.249999998749998564, -0.6468749993854827629, 0.000000000000000000 ) ) ;
#4545 = CARTESIAN_POINT ( 'NONE',  ( -1.006430354999998666, 9.000000001968180285, 3.049692991530495978E-08 ) ) ;
#4546 = VERTEX_POINT ( 'NONE', #3517 ) ;
#4547 = FACE_OUTER_BOUND ( 'NONE', #705, .T. ) ;
#4548 = CARTESIAN_POINT ( 'NONE',  ( -1.249999998749998564, 6.515625000614516438, -0.7216878357653433440 ) ) ;
#4549 = CARTESIAN_POINT ( 'NONE',  ( -1.249999998749998342, 4.790625000614515905, 0.7216878357653442322 ) ) ;
#4550 = CARTESIAN_POINT ( 'NONE',  ( -0.2634828508014802062, 11.15625000000000000, -1.006430354999998666 ) ) ;
#4551 = CARTESIAN_POINT ( 'NONE',  ( 1.249999998749998564, 8.990625000614516082, 0.7216878357653431220 ) ) ;
#4552 = EDGE_CURVE ( 'NONE', #1057, #5317, #2195, .T. ) ;
#4553 = CARTESIAN_POINT ( 'NONE',  ( 0.5032151774999997773, -1.987499998770963616, 0.8715942545697895616 ) ) ;
#4554 = CARTESIAN_POINT ( 'NONE',  ( 1.249999998749998564, 7.284375000614517148, -1.530808497403381346E-16 ) ) ;
#4555 = CARTESIAN_POINT ( 'NONE',  ( 0.6249999993749998373, 1.809375000614517282, 1.082531753648015238 ) ) ;
#4556 = CARTESIAN_POINT ( 'NONE',  ( 3.657749271583942751E-17, 12.12187500061451573, 1.443375671530686910 ) ) ;
#4557 = LINE ( 'NONE', #4048, #1364 ) ;
#4558 = DIRECTION ( 'NONE',  ( -1.885568995626964287E-17, 1.000000000000000000, -0.000000000000000000 ) ) ;
#4559 = ORIENTED_EDGE ( 'NONE', *, *, #2638, .T. ) ;
#4560 = CARTESIAN_POINT ( 'NONE',  ( 1.006430354999998666, 4.275000000000000355, 1.173230260442798796E-14 ) ) ;
#4561 = CARTESIAN_POINT ( 'NONE',  ( 1.006430354999998888, 7.050000001229036251, 0.5810628363798594487 ) ) ;
#4562 = CARTESIAN_POINT ( 'NONE',  ( -1.249999998749998342, 1.696875000614517681, 0.7216878357653442322 ) ) ;
#4563 = CARTESIAN_POINT ( 'NONE',  ( -1.041237204168788733, 0.1733182331282266675, 0.3164801885001470860 ) ) ;
#4564 = CARTESIAN_POINT ( 'NONE',  ( 6.499046437402550994E-17, 7.875000001229034652, 1.162125672759719341 ) ) ;
#4565 = CARTESIAN_POINT ( 'NONE',  ( -1.249999998749999008, 8.821875000614516793, -0.7216878357653433440 ) ) ;
#4566 = CARTESIAN_POINT ( 'NONE',  ( -1.006430354999998666, 3.600000000000000977, 0.000000000000000000 ) ) ;
#4567 = CARTESIAN_POINT ( 'NONE',  ( -1.249999998749998564, 6.553125000614516971, 0.000000000000000000 ) ) ;
#4568 = LINE ( 'NONE', #3280, #1544 ) ;
#4569 = DIRECTION ( 'NONE',  ( -1.000000000000000000, 0.000000000000000000, 0.000000000000000000 ) ) ;
#4570 = CARTESIAN_POINT ( 'NONE',  ( -0.6249999993749993932, -0.7218749993854831626, -1.082531753648015460 ) ) ;
#4571 = CARTESIAN_POINT ( 'NONE',  ( -7.752346962784870930E-17, 0.3375000000000010214, -1.162125672759719341 ) ) ;
#4572 = ORIENTED_EDGE ( 'NONE', *, *, #2454, .F. ) ;
#4573 = CARTESIAN_POINT ( 'NONE',  ( -1.006430354999998666, 3.600000000479150142, 7.424412276866688881E-09 ) ) ;
#4574 = CARTESIAN_POINT ( 'NONE',  ( 1.006430354999998000, 11.51250000000000107, -0.5810628363798602258 ) ) ;
#4575 = CARTESIAN_POINT ( 'NONE',  ( -1.249999998749998342, 7.490625000614516971, 0.7216878357653442322 ) ) ;
#4576 = CARTESIAN_POINT ( 'NONE',  ( -1.249999998749998564, 5.203125000614516438, 0.000000000000000000 ) ) ;
#4577 = ORIENTED_EDGE ( 'NONE', *, *, #4775, .T. ) ;
#4578 = CARTESIAN_POINT ( 'NONE',  ( -1.006430354999998222, 2.850000001229036073, 0.5810628363798603369 ) ) ;
#4579 = CARTESIAN_POINT ( 'NONE',  ( 0.6249999993749988381, 8.653125000614515727, -1.082531753648015460 ) ) ;
#4580 = CIRCLE ( 'NONE', #1419, 1.249999999999998890 ) ;
#4581 = DIRECTION ( 'NONE',  ( -1.000000000000000000, 0.000000000000000000, 0.000000000000000000 ) ) ;
#4582 = EDGE_CURVE ( 'NONE', #1540, #4494, #2242, .T. ) ;
#4583 = CARTESIAN_POINT ( 'NONE',  ( -1.249999998749998786, 7.959375000614516971, 0.000000000000000000 ) ) ;
#4584 = CARTESIAN_POINT ( 'NONE',  ( 1.249999998749999008, -0.8531249993854825853, 0.7216878357653431220 ) ) ;
#4585 = CARTESIAN_POINT ( 'NONE',  ( -0.6249999993749986160, 11.63437500061451857, 1.082531753648015904 ) ) ;
#4586 = CARTESIAN_POINT ( 'NONE',  ( -1.095226631311629228, 11.44016239301529225, -0.4658387806148487909 ) ) ;
#4587 = DIRECTION ( 'NONE',  ( -1.000000000000000000, 0.000000000000000000, 0.000000000000000000 ) ) ;
#4588 = EDGE_LOOP ( 'NONE', ( #4572, #2184, #3646, #4846 ) ) ;
#4589 = CARTESIAN_POINT ( 'NONE',  ( -1.249999999999998890, 11.50000000000000000, 0.000000000000000000 ) ) ;
#4590 = CARTESIAN_POINT ( 'NONE',  ( 1.243858877362748720E-16, 4.725000001229035185, 1.162125672759719563 ) ) ;
#4591 = CARTESIAN_POINT ( 'NONE',  ( -1.249999998749998342, 3.496875000614517504, 0.7216878357653442322 ) ) ;
#4592 = CARTESIAN_POINT ( 'NONE',  ( -1.050999162120673642E-16, 1.800000001229035584, -1.162125672759719341 ) ) ;
#4593 = CARTESIAN_POINT ( 'NONE',  ( 0.5032151774999996663, 7.912500001229035185, 0.8715942545697895616 ) ) ;
#4594 = CARTESIAN_POINT ( 'NONE',  ( -0.6249999993749995042, 8.784375000614517148, -1.082531753648015460 ) ) ;
#4595 =( BOUNDED_CURVE ( )  B_SPLINE_CURVE ( 2, ( #1473, #477, #120, #147, #1896, #5103, #90, #2313, #4715 ),
 .UNSPECIFIED., .F., .F. ) 
 B_SPLINE_CURVE_WITH_KNOTS ( ( 3, 2, 2, 2, 3 ),
 ( 0.8129167324735315781, 0.8177555225740091860, 0.8225943126484098755, 0.8274331027228104540, 0.8274332063784897162 ),
 .UNSPECIFIED. ) 
 CURVE ( )  GEOMETRIC_REPRESENTATION_ITEM ( )  RATIONAL_B_SPLINE_CURVE ( ( 1.000000000000000000, 0.8660254037844387076, 1.000000000000000000, 0.8660254037844387076, 1.000000000000000000, 0.8660254037844387076, 1.000000000000000000, 0.9999971300206131897, 0.9999942601641866879 ) ) 
 REPRESENTATION_ITEM ( '' )  );
#4596 = CARTESIAN_POINT ( 'NONE',  ( -1.369188929900980960E-16, 3.487500000000000711, -1.162125672759719563 ) ) ;
#4597 = CARTESIAN_POINT ( 'NONE',  ( 1.564289720003782958E-16, 5.765625000614517326, 1.443375671530686910 ) ) ;
#4598 = CARTESIAN_POINT ( 'NONE',  ( 1.006430354999998444, 8.324999999999999289, 0.000000000000000000 ) ) ;
#4599 = CARTESIAN_POINT ( 'NONE',  ( -1.006430354999998888, 1.781250000000001554, -0.2634828508014804838 ) ) ;
#4600 = CARTESIAN_POINT ( 'NONE',  ( 0.8979642393405731227, 10.08749999999999858, 0.5253432182843933429 ) ) ;
#4601 = CARTESIAN_POINT ( 'NONE',  ( -1.986014042918787680E-17, 12.37500000122903465, 1.162125672759719563 ) ) ;
#4602 = LINE ( 'NONE', #2737, #4915 ) ;
#4603 = ORIENTED_EDGE ( 'NONE', *, *, #1330, .T. ) ;
#4604 = LINE ( 'NONE', #1872, #3535 ) ;
#4605 = CARTESIAN_POINT ( 'NONE',  ( -1.006430354999998888, 11.21250000000000036, -0.5810628363798596707 ) ) ;
#4606 = CARTESIAN_POINT ( 'NONE',  ( 1.249999998749998342, 12.66562500061451502, -0.7216878357653438991 ) ) ;
#4607 = CARTESIAN_POINT ( 'NONE',  ( -1.249999998749998564, 4.303125000614516971, 0.000000000000000000 ) ) ;
#4608 = EDGE_CURVE ( 'NONE', #3857, #3443, #1687, .T. ) ;
#4609 = CARTESIAN_POINT ( 'NONE',  ( -1.249999998749998564, 4.303125000614516971, 0.000000000000000000 ) ) ;
#4610 = CARTESIAN_POINT ( 'NONE',  ( -0.5032151774999995553, 5.437500001229035540, -0.8715942545697896726 ) ) ;
#4611 = CARTESIAN_POINT ( 'NONE',  ( -0.6249999993749995042, 8.278125000614515727, -1.082531753648015460 ) ) ;
#4612 = AXIS2_PLACEMENT_3D ( 'NONE', #641, #2365, #5454 ) ;
#4613 = LINE ( 'NONE', #2326, #5003 ) ;
#4614 = CARTESIAN_POINT ( 'NONE',  ( -0.6249999993749985050, 8.934375000614517504, 1.082531753648015904 ) ) ;
#4615 = CARTESIAN_POINT ( 'NONE',  ( 0.6249999993749989491, -0.7406249993854810976, -1.082531753648015460 ) ) ;
#4616 = CARTESIAN_POINT ( 'NONE',  ( 1.960737175519675263E-17, 13.02187500061451608, 1.443375671530686910 ) ) ;
#4617 = CARTESIAN_POINT ( 'NONE',  ( -1.144012331632469071, 11.45462094167504929, -0.3788043370336076077 ) ) ;
#4618 = CARTESIAN_POINT ( 'NONE',  ( -0.6249999993749996152, 10.97812500061451679, -1.082531753648015460 ) ) ;
#4619 = ORIENTED_EDGE ( 'NONE', *, *, #434, .F. ) ;
#4620 = CYLINDRICAL_SURFACE ( 'NONE', #4031, 2.549999999999998490 ) ;
#4621 = CARTESIAN_POINT ( 'NONE',  ( 0.5032151774999991112, 3.562500001229035540, -0.8715942545697897836 ) ) ;
#4622 = CARTESIAN_POINT ( 'NONE',  ( -0.6249999993749983940, 2.634375000614518569, 1.082531753648015904 ) ) ;
#4623 = CARTESIAN_POINT ( 'NONE',  ( 1.006430354999998444, 10.68750000122903465, 0.000000000000000000 ) ) ;
#4624 = CYLINDRICAL_SURFACE ( 'NONE', #5713, 1.006430354999998666 ) ;
#4625 = CARTESIAN_POINT ( 'NONE',  ( 1.249999998749998342, 8.221875000614517148, -0.7216878357653438991 ) ) ;
#4626 = CARTESIAN_POINT ( 'NONE',  ( -1.006430354999998666, 4.500000000000000888, 0.000000000000000000 ) ) ;
#4627 = CIRCLE ( 'NONE', #4242, 1.749999999999999556 ) ;
#4628 = CARTESIAN_POINT ( 'NONE',  ( 1.249999998749999008, 4.940625000614517148, 0.7216878357653431220 ) ) ;
#4629 = CARTESIAN_POINT ( 'NONE',  ( -0.5253432182843930098, 2.174999999999999378, -0.8979642393405734557 ) ) ;
#4630 = CARTESIAN_POINT ( 'NONE',  ( -0.2634828508014800952, 4.143749999999999822, 1.006430354999998444 ) ) ;
#4631 = CARTESIAN_POINT ( 'NONE',  ( -0.1692664852391020658, 11.31616004332804515, 1.061437157079305527 ) ) ;
#4632 = CARTESIAN_POINT ( 'NONE',  ( 0.5032151774999988891, 11.66250000122903607, -0.8715942545697897836 ) ) ;
#4633 = FACE_OUTER_BOUND ( 'NONE', #2481, .T. ) ;
#4634 = EDGE_LOOP ( 'NONE', ( #2413, #2755 ) ) ;
#4635 = CARTESIAN_POINT ( 'NONE',  ( -0.5032151774999988891, 11.32499999999999929, 0.8715942545697901167 ) ) ;
#4636 = CARTESIAN_POINT ( 'NONE',  ( -0.6249999993749986160, 11.12812500061451537, 1.082531753648015904 ) ) ;
#4637 = CARTESIAN_POINT ( 'NONE',  ( -1.249999998749998564, 4.265625000614517326, -0.7216878357653433440 ) ) ;
#4638 = CARTESIAN_POINT ( 'NONE',  ( 1.249999998749998564, 4.078125000614517326, -1.530808497403381346E-16 ) ) ;
#4639 = CARTESIAN_POINT ( 'NONE',  ( 1.006430354999998222, 8.756250000000003197, 0.2634828508014803172 ) ) ;
#4640 = CARTESIAN_POINT ( 'NONE',  ( -1.249999998749998786, 7.903125000614515727, 0.000000000000000000 ) ) ;
#4641 = CARTESIAN_POINT ( 'NONE',  ( -2.168404344971008868E-16, 11.50000000000000000, 0.000000000000000000 ) ) ;
#4642 = CARTESIAN_POINT ( 'NONE',  ( 0.6249999993749997262, 5.409375000614518036, 1.082531753648015238 ) ) ;
#4643 = CARTESIAN_POINT ( 'NONE',  ( 0.6249999993749989491, -0.2906249993854820857, -1.082531753648015460 ) ) ;
#4644 = CARTESIAN_POINT ( 'NONE',  ( 1.249999998749998342, 13.17187500061451821, -0.7216878357653438991 ) ) ;
#4645 = CARTESIAN_POINT ( 'NONE',  ( -0.7941551404949261928, 11.37275824650359013, -0.7940181465250408799 ) ) ;
#4646 = CARTESIAN_POINT ( 'NONE',  ( -1.006430354999998222, 0.4500000022087585760, 3.422472244619678115E-08 ) ) ;
#4647 = ORIENTED_EDGE ( 'NONE', *, *, #5760, .F. ) ;
#4648 = CARTESIAN_POINT ( 'NONE',  ( -1.006430354999997778, 1.912500003668573978, 3.780068138510202370E-08 ) ) ;
#4649 = CARTESIAN_POINT ( 'NONE',  ( 1.159008272559535716E-16, 5.175000001229036251, 1.162125672759719563 ) ) ;
#4650 = CARTESIAN_POINT ( 'NONE',  ( 1.249999998749998342, 2.821875000614518125, -0.7216878357653438991 ) ) ;
#4651 = EDGE_CURVE ( 'NONE', #5771, #2260, #5400, .T. ) ;
#4652 = CARTESIAN_POINT ( 'NONE',  ( -0.3022721314795466796, 0.2178578650120585880, 0.9900646533318471221 ) ) ;
#4653 = CARTESIAN_POINT ( 'NONE',  ( -0.8979642393405734557, 8.512500000000002842, -0.5253432182843935649 ) ) ;
#4654 = CARTESIAN_POINT ( 'NONE',  ( 1.249999998749998342, 7.321875000614516793, -0.7216878357653438991 ) ) ;
#4655 = CARTESIAN_POINT ( 'NONE',  ( 1.006430354999998888, 4.237499999999999822, 0.5810628363798594487 ) ) ;
#4656 = CARTESIAN_POINT ( 'NONE',  ( -0.6249999993749993932, 3.328125000614516438, -1.082531753648015460 ) ) ;
#4657 = CARTESIAN_POINT ( 'NONE',  ( 1.413560086969175469E-16, 3.825000001229036162, 1.162125672759719341 ) ) ;
#4658 = DIRECTION ( 'NONE',  ( -1.000000000000000000, -1.885568995626963978E-17, 0.000000000000000000 ) ) ;
#4659 = CARTESIAN_POINT ( 'NONE',  ( -1.006430354999997778, 3.149999997508875715, -3.859999143736845538E-08 ) ) ;
#4660 = EDGE_CURVE ( 'NONE', #5317, #1637, #1488, .T. ) ;
#4661 = CARTESIAN_POINT ( 'NONE',  ( -0.5032151774999988891, 11.43750000122903643, 0.8715942545697901167 ) ) ;
#4662 = CARTESIAN_POINT ( 'NONE',  ( 1.210833406543215807, 0.006272328961032839004, 0.3291830819123405805 ) ) ;
#4663 = CARTESIAN_POINT ( 'NONE',  ( 0.8979642393405731227, 6.037500000000001421, 0.5253432182843933429 ) ) ;
#4664 = CARTESIAN_POINT ( 'NONE',  ( 1.006430354999998444, 10.57500000000000107, -1.232521712815482580E-16 ) ) ;
#4665 = CARTESIAN_POINT ( 'NONE',  ( 1.249999998749998342, 12.21562500061451573, -0.7216878357653438991 ) ) ;
#4666 = AXIS2_PLACEMENT_3D ( 'NONE', #4272, #1965, #2833 ) ;
#4667 = ORIENTED_EDGE ( 'NONE', *, *, #5760, .T. ) ;
#4668 = CARTESIAN_POINT ( 'NONE',  ( 1.249999998749999008, 5.390625000614516438, 0.7216878357653431220 ) ) ;
#4669 = CARTESIAN_POINT ( 'NONE',  ( -1.249999998749998564, 3.853125000614517681, 0.000000000000000000 ) ) ;
#4670 = ORIENTED_EDGE ( 'NONE', *, *, #3231, .T. ) ;
#4671 = CARTESIAN_POINT ( 'NONE',  ( -0.5032151774999996663, 10.38750000122903572, -0.8715942545697896726 ) ) ;
#4672 = CARTESIAN_POINT ( 'NONE',  ( -1.249999998749998342, 7.490625000614516971, 0.7216878357653442322 ) ) ;
#4673 = CYLINDRICAL_SURFACE ( 'NONE', #3380, 1.006430354999998666 ) ;
#4674 = CARTESIAN_POINT ( 'NONE',  ( -2.108843305015872930E-16, 6.496875000614516615, -1.443375671530686910 ) ) ;
#4675 = CARTESIAN_POINT ( 'NONE',  ( 1.249999998749999008, -0.4031249993854818525, 0.7216878357653431220 ) ) ;
#4676 = DIRECTION ( 'NONE',  ( -1.885568995626964287E-17, 1.000000000000000000, -0.000000000000000000 ) ) ;
#4677 = B_SPLINE_CURVE_WITH_KNOTS ( 'NONE', 3,
 ( #5165, #967, #4241, #3341, #5560, #1448, #125, #2891, #3283, #5076 ),
 .UNSPECIFIED., .F., .F.,
 ( 4, 2, 2, 2, 4 ),
 ( 0.5000000000000000000, 0.6250000000000000000, 0.7500000000000000000, 0.8750000000000000000, 1.000000000000000000 ),
 .UNSPECIFIED. ) ;
#4678 = ORIENTED_EDGE ( 'NONE', *, *, #2965, .T. ) ;
#4679 = CARTESIAN_POINT ( 'NONE',  ( 1.006430354999998444, 6.506250000000000533, 0.2634828508014804838 ) ) ;
#4680 = VECTOR ( 'NONE', #5382, 1000.000000000000000 ) ;
#4681 = CARTESIAN_POINT ( 'NONE',  ( -0.5032151774999995553, 4.987500001229034474, -0.8715942545697896726 ) ) ;
#4682 = CARTESIAN_POINT ( 'NONE',  ( 1.249999998749998564, 0.08437500061451823352, -1.530808497403381346E-16 ) ) ;
#4683 = CARTESIAN_POINT ( 'NONE',  ( 0.6249999993749996152, 12.60937500061451644, 1.082531753648015238 ) ) ;
#4684 = CARTESIAN_POINT ( 'NONE',  ( -0.5032151774999987781, 7.837500001229035007, 0.8715942545697901167 ) ) ;
#4685 = CARTESIAN_POINT ( 'NONE',  ( -1.249999998749998564, 6.571875000614517681, -0.7216878357653433440 ) ) ;
#4686 = CARTESIAN_POINT ( 'NONE',  ( 1.006430354999998888, 1.537500000000000533, 0.5810628363798594487 ) ) ;
#4687 = CARTESIAN_POINT ( 'NONE',  ( 1.249999998749999008, 4.040625000614515905, 0.7216878357653431220 ) ) ;
#4688 = CARTESIAN_POINT ( 'NONE',  ( 0.8979642393405735667, 2.062499999999999556, -0.5253432182843932319 ) ) ;
#4689 = CARTESIAN_POINT ( 'NONE',  ( 0.8979642393405731227, 4.237500000000001599, 0.5253432182843933429 ) ) ;
#4690 = CARTESIAN_POINT ( 'NONE',  ( 1.006430354999998444, 11.25643035500000266, 1.232521712815482580E-16 ) ) ;
#4691 = CARTESIAN_POINT ( 'NONE',  ( 1.006430354999998444, 11.58750000122903501, -1.232521712815482580E-16 ) ) ;
#4692 = CARTESIAN_POINT ( 'NONE',  ( -2.549999999999998490, -1.913607928468755484E-16, 0.000000000000000000 ) ) ;
#4693 = CARTESIAN_POINT ( 'NONE',  ( -0.2634828508014804282, 6.656250000000001776, -1.006430354999998888 ) ) ;
#4694 = CARTESIAN_POINT ( 'NONE',  ( 1.620136663535211251E-17, 10.46249999999999858, 1.162125672759719563 ) ) ;
#4695 = CARTESIAN_POINT ( 'NONE',  ( 1.249999998749998342, 11.72812500061451679, -1.530808497403381346E-16 ) ) ;
#4696 = ORIENTED_EDGE ( 'NONE', *, *, #5540, .F. ) ;
#4697 = CARTESIAN_POINT ( 'NONE',  ( -0.6249999993749985050, 4.828125000614516438, 1.082531753648015904 ) ) ;
#4698 = CARTESIAN_POINT ( 'NONE',  ( 1.249999998749998342, 4.115625000614516082, -0.7216878357653438991 ) ) ;
#4699 = EDGE_LOOP ( 'NONE', ( #5575, #4735, #2501, #1841, #891 ) ) ;
#4700 = CARTESIAN_POINT ( 'NONE',  ( 1.249999998749999008, 6.740625000614516971, 0.7216878357653431220 ) ) ;
#4701 = ADVANCED_FACE ( 'NONE', ( #4953 ), #5204, .F. ) ;
#4702 = CARTESIAN_POINT ( 'NONE',  ( -0.6249999993749995042, 6.534375000614517148, -1.082531753648015460 ) ) ;
#4703 = VECTOR ( 'NONE', #663, 1000.000000000000000 ) ;
#4704 = CARTESIAN_POINT ( 'NONE',  ( -1.249999998749998564, 1.209375000614517415, 0.000000000000000000 ) ) ;
#4705 = CARTESIAN_POINT ( 'NONE',  ( -0.5226771034961882334, 11.32733174508102536, -0.9426641469689812647 ) ) ;
#4706 = VERTEX_POINT ( 'NONE', #3655 ) ;
#4707 = CARTESIAN_POINT ( 'NONE',  ( -0.6249999993749985050, 9.384375000614516793, 1.082531753648015904 ) ) ;
#4708 = CARTESIAN_POINT ( 'NONE',  ( -0.5032151774999986671, 2.887500001229035274, 0.8715942545697901167 ) ) ;
#4709 = CARTESIAN_POINT ( 'NONE',  ( 1.249999998749998342, 0.5718750006145183473, -0.7216878357653438991 ) ) ;
#4710 = CARTESIAN_POINT ( 'NONE',  ( -0.6249999993749996152, 11.93437500061451750, -1.082531753648015460 ) ) ;
#4711 = CARTESIAN_POINT ( 'NONE',  ( -0.8742198959453200136, 0.1288192575693495878, -0.7184815129199534356 ) ) ;
#4712 = CARTESIAN_POINT ( 'NONE',  ( -1.249999998749998342, 7.096875000614516260, 0.7216878357653442322 ) ) ;
#4713 = CARTESIAN_POINT ( 'NONE',  ( 1.604473948008148644E-16, 2.812500000000000888, 1.162125672759719563 ) ) ;
#4714 = CARTESIAN_POINT ( 'NONE',  ( 1.249999998749999008, 3.140625000614516882, 0.7216878357653431220 ) ) ;
#4715 = CARTESIAN_POINT ( 'NONE',  ( 1.006430354884234157, 0.3373316160145345965, 1.022808668468750862E-05 ) ) ;
#4716 = CARTESIAN_POINT ( 'NONE',  ( -1.006430354999998888, 11.50000000000000000, 0.000000000000000000 ) ) ;
#4717 = CARTESIAN_POINT ( 'NONE',  ( 1.006430354999998666, 10.20000000122903572, 0.5810628363798594487 ) ) ;
#4718 = CARTESIAN_POINT ( 'NONE',  ( -0.6249999993749985050, 6.684375000614517504, 1.082531753648015904 ) ) ;
#4719 = CARTESIAN_POINT ( 'NONE',  ( -1.006430354999998222, 1.012499999349133928, -2.912909007455426627E-08 ) ) ;
#4720 = VECTOR ( 'NONE', #4676, 1000.000000000000000 ) ;
#4721 = CARTESIAN_POINT ( 'NONE',  ( -0.8979642393405734557, 6.712500000000000355, -0.5253432182843935649 ) ) ;
#4722 = CARTESIAN_POINT ( 'NONE',  ( -0.5032151774999987781, 9.975000000000001421, 0.8715942545697901167 ) ) ;
#4723 = CARTESIAN_POINT ( 'NONE',  ( -0.6249999993749986160, 10.67812500061451608, 1.082531753648015904 ) ) ;
#4724 = EDGE_LOOP ( 'NONE', ( #699, #3854, #169, #1389 ) ) ;
#4725 = CARTESIAN_POINT ( 'NONE',  ( -1.758834560202617930E-16, 4.640625000614516438, -1.443375671530686910 ) ) ;
#4726 = CARTESIAN_POINT ( 'NONE',  ( 1.249999998749998564, 3.178125000614517415, -1.530808497403381346E-16 ) ) ;
#4727 = ORIENTED_EDGE ( 'NONE', *, *, #4297, .F. ) ;
#4728 = CARTESIAN_POINT ( 'NONE',  ( 1.006430354999998666, 4.743750000000001243, -0.2634828508014800952 ) ) ;
#4729 = ADVANCED_FACE ( 'NONE', ( #528 ), #465, .F. ) ;
#4730 = CARTESIAN_POINT ( 'NONE',  ( 1.249999998749998564, 6.834375000614516971, -1.530808497403381346E-16 ) ) ;
#4731 = CARTESIAN_POINT ( 'NONE',  ( -1.249999998749998564, -0.2343749993854830627, -0.7216878357653433440 ) ) ;
#4732 = CARTESIAN_POINT ( 'NONE',  ( -0.5253432182843935649, 9.525000000000000355, 0.8979642393405733447 ) ) ;
#4733 = EDGE_CURVE ( 'NONE', #4494, #2954, #18, .T. ) ;
#4734 = CARTESIAN_POINT ( 'NONE',  ( -0.6249999993749986160, 12.02812500061451573, 1.082531753648015904 ) ) ;
#4735 = ORIENTED_EDGE ( 'NONE', *, *, #25, .T. ) ;
#4736 = CARTESIAN_POINT ( 'NONE',  ( 1.249999998749998342, 11.37187500061451573, -0.7216878357653438991 ) ) ;
#4737 = CARTESIAN_POINT ( 'NONE',  ( -8.812979525142468936E-17, 0.9000000012290358953, -1.162125672759719563 ) ) ;
#4738 = CARTESIAN_POINT ( 'NONE',  ( -1.249999998749998786, 12.90937500061451537, 0.000000000000000000 ) ) ;
#4739 = CARTESIAN_POINT ( 'NONE',  ( -1.095250797825531475, 0.1547491423731522375, -0.1514951664593031655 ) ) ;
#4740 = CARTESIAN_POINT ( 'NONE',  ( 1.249999998749998342, 7.771875000614517859, -0.7216878357653438991 ) ) ;
#4741 = CARTESIAN_POINT ( 'NONE',  ( 1.774175157614575639E-16, 1.912500000000000977, 1.162125672759719563 ) ) ;
#4742 = CARTESIAN_POINT ( 'NONE',  ( -1.249999998749998342, 2.990625000614516971, 0.7216878357653442322 ) ) ;
#4743 = CARTESIAN_POINT ( 'NONE',  ( 1.006430354999998666, 2.493750000000002132, -0.2634828508014801507 ) ) ;
#4744 = CARTESIAN_POINT ( 'NONE',  ( -0.5032151774999995553, 6.337500001229035007, -0.8715942545697896726 ) ) ;
#4745 = CARTESIAN_POINT ( 'NONE',  ( -1.006430354999998444, 8.250000001229034652, 0.5810628363798603369 ) ) ;
#4746 = CARTESIAN_POINT ( 'NONE',  ( 1.249999998749999008, 7.246875000614516615, 0.7216878357653431220 ) ) ;
#4747 = FACE_OUTER_BOUND ( 'NONE', #5833, .T. ) ;
#4748 = VERTEX_POINT ( 'NONE', #3713 ) ;
#4749 = CARTESIAN_POINT ( 'NONE',  ( 1.006430354999998666, 10.08749999999999858, 0.5810628363798594487 ) ) ;
#4750 = CARTESIAN_POINT ( 'NONE',  ( 0.6249999993749987270, 11.35312500061451502, -1.082531753648015460 ) ) ;
#4751 = VERTEX_POINT ( 'NONE', #4195 ) ;
#4752 = CARTESIAN_POINT ( 'NONE',  ( -1.249999998749998564, 2.053125000614516527, 0.000000000000000000 ) ) ;
#4753 = CARTESIAN_POINT ( 'NONE',  ( -1.249999998749998342, 3.890625000614517326, 0.7216878357653442322 ) ) ;
#4754 = ORIENTED_EDGE ( 'NONE', *, *, #2602, .T. ) ;
#4755 = CARTESIAN_POINT ( 'NONE',  ( -0.5032151774999994442, 4.087500001229035007, -0.8715942545697896726 ) ) ;
#4756 = CARTESIAN_POINT ( 'NONE',  ( -1.249999998749998342, 11.09062500061451750, 0.7216878357653442322 ) ) ;
#4757 = CARTESIAN_POINT ( 'NONE',  ( 0.6249999993749997262, 6.759375000614517681, 1.082531753648015238 ) ) ;
#4758 = CARTESIAN_POINT ( 'NONE',  ( 0.6249999993749999483, -1.846874999385482496, 1.082531753648015238 ) ) ;
#4759 = CARTESIAN_POINT ( 'NONE',  ( 1.249999998749998564, -1.265624999385482230, -1.530808497403381346E-16 ) ) ;
#4760 = CARTESIAN_POINT ( 'NONE',  ( 0.8979642393405731227, 9.187500000000000000, 0.5253432182843934539 ) ) ;
#4761 = ORIENTED_EDGE ( 'NONE', *, *, #3457, .T. ) ;
#4762 = CARTESIAN_POINT ( 'NONE',  ( 7.051773463712478344E-17, 10.32187500061451679, 1.443375671530686910 ) ) ;
#4763 = ADVANCED_FACE ( 'NONE', ( #890 ), #5546, .F. ) ;
#4764 = CARTESIAN_POINT ( 'NONE',  ( -1.006430354999998000, 0.6000000012290358509, 0.5810628363798603369 ) ) ;
#4765 =( LENGTH_UNIT ( ) NAMED_UNIT ( * ) SI_UNIT ( .MILLI., .METRE. ) );
#4766 = CARTESIAN_POINT ( 'NONE',  ( 1.960737175519675263E-17, 13.02187500061451608, 1.443375671530686910 ) ) ;
#4767 = CARTESIAN_POINT ( 'NONE',  ( -1.006430354999998444, 8.700000001229035718, 0.5810628363798603369 ) ) ;
#4768 = B_SPLINE_CURVE_WITH_KNOTS ( 'NONE', 3,
 ( #1157, #2628, #3409, #4427, #2062, #3441, #314, #4849, #282, #4788 ),
 .UNSPECIFIED., .F., .F.,
 ( 4, 2, 2, 2, 4 ),
 ( 0.5000000000000000000, 0.6250000000000000000, 0.7500000000000000000, 0.8750000000000000000, 1.000000000000000000 ),
 .UNSPECIFIED. ) ;
#4769 = CARTESIAN_POINT ( 'NONE',  ( -0.6249999993749985050, 5.334375000614517859, 1.082531753648015904 ) ) ;
#4770 = CARTESIAN_POINT ( 'NONE',  ( 1.006430354999998888, 2.437500000000000444, 0.5810628363798594487 ) ) ;
#4771 = CARTESIAN_POINT ( 'NONE',  ( 1.249999998749999008, 2.690625000614517592, 0.7216878357653431220 ) ) ;
#4772 = CARTESIAN_POINT ( 'NONE',  ( 0.8299928538957873636, 11.43167946272628654, -0.8490732360280716096 ) ) ;
#4773 = SURFACE_STYLE_FILL_AREA ( #237 ) ;
#4774 = CARTESIAN_POINT ( 'NONE',  ( 0.5032151774999996663, 10.16250000122903607, 0.8715942545697895616 ) ) ;
#4775 = EDGE_CURVE ( 'NONE', #5626, #5837, #969, .T. ) ;
#4776 = CARTESIAN_POINT ( 'NONE',  ( -1.006430354999998888, 8.662500001229034297, 0.000000000000000000 ) ) ;
#4777 = CARTESIAN_POINT ( 'NONE',  ( -1.249999998749998564, 7.509375000614517681, 0.000000000000000000 ) ) ;
#4778 = CARTESIAN_POINT ( 'NONE',  ( -1.249999999999998890, -2.356961244533703509E-17, 1.530808498934190338E-16 ) ) ;
#4779 = ORIENTED_EDGE ( 'NONE', *, *, #4153, .F. ) ;
#4780 = CARTESIAN_POINT ( 'NONE',  ( -1.006430354999998666, 7.312500001246801773, 2.752867483102996397E-10 ) ) ;
#4781 = CARTESIAN_POINT ( 'NONE',  ( -0.5032151774999995553, 9.825000000000001066, -0.8715942545697896726 ) ) ;
#4782 = CARTESIAN_POINT ( 'NONE',  ( 1.249999998749998564, 9.890625000614516438, 0.7216878357653431220 ) ) ;
#4783 = VERTEX_POINT ( 'NONE', #1403 ) ;
#4784 = CARTESIAN_POINT ( 'NONE',  ( 1.249999998749998564, 3.178125000614517415, -1.530808497403381346E-16 ) ) ;
#4785 = CARTESIAN_POINT ( 'NONE',  ( -1.249999998749998564, 0.2531250006145169817, 0.000000000000000000 ) ) ;
#4786 = ORIENTED_EDGE ( 'NONE', *, *, #5350, .T. ) ;
#4787 = DIRECTION ( 'NONE',  ( -1.000000000000000000, 0.000000000000000000, 0.000000000000000000 ) ) ;
#4788 = CARTESIAN_POINT ( 'NONE',  ( -1.006430354999998888, 0.9000000003508921154, 5.437054070694858692E-09 ) ) ;
#4789 =( BOUNDED_CURVE ( )  B_SPLINE_CURVE ( 2, ( #869, #1807, #3634, #5489, #4987, #1861, #5098 ),
 .UNSPECIFIED., .F., .T. ) 
 B_SPLINE_CURVE_WITH_KNOTS ( ( 3, 2, 2, 3 ),
 ( 0.5661384387050845124, 0.5709772287794869783, 0.5758160188538893332, 0.5806548089671682567 ),
 .UNSPECIFIED. ) 
 CURVE ( )  GEOMETRIC_REPRESENTATION_ITEM ( )  RATIONAL_B_SPLINE_CURVE ( ( 1.000000000000003109, 0.8660254037844355990, 1.000000000000000000, 0.8660254037844387076, 1.000000000000000000, 0.8660254037844387076, 1.000000000000000000 ) ) 
 REPRESENTATION_ITEM ( '' )  );
#4790 = CARTESIAN_POINT ( 'NONE',  ( -2.437639398628325419E-16, 8.240625000614516082, -1.443375671530686910 ) ) ;
#4791 = CARTESIAN_POINT ( 'NONE',  ( -1.249999998749998342, 2.596875000614517592, 0.7216878357653442322 ) ) ;
#4792 = CARTESIAN_POINT ( 'NONE',  ( 1.249999998749998564, 0.02812500061451748967, -1.530808497403381346E-16 ) ) ;
#4793 = CARTESIAN_POINT ( 'NONE',  ( 1.249999998749999008, -1.753124999385482496, 0.7216878357653431220 ) ) ;
#4794 = CARTESIAN_POINT ( 'NONE',  ( -3.286145446660459409E-16, 12.74062500061451608, -1.443375671530686910 ) ) ;
#4795 = VERTEX_POINT ( 'NONE', #2303 ) ;
#4796 = CARTESIAN_POINT ( 'NONE',  ( 0.6249999993749997262, 9.909375000614517148, 1.082531753648015238 ) ) ;
#4797 = CARTESIAN_POINT ( 'NONE',  ( 1.006430354999998666, 2.587500001229035451, -1.232521712815482580E-16 ) ) ;
#4798 = CARTESIAN_POINT ( 'NONE',  ( -3.127050562654433423E-16, 11.89687500061451608, -1.443375671530686910 ) ) ;
#4799 = CARTESIAN_POINT ( 'NONE',  ( 1.249999998749998342, 5.071875000614517681, -0.7216878357653438991 ) ) ;
#4800 = CARTESIAN_POINT ( 'NONE',  ( 0.5032151774999997773, 2.850000000000000089, 0.8715942545697895616 ) ) ;
#4801 = CARTESIAN_POINT ( 'NONE',  ( -1.419432140989764186E-16, 2.840625000614516171, -1.443375671530686910 ) ) ;
#4802 = CARTESIAN_POINT ( 'NONE',  ( -0.5253432182843933429, 10.27499999999999858, -0.8979642393405733447 ) ) ;
#4803 = CARTESIAN_POINT ( 'NONE',  ( -1.006430354999998444, 5.962499999662783878, -2.426908927684681180E-08 ) ) ;
#4804 = DIRECTION ( 'NONE',  ( -1.885568995626964287E-17, 1.000000000000000000, -0.000000000000000000 ) ) ;
#4805 = CARTESIAN_POINT ( 'NONE',  ( -0.5032151774999987781, 9.637500001229033941, 0.8715942545697901167 ) ) ;
#4806 = CARTESIAN_POINT ( 'NONE',  ( -1.249999998749998786, 8.409375000614517148, 0.000000000000000000 ) ) ;
#4807 = CARTESIAN_POINT ( 'NONE',  ( 0.5032151774999995553, 12.75000000000000000, 0.8715942545697895616 ) ) ;
#4808 = CARTESIAN_POINT ( 'NONE',  ( 0.5253432182843932319, 2.849999999999998312, 0.8979642393405733447 ) ) ;
#4809 = CARTESIAN_POINT ( 'NONE',  ( -1.006430354999998444, 9.487500000000000711, 0.5810628363798603369 ) ) ;
#4810 = CARTESIAN_POINT ( 'NONE',  ( -0.6249999993749995042, 8.728125000614516793, -1.082531753648015460 ) ) ;
#4811 = EDGE_CURVE ( 'NONE', #5441, #3470, #4465, .T. ) ;
#4812 = ORIENTED_EDGE ( 'NONE', *, *, #1510, .T. ) ;
#4813 = CARTESIAN_POINT ( 'NONE',  ( 0.6249999993749998373, 2.203125000614517326, 1.082531753648015238 ) ) ;
#4814 = CARTESIAN_POINT ( 'NONE',  ( 1.249999998749999008, -0.009374999385483586203, 0.7216878357653431220 ) ) ;
#4815 = ORIENTED_EDGE ( 'NONE', *, *, #3106, .T. ) ;
#4816 = CARTESIAN_POINT ( 'NONE',  ( -0.8979642393405735667, 4.987500000000001599, 0.5253432182843935649 ) ) ;
#4817 = EDGE_LOOP ( 'NONE', ( #4848, #4275, #2895, #1039 ) ) ;
#4818 = CARTESIAN_POINT ( 'NONE',  ( 1.249999998749998342, 9.928125000614516082, -1.530808497403381346E-16 ) ) ;
#4819 = VERTEX_POINT ( 'NONE', #4646 ) ;
#4820 = CARTESIAN_POINT ( 'NONE',  ( -1.599739676196592684E-16, 3.796875000614517326, -1.443375671530686910 ) ) ;
#4821 =( BOUNDED_CURVE ( )  B_SPLINE_CURVE ( 2, ( #2280, #5099, #4109, #2854, #504, #5931, #5552 ),
 .UNSPECIFIED., .F., .T. ) 
 B_SPLINE_CURVE_WITH_KNOTS ( ( 3, 2, 2, 3 ),
 ( 0.2467782937945240396, 0.2516170838689264500, 0.2564558739433289158, 0.2612946640389078312 ),
 .UNSPECIFIED. ) 
 CURVE ( )  GEOMETRIC_REPRESENTATION_ITEM ( )  RATIONAL_B_SPLINE_CURVE ( ( 0.9999999999999984457, 0.8660254037844402619, 1.000000000000000000, 0.8660254037844387076, 1.000000000000000000, 0.8660254037844387076, 1.000000000000000000 ) ) 
 REPRESENTATION_ITEM ( '' )  );
#4822 = CARTESIAN_POINT ( 'NONE',  ( -1.249999998749998564, 0.2156250006145176701, -0.7216878357653433440 ) ) ;
#4823 = CARTESIAN_POINT ( 'NONE',  ( 1.174599537634610558, -2.141145807662843570, -0.4275697873605616706 ) ) ;
#4824 = CARTESIAN_POINT ( 'NONE',  ( 0.2634828508014800397, 9.131249999999999645, 1.006430354999998666 ) ) ;
#4825 = CARTESIAN_POINT ( 'NONE',  ( 1.249999998749998342, 10.02187500061451608, -0.7216878357653438991 ) ) ;
#4826 = CARTESIAN_POINT ( 'NONE',  ( 1.837813110985242711E-16, 1.575000001229035940, 1.162125672759719563 ) ) ;
#4827 = CARTESIAN_POINT ( 'NONE',  ( -1.249999998749998786, 11.10937500061451644, 0.000000000000000000 ) ) ;
#4828 = CARTESIAN_POINT ( 'NONE',  ( 1.249999998749999008, 4.996875000614517504, 0.7216878357653431220 ) ) ;
#4829 = CARTESIAN_POINT ( 'NONE',  ( -0.5032151774999986671, -0.3749999999999986122, 0.8715942545697901167 ) ) ;
#4830 = CARTESIAN_POINT ( 'NONE',  ( 0.6249999993749989491, 1.453125000614516660, -1.082531753648015460 ) ) ;
#4831 = CARTESIAN_POINT ( 'NONE',  ( -0.5032151774999987781, 4.687500001229034652, 0.8715942545697901167 ) ) ;
#4832 = SURFACE_SIDE_STYLE ('',( #4773 ) ) ;
#4833 = CARTESIAN_POINT ( 'NONE',  ( 1.006430354999998666, 6.187500001229035540, 0.000000000000000000 ) ) ;
#4834 = CARTESIAN_POINT ( 'NONE',  ( 1.006430354999998666, 7.950000001229036606, 0.5810628363798594487 ) ) ;
#4835 = CARTESIAN_POINT ( 'NONE',  ( -2.193693909819086181E-16, 6.946875000614517681, -1.443375671530686910 ) ) ;
#4836 = EDGE_CURVE ( 'NONE', #4942, #4050, #3752, .T. ) ;
#4837 = CARTESIAN_POINT ( 'NONE',  ( 1.249999998749999008, 0.4968750006145179476, 0.7216878357653431220 ) ) ;
#4838 = CARTESIAN_POINT ( 'NONE',  ( -0.5032151774999996663, 13.42499999999999893, -0.8715942545697896726 ) ) ;
#4839 = CARTESIAN_POINT ( 'NONE',  ( -0.2634828508014803172, 2.793750000000001066, 1.006430354999998888 ) ) ;
#4840 = CARTESIAN_POINT ( 'NONE',  ( 1.006430354999998444, 9.225000000000001421, -1.232521712815482580E-16 ) ) ;
#4841 = CARTESIAN_POINT ( 'NONE',  ( 1.249999998749998342, 8.128125000614515372, -1.530808497403381346E-16 ) ) ;
#4842 = EDGE_CURVE ( 'NONE', #2388, #3676, #2567, .T. ) ;
#4843 = ORIENTED_EDGE ( 'NONE', *, *, #5271, .T. ) ;
#4844 = CARTESIAN_POINT ( 'NONE',  ( -1.249730931383337437E-16, 1.940625000614516926, -1.443375671530686910 ) ) ;
#4845 = CARTESIAN_POINT ( 'NONE',  ( 1.249999998749999008, 0.4406250006145171483, 0.7216878357653431220 ) ) ;
#4846 = ORIENTED_EDGE ( 'NONE', *, *, #1943, .F. ) ;
#4847 = LINE ( 'NONE', #5320, #5292 ) ;
#4848 = ORIENTED_EDGE ( 'NONE', *, *, #791, .T. ) ;
#4849 = CARTESIAN_POINT ( 'NONE',  ( -0.8979642393405735667, 0.9375000000000025535, 0.5253432182843933429 ) ) ;
#4850 = B_SPLINE_CURVE_WITH_KNOTS ( 'NONE', 3,
 ( #1178, #726, #2621, #4450, #4387, #2948, #273, #4869, #2590, #306 ),
 .UNSPECIFIED., .F., .F.,
 ( 4, 2, 2, 2, 4 ),
 ( 0.5000000000000000000, 0.6250000000000000000, 0.7500000000000000000, 0.8750000000000000000, 1.000000000000000000 ),
 .UNSPECIFIED. ) ;
#4851 = CARTESIAN_POINT ( 'NONE',  ( -1.249999998749999008, 9.215625000614515727, -0.7216878357653433440 ) ) ;
#4852 = ORIENTED_EDGE ( 'NONE', *, *, #4398, .F. ) ;
#4853 = CARTESIAN_POINT ( 'NONE',  ( -1.249999998749998564, 4.359375000614517326, 0.000000000000000000 ) ) ;
#4854 = CARTESIAN_POINT ( 'NONE',  ( -3.370996051463671921E-16, 13.19062500061451537, -1.443375671530686910 ) ) ;
#4855 = CARTESIAN_POINT ( 'NONE',  ( 0.6249999993749990601, -1.190624999385481830, -1.082531753648015460 ) ) ;
#4856 = CARTESIAN_POINT ( 'NONE',  ( -3.116444237054032414E-16, 11.84062500061451750, -1.443375671530686910 ) ) ;
#4857 = CARTESIAN_POINT ( 'NONE',  ( 1.249999998749998342, 9.084375000614517859, -1.530808497403381346E-16 ) ) ;
#4858 = CARTESIAN_POINT ( 'NONE',  ( -1.006430354999998666, 2.812500001229035096, 0.000000000000000000 ) ) ;
#4859 = CARTESIAN_POINT ( 'NONE',  ( -1.249999998749998786, 9.309375000614517504, 0.000000000000000000 ) ) ;
#4860 = CARTESIAN_POINT ( 'NONE',  ( 1.723384604009808451E-16, 4.921875000614518214, 1.443375671530686910 ) ) ;
#4861 = CARTESIAN_POINT ( 'NONE',  ( -1.006430354999998000, -1.312499999999999334, 0.5810628363798603369 ) ) ;
#4862 = CARTESIAN_POINT ( 'NONE',  ( 0.6249999993749998373, 2.203125000614517326, 1.082531753648015238 ) ) ;
#4863 = CARTESIAN_POINT ( 'NONE',  ( -1.006430354999998666, 7.312500001246801773, 2.752867483102996397E-10 ) ) ;
#4864 = CARTESIAN_POINT ( 'NONE',  ( 1.006430354999999111, 5.643749999999999822, -0.2634828508014801507 ) ) ;
#4865 = DIRECTION ( 'NONE',  ( -1.885568995626964287E-17, 1.000000000000000000, -0.000000000000000000 ) ) ;
#4866 = CARTESIAN_POINT ( 'NONE',  ( 0.5032151774999996663, 7.912500001229035185, 0.8715942545697895616 ) ) ;
#4867 = CARTESIAN_POINT ( 'NONE',  ( 1.249999998749998342, 4.171875000614517326, -0.7216878357653438991 ) ) ;
#4868 = CARTESIAN_POINT ( 'NONE',  ( -1.249999998749998342, -0.1031249993854819330, 0.7216878357653442322 ) ) ;
#4869 = CARTESIAN_POINT ( 'NONE',  ( -0.8979642393405736778, 10.83750000000000568, 0.5253432182843935649 ) ) ;
#4870 = CARTESIAN_POINT ( 'NONE',  ( 7.559678999760149000E-17, 7.312500000000000888, 1.162125672759719563 ) ) ;
#4871 = CARTESIAN_POINT ( 'NONE',  ( 0.6249999993749988381, 8.653125000614515727, -1.082531753648015460 ) ) ;
#4872 = AXIS2_PLACEMENT_3D ( 'NONE', #1296, #2144, #5345 ) ;
#4873 = ORIENTED_EDGE ( 'NONE', *, *, #3596, .F. ) ;
#4874 = CARTESIAN_POINT ( 'NONE',  ( -0.6249999993749993932, 2.428125000614516971, -1.082531753648015460 ) ) ;
#4875 = CARTESIAN_POINT ( 'NONE',  ( -0.6249999993749993932, 0.6281250006145173703, -1.082531753648015460 ) ) ;
#4876 = LINE ( 'NONE', #1186, #592 ) ;
#4877 = ORIENTED_EDGE ( 'NONE', *, *, #1388, .T. ) ;
#4878 = CYLINDRICAL_SURFACE ( 'NONE', #5431, 1.006430354999998666 ) ;
#4879 = CARTESIAN_POINT ( 'NONE',  ( -1.249999998749999008, 8.765625000614516438, -0.7216878357653433440 ) ) ;
#4880 = ORIENTED_EDGE ( 'NONE', *, *, #3145, .F. ) ;
#4881 = CARTESIAN_POINT ( 'NONE',  ( -1.249999998749998564, 0.7218750006145174813, -0.7216878357653433440 ) ) ;
#4882 = CARTESIAN_POINT ( 'NONE',  ( -1.089525141676651820, 0.1604747986833542361, -2.852924854312509332E-11 ) ) ;
#4883 = CARTESIAN_POINT ( 'NONE',  ( -1.249999998749998342, 3.046875000614518214, 0.7216878357653442322 ) ) ;
#4884 = CARTESIAN_POINT ( 'NONE',  ( 1.174605229287138730, -2.141146790891280904, -0.4275541511976044817 ) ) ;
#4885 = CARTESIAN_POINT ( 'NONE',  ( -0.5253432182843934539, 3.675000000000000266, 0.8979642393405733447 ) ) ;
#4886 = CARTESIAN_POINT ( 'NONE',  ( 0.6249999993749997262, 10.30312500061451608, 1.082531753648015238 ) ) ;
#4887 = ADVANCED_FACE ( 'NONE', ( #5466 ), #4006, .F. ) ;
#4888 = CARTESIAN_POINT ( 'NONE',  ( 0.5032151774999992222, -1.837499998770964593, -0.8715942545697897836 ) ) ;
#4889 = CARTESIAN_POINT ( 'NONE',  ( 5.354761367648210856E-17, 11.22187500061451892, 1.443375671530686910 ) ) ;
#4890 = CARTESIAN_POINT ( 'NONE',  ( -1.249999998749998564, 6.159375000614517148, 0.000000000000000000 ) ) ;
#4891 = CARTESIAN_POINT ( 'NONE',  ( -0.5032151774999994442, -0.07499999999999867883, -0.8715942545697896726 ) ) ;
#4892 = CARTESIAN_POINT ( 'NONE',  ( -1.249999998749998564, 1.115625000614517415, -0.7216878357653433440 ) ) ;
#4893 = CARTESIAN_POINT ( 'NONE',  ( -0.2634828508014802617, 10.70625000000000071, -1.006430354999998666 ) ) ;
#4894 = CARTESIAN_POINT ( 'NONE',  ( -1.006430354999998666, 4.518750000000000711, 0.2634828508014803172 ) ) ;
#4895 = CARTESIAN_POINT ( 'NONE',  ( -1.006430354999997778, 2.812499998737793661, -3.860180994429083776E-08 ) ) ;
#4896 = CARTESIAN_POINT ( 'NONE',  ( 0.5032151774999996663, 6.112500001229036251, 0.8715942545697895616 ) ) ;
#4897 = CARTESIAN_POINT ( 'NONE',  ( 1.249999998749999008, 4.996875000614518392, 0.7216878357653431220 ) ) ;
#4898 = CARTESIAN_POINT ( 'NONE',  ( -0.6249999993749983940, 0.8343750006145171927, 1.082531753648015904 ) ) ;
#4899 = CARTESIAN_POINT ( 'NONE',  ( 0.8979642393405736778, 7.012500000000001954, -0.5253432182843932319 ) ) ;
#4900 = CARTESIAN_POINT ( 'NONE',  ( 0.5032151774999997773, 2.512500001229035274, 0.8715942545697895616 ) ) ;
#4901 = CARTESIAN_POINT ( 'NONE',  ( -1.006430354999998666, 6.299999999999999822, 0.000000000000000000 ) ) ;
#4902 = CARTESIAN_POINT ( 'NONE',  ( -1.249999998749998342, 7.940625000614516260, 0.7216878357653442322 ) ) ;
#4903 = AXIS2_PLACEMENT_3D ( 'NONE', #2829, #5614, #4658 ) ;
#4904 = CARTESIAN_POINT ( 'NONE',  ( 1.006430354999998444, 10.12499999999999822, 0.000000000000000000 ) ) ;
#4905 = CARTESIAN_POINT ( 'NONE',  ( -0.6249999993749983940, 1.228125000614517237, 1.082531753648015904 ) ) ;
#4906 = CARTESIAN_POINT ( 'NONE',  ( -0.8979642393405735667, 0.4875000000000015432, 0.5253432182843933429 ) ) ;
#4907 = ORIENTED_EDGE ( 'NONE', *, *, #4954, .T. ) ;
#4908 = DIRECTION ( 'NONE',  ( -1.885568995626964287E-17, 1.000000000000000000, -0.000000000000000000 ) ) ;
#4909 = CARTESIAN_POINT ( 'NONE',  ( -2.777041817841178916E-16, 10.04062500061451679, -1.443375671530686910 ) ) ;
#4910 = ORIENTED_EDGE ( 'NONE', *, *, #5139, .T. ) ;
#4911 =( LENGTH_UNIT ( ) NAMED_UNIT ( * ) SI_UNIT ( .MILLI., .METRE. ) );
#4912 = ADVANCED_FACE ( 'NONE', ( #2205 ), #368, .F. ) ;
#4913 = CARTESIAN_POINT ( 'NONE',  ( 0.5253432182843934539, 7.500000000000000000, -0.8979642393405731227 ) ) ;
#4914 = CARTESIAN_POINT ( 'NONE',  ( -1.249999998749998564, 3.871875000614517059, -0.7216878357653433440 ) ) ;
#4915 = VECTOR ( 'NONE', #481, 1000.000000000000000 ) ;
#4916 = CARTESIAN_POINT ( 'NONE',  ( -4.966818137548186316E-17, -2.053124999385482319, -1.443375671530686910 ) ) ;
#4917 = CARTESIAN_POINT ( 'NONE',  ( 1.249999998749998342, 9.965625000614515727, -0.7216878357653438991 ) ) ;
#4918 = ADVANCED_FACE ( 'NONE', ( #396, #1783 ), #1271, .T. ) ;
#4919 = CARTESIAN_POINT ( 'NONE',  ( -0.5032151774999993332, -1.762499998770964194, -0.8715942545697896726 ) ) ;
#4920 = EDGE_CURVE ( 'NONE', #2410, #3676, #5859, .T. ) ;
#4921 = EDGE_CURVE ( 'NONE', #5593, #5808, #2285, .T. ) ;
#4922 = CARTESIAN_POINT ( 'NONE',  ( 1.249999998749998564, 10.84687500061451892, 0.7216878357653431220 ) ) ;
#4923 = CARTESIAN_POINT ( 'NONE',  ( 0.6249999993749998373, 3.159375000614518036, 1.082531753648015238 ) ) ;
#4924 = CARTESIAN_POINT ( 'NONE',  ( 0.5032151774999997773, -1.649999999999998579, 0.8715942545697895616 ) ) ;
#4925 = CARTESIAN_POINT ( 'NONE',  ( 1.006430354999998444, 11.50000000000000000, 1.232521712815482580E-16 ) ) ;
#4926 = CARTESIAN_POINT ( 'NONE',  ( -0.2634828508014800952, 4.593749999999999112, 1.006430354999998444 ) ) ;
#4927 = CARTESIAN_POINT ( 'NONE',  ( -2.493459443775301131E-16, 9.450000001229033941, -1.162125672759719341 ) ) ;
#4928 = CARTESIAN_POINT ( 'NONE',  ( 0.5032151774999990002, 6.712500001229035895, -0.8715942545697897836 ) ) ;
#4929 = CARTESIAN_POINT ( 'NONE',  ( -1.249999998749998564, 6.159375000614517148, 0.000000000000000000 ) ) ;
#4930 = CARTESIAN_POINT ( 'NONE',  ( 1.249999998749998342, 0.1218750006145175591, -0.7216878357653438991 ) ) ;
#4931 = CARTESIAN_POINT ( 'NONE',  ( 1.006430354884234157, 0.3373316160145345965, 1.022808668468750862E-05 ) ) ;
#4932 = CARTESIAN_POINT ( 'NONE',  ( -0.6249999993749986160, 10.73437500061451644, 1.082531753648015904 ) ) ;
#4933 = CARTESIAN_POINT ( 'NONE',  ( 1.006430354999998888, 6.487499999999999822, 0.5810628363798594487 ) ) ;
#4934 = CARTESIAN_POINT ( 'NONE',  ( 1.249999998749999008, 6.290625000614517681, 0.7216878357653431220 ) ) ;
#4935 = CARTESIAN_POINT ( 'NONE',  ( 1.249999998749998564, 0.4781250006145165155, -1.530808497403381346E-16 ) ) ;
#4936 = CARTESIAN_POINT ( 'NONE',  ( 0.5032151774999988891, 12.56250000122903465, -0.8715942545697897836 ) ) ;
#4937 = CARTESIAN_POINT ( 'NONE',  ( 0.5253432182843931209, 6.899999999999999467, 0.8979642393405733447 ) ) ;
#4938 = ORIENTED_EDGE ( 'NONE', *, *, #5801, .T. ) ;
#4939 = DIRECTION ( 'NONE',  ( -1.000000000000000000, 0.000000000000000000, 0.000000000000000000 ) ) ;
#4940 = CARTESIAN_POINT ( 'NONE',  ( 1.564289720003783204E-16, 5.765625000614517326, 1.443375671530686910 ) ) ;
#4941 = CARTESIAN_POINT ( 'NONE',  ( 1.249999998749999008, 5.840625000614516615, 0.7216878357653431220 ) ) ;
#4942 = VERTEX_POINT ( 'NONE', #3132 ) ;
#4943 = CARTESIAN_POINT ( 'NONE',  ( 0.8979642393405736778, 7.912500000000003197, -0.5253432182843932319 ) ) ;
#4944 = CARTESIAN_POINT ( 'NONE',  ( -1.260337256983739186E-16, 1.996875000614517504, -1.443375671530686910 ) ) ;
#4945 = CARTESIAN_POINT ( 'NONE',  ( -1.249999998749998786, 13.30312500061451608, 0.000000000000000000 ) ) ;
#4946 = CARTESIAN_POINT ( 'NONE',  ( 1.249999998749998342, 9.928125000614516082, -1.530808497403381346E-16 ) ) ;
#4947 = EDGE_CURVE ( 'NONE', #2630, #1484, #4225, .T. ) ;
#4948 = CARTESIAN_POINT ( 'NONE',  ( -1.006430354999998666, -0.3374999987709632610, 0.000000000000000000 ) ) ;
#4949 = CARTESIAN_POINT ( 'NONE',  ( -1.249999998749999008, 9.721875000614517148, -0.7216878357653433440 ) ) ;
#4950 = CARTESIAN_POINT ( 'NONE',  ( 1.249999998749998564, 2.784375000614517592, -1.530808497403381346E-16 ) ) ;
#4951 = CARTESIAN_POINT ( 'NONE',  ( -1.006430354999998666, -0.8999999999999998002, 0.000000000000000000 ) ) ;
#4952 = FACE_OUTER_BOUND ( 'NONE', #4338, .T. ) ;
#4953 = FACE_OUTER_BOUND ( 'NONE', #4506, .T. ) ;
#4954 = EDGE_CURVE ( 'NONE', #3669, #3443, #4543, .T. ) ;
#4955 = DIRECTION ( 'NONE',  ( -1.885568995626964287E-17, 1.000000000000000000, -0.000000000000000000 ) ) ;
#4956 = CARTESIAN_POINT ( 'NONE',  ( 1.006430354999998444, 5.325000001229034829, -0.5810628363798602258 ) ) ;
#4957 = CARTESIAN_POINT ( 'NONE',  ( 1.723384604009808451E-16, 4.921875000614518214, 1.443375671530686910 ) ) ;
#4958 = VECTOR ( 'NONE', #2777, 1000.000000000000000 ) ;
#4959 = CARTESIAN_POINT ( 'NONE',  ( 2.656741256845155939E-16, -0.02812499938548151945, 1.443375671530686910 ) ) ;
#4960 = CARTESIAN_POINT ( 'NONE',  ( 1.006430354999998666, 4.275000000000000355, 1.173230260442798796E-14 ) ) ;
#4961 = CARTESIAN_POINT ( 'NONE',  ( 1.249999998749998342, 10.02187500061451608, -0.7216878357653438991 ) ) ;
#4962 = CARTESIAN_POINT ( 'NONE',  ( -0.5032151774999995553, 7.125000000000000000, -0.8715942545697896726 ) ) ;
#4963 = CARTESIAN_POINT ( 'NONE',  ( -1.928535769809044926E-16, 5.540625000614515905, -1.443375671530686910 ) ) ;
#4964 = CARTESIAN_POINT ( 'NONE',  ( -1.249999998749998342, 0.7406250006145170817, 0.7216878357653442322 ) ) ;
#4965 = EDGE_CURVE ( 'NONE', #5077, #1120, #5535, .T. ) ;
#4966 = CARTESIAN_POINT ( 'NONE',  ( -1.249999998749998342, -1.509374999385483029, 0.7216878357653442322 ) ) ;
#4967 = CARTESIAN_POINT ( 'NONE',  ( 0.5253432182843932319, 5.550000000000000711, 0.8979642393405735667 ) ) ;
#4968 = EDGE_LOOP ( 'NONE', ( #5094, #3956, #2249, #3699 ) ) ;
#4969 = CARTESIAN_POINT ( 'NONE',  ( -1.006430354999998888, 8.550000000140054013, 2.170124013367967012E-09 ) ) ;
#4970 = B_SPLINE_CURVE_WITH_KNOTS ( 'NONE', 3,
 ( #121, #3665, #538, #1384, #2734, #1961, #5494, #1897, #91, #2314 ),
 .UNSPECIFIED., .F., .F.,
 ( 4, 2, 2, 2, 4 ),
 ( 0.5000000000000000000, 0.6250000000000000000, 0.7500000000000000000, 0.8750000000000000000, 1.000000000000000000 ),
 .UNSPECIFIED. ) ;
#4971 = CARTESIAN_POINT ( 'NONE',  ( -1.249999998749998786, 7.903125000614515727, 0.000000000000000000 ) ) ;
#4972 = CARTESIAN_POINT ( 'NONE',  ( 0.6249999993749988381, 5.503125000614516260, -1.082531753648015460 ) ) ;
#4973 = CARTESIAN_POINT ( 'NONE',  ( -0.8979642393405734557, 11.21250000000000036, -0.5253432182843935649 ) ) ;
#4974 = CARTESIAN_POINT ( 'NONE',  ( 1.249999998749998342, 9.478125000614515017, -1.530808497403381346E-16 ) ) ;
#4975 = CARTESIAN_POINT ( 'NONE',  ( -0.5032151774999986671, -0.2624999987709646376, 0.8715942545697901167 ) ) ;
#4976 = CARTESIAN_POINT ( 'NONE',  ( 1.249999998749998342, 7.771875000614517859, -0.7216878357653438991 ) ) ;
#4977 = CARTESIAN_POINT ( 'NONE',  ( -1.514889071393379679E-16, 3.346875000614518036, -1.443375671530686910 ) ) ;
#4978 = CARTESIAN_POINT ( 'NONE',  ( -0.5032151774999985561, -1.724999999999999201, 0.8715942545697901167 ) ) ;
#4979 = CYLINDRICAL_SURFACE ( 'NONE', #644, 1.749999999999999556 ) ;
#4980 = CARTESIAN_POINT ( 'NONE',  ( 0.5253432182843933429, 5.700000000000001066, -0.8979642393405733447 ) ) ;
#4981 = ORIENTED_EDGE ( 'NONE', *, *, #3148, .F. ) ;
#4982 =( BOUNDED_CURVE ( )  B_SPLINE_CURVE ( 2, ( #1469, #3301, #4593, #4564, #4684, #5127, #3782 ),
 .UNSPECIFIED., .F., .T. ) 
 B_SPLINE_CURVE_WITH_KNOTS ( ( 3, 2, 2, 3 ),
 ( 0.3338765151337678150, 0.3387153052081702254, 0.3435540952825726913, 0.3483928855359155197 ),
 .UNSPECIFIED. ) 
 CURVE ( )  GEOMETRIC_REPRESENTATION_ITEM ( )  RATIONAL_B_SPLINE_CURVE ( ( 1.000000000000000000, 0.8660254037844387076, 1.000000000000000000, 0.8660254037844387076, 1.000000000000000000, 0.8660254037844387076, 1.000000000000000000 ) ) 
 REPRESENTATION_ITEM ( '' )  );
#4983 = CARTESIAN_POINT ( 'NONE',  ( 0.5032151774999988891, 11.21250000122903501, -0.8715942545697897836 ) ) ;
#4984 =( GEOMETRIC_REPRESENTATION_CONTEXT ( 3 ) GLOBAL_UNCERTAINTY_ASSIGNED_CONTEXT ( ( #5507 ) ) GLOBAL_UNIT_ASSIGNED_CONTEXT ( ( #4911, #376, #4068 ) ) REPRESENTATION_CONTEXT ( 'NONE', 'WORKASPACE' ) );
#4985 = CARTESIAN_POINT ( 'NONE',  ( -1.006430354999998000, 6.000000001229035540, 0.5810628363798603369 ) ) ;
#4986 = CARTESIAN_POINT ( 'NONE',  ( -1.249999998749998564, 2.109375000614517326, 0.000000000000000000 ) ) ;
#4987 = CARTESIAN_POINT ( 'NONE',  ( -0.5032151774999986671, 4.237500001229036251, 0.8715942545697901167 ) ) ;
#4988 = CARTESIAN_POINT ( 'NONE',  ( 1.144997917698520995, 11.39499798037507006, -2.679967941464025151E-13 ) ) ;
#4989 = CARTESIAN_POINT ( 'NONE',  ( -0.6249999993749985050, 8.934375000614517504, 1.082531753648015904 ) ) ;
#4990 = CARTESIAN_POINT ( 'NONE',  ( 0.5032151774999996663, 6.000000000000000000, 0.8715942545697895616 ) ) ;
#4991 = CARTESIAN_POINT ( 'NONE',  ( 1.249999998749999008, 5.390625000614516438, 0.7216878357653431220 ) ) ;
#4992 = CARTESIAN_POINT ( 'NONE',  ( 1.249999998749998342, 0.06562500061451682909, -0.7216878357653438991 ) ) ;
#4993 = CARTESIAN_POINT ( 'NONE',  ( 1.249999998749998564, -1.321874999385483029, -1.530808497403381346E-16 ) ) ;
#4994 = CARTESIAN_POINT ( 'NONE',  ( 1.006430354999998444, 11.50000000000000000, 1.232521712815482580E-16 ) ) ;
#4995 = EDGE_LOOP ( 'NONE', ( #2038, #4667, #1641, #4090 ) ) ;
#4996 = DIRECTION ( 'NONE',  ( 1.885568995626964287E-17, -1.000000000000000000, 0.000000000000000000 ) ) ;
#4997 = AXIS2_PLACEMENT_3D ( 'NONE', #5936, #2232, #1243 ) ;
#4998 = ADVANCED_FACE ( 'NONE', ( #2830 ), #2346, .F. ) ;
#4999 = CARTESIAN_POINT ( 'NONE',  ( 1.394588510397356455E-16, 6.665625000614517681, 1.443375671530686910 ) ) ;
#5000 = CARTESIAN_POINT ( 'NONE',  ( -0.6249999993749985050, 5.728125000614516793, 1.082531753648015904 ) ) ;
#5001 = CARTESIAN_POINT ( 'NONE',  ( -1.249999998749999008, 11.01562500061451821, -0.7216878357653433440 ) ) ;
#5002 = CARTESIAN_POINT ( 'NONE',  ( 1.006430354999998888, -0.5999999987709637717, 0.5810628363798594487 ) ) ;
#5003 = VECTOR ( 'NONE', #3679, 1000.000000000000000 ) ;
#5004 = CARTESIAN_POINT ( 'NONE',  ( 0.6249999993749997262, 7.659375000614517148, 1.082531753648015238 ) ) ;
#5005 = CARTESIAN_POINT ( 'NONE',  ( -1.249999998749998564, 3.421875000614518658, -0.7216878357653433440 ) ) ;
#5006 = CARTESIAN_POINT ( 'NONE',  ( -1.249999998749998786, 13.35937500061451644, 0.000000000000000000 ) ) ;
#5007 = LINE ( 'NONE', #3997, #5348 ) ;
#5008 = CARTESIAN_POINT ( 'NONE',  ( 1.249999998749998342, 10.82812500061451644, -1.530808497403381346E-16 ) ) ;
#5009 = ORIENTED_EDGE ( 'NONE', *, *, #2577, .T. ) ;
#5010 = CARTESIAN_POINT ( 'NONE',  ( 0.6634921308365538950, 0.02913586175518738039, 1.031120417773575770 ) ) ;
#5011 = CARTESIAN_POINT ( 'NONE',  ( 1.006430354999998888, 5.700000001229034829, 0.5810628363798594487 ) ) ;
#5012 = CARTESIAN_POINT ( 'NONE',  ( -1.345187861786952684E-16, 2.446875000614518125, -1.443375671530686910 ) ) ;
#5013 = CARTESIAN_POINT ( 'NONE',  ( 1.006430354999998222, 10.72500000122903430, -0.5810628363798601148 ) ) ;
#5014 = CARTESIAN_POINT ( 'NONE',  ( -1.006430354999997778, 7.200000002497859874, 3.870437373471413196E-08 ) ) ;
#5015 = CARTESIAN_POINT ( 'NONE',  ( -1.249999998749999008, 9.271875000614516082, -0.7216878357653433440 ) ) ;
#5016 =( BOUNDED_CURVE ( )  B_SPLINE_CURVE ( 2, ( #1439, #2761, #5461, #4137, #1351, #5013, #4623 ),
 .UNSPECIFIED., .F., .F. ) 
 B_SPLINE_CURVE_WITH_KNOTS ( ( 3, 2, 2, 3 ),
 ( 0.1451637023239856772, 0.1500024923064753879, 0.1548412823808778538, 0.1596800724552802642 ),
 .UNSPECIFIED. ) 
 CURVE ( )  GEOMETRIC_REPRESENTATION_ITEM ( )  RATIONAL_B_SPLINE_CURVE ( ( 1.000000000000000000, 0.8660254037844387076, 1.000000000000000000, 0.8660254037844387076, 1.000000000000000000, 0.8660254037844387076, 1.000000000000000000 ) ) 
 REPRESENTATION_ITEM ( '' )  );
#5017 = CARTESIAN_POINT ( 'NONE',  ( 0.5032151774999997773, 4.200000000000000178, 0.8715942545697895616 ) ) ;
#5018 = CARTESIAN_POINT ( 'NONE',  ( -1.249999998749998564, 6.103125000614515905, 0.000000000000000000 ) ) ;
#5019 = CARTESIAN_POINT ( 'NONE',  ( 1.249999998749998342, 0.5156250006145175480, -0.7216878357653438991 ) ) ;
#5020 = CARTESIAN_POINT ( 'NONE',  ( 0.6249999993749990601, -2.146874999385482319, -1.082531753648015460 ) ) ;
#5021 = CARTESIAN_POINT ( 'NONE',  ( 1.006430354999998888, 8.793750000000002842, -0.2634828508014800952 ) ) ;
#5022 = ORIENTED_EDGE ( 'NONE', *, *, #2207, .F. ) ;
#5023 = CYLINDRICAL_SURFACE ( 'NONE', #2757, 1.006430354999998666 ) ;
#5024 = CARTESIAN_POINT ( 'NONE',  ( 1.006430354999998444, 12.37500000000000000, -1.232521712815482580E-16 ) ) ;
#5025 = CARTESIAN_POINT ( 'NONE',  ( 0.6249999993749997262, 8.053125000614516082, 1.082531753648015238 ) ) ;
#5026 = CARTESIAN_POINT ( 'NONE',  ( -1.249999998749998564, 6.103125000614515905, 0.000000000000000000 ) ) ;
#5027 = CARTESIAN_POINT ( 'NONE',  ( 1.006430354999998666, 5.287500001229035185, 0.000000000000000000 ) ) ;
#5028 = CARTESIAN_POINT ( 'NONE',  ( -1.249999998749998564, 6.965625000614516615, -0.7216878357653433440 ) ) ;
#5029 = CARTESIAN_POINT ( 'NONE',  ( -1.006430354999998666, 5.025000001229035895, -0.5810628363798595597 ) ) ;
#5030 = CARTESIAN_POINT ( 'NONE',  ( 0.6249999993749997262, 8.559375000614515727, 1.082531753648015238 ) ) ;
#5031 = CARTESIAN_POINT ( 'NONE',  ( -0.6249999993749993932, 1.584375000614517859, -1.082531753648015460 ) ) ;
#5032 = CARTESIAN_POINT ( 'NONE',  ( -3.042199957851220419E-16, 11.44687500061451857, -1.443375671530686910 ) ) ;
#5033 = CARTESIAN_POINT ( 'NONE',  ( -1.048295019626376279, 11.42753017230164403, -0.5373981316797366015 ) ) ;
#5034 = CARTESIAN_POINT ( 'NONE',  ( 6.309330671684359623E-17, 10.71562500061451573, 1.443375671530686910 ) ) ;
#5035 = VERTEX_POINT ( 'NONE', #3218 ) ;
#5036 = CARTESIAN_POINT ( 'NONE',  ( -4.592673708878604955E-18, 0.2435696449999968927, 0.000000000000000000 ) ) ;
#5037 = CARTESIAN_POINT ( 'NONE',  ( 1.006430354999998888, 5.250000001229035540, 0.5810628363798594487 ) ) ;
#5038 = CARTESIAN_POINT ( 'NONE',  ( -0.6249999993749983940, 3.084375000614517415, 1.082531753648015904 ) ) ;
#5039 = CARTESIAN_POINT ( 'NONE',  ( 1.006430354999998444, 1.556249999999999911, 0.2634828508014803172 ) ) ;
#5040 = DIRECTION ( 'NONE',  ( -1.000000000000000000, 0.000000000000000000, 0.000000000000000000 ) ) ;
#5041 = CARTESIAN_POINT ( 'NONE',  ( 0.6249999993749987270, 10.95937500061451786, -1.082531753648015460 ) ) ;
#5042 = ADVANCED_FACE ( 'NONE', ( #5558 ), #3281, .F. ) ;
#5043 = CARTESIAN_POINT ( 'NONE',  ( 0.5032151774999990002, 5.250000000000000888, -0.8715942545697897836 ) ) ;
#5044 = CARTESIAN_POINT ( 'NONE',  ( 0.6249999993749988381, 6.853125000614516793, -1.082531753648015460 ) ) ;
#5045 = CARTESIAN_POINT ( 'NONE',  ( 0.5253432182843935649, 1.200000000000001732, -0.8979642393405731227 ) ) ;
#5046 = CARTESIAN_POINT ( 'NONE',  ( 1.006430354999998444, 10.10625000000000107, 0.2634828508014804838 ) ) ;
#5047 = CARTESIAN_POINT ( 'NONE',  ( -2.748011258184941624E-16, 10.80000000122903536, -1.162125672759719563 ) ) ;
#5048 = CARTESIAN_POINT ( 'NONE',  ( -1.006430354999998444, 9.431250000000002132, -0.2634828508014804282 ) ) ;
#5049 = EDGE_LOOP ( 'NONE', ( #1319, #2933, #5009, #1978 ) ) ;
#5050 = DIRECTION ( 'NONE',  ( -1.000000000000000000, 0.000000000000000000, 0.000000000000000000 ) ) ;
#5051 = CARTESIAN_POINT ( 'NONE',  ( -1.006430354999998888, 11.66249999999999964, -0.5810628363798596707 ) ) ;
#5052 = CARTESIAN_POINT ( 'NONE',  ( 0.6249999993749987270, 12.70312500061451644, -1.082531753648015460 ) ) ;
#5053 = CARTESIAN_POINT ( 'NONE',  ( 1.224887300790929706E-16, 7.565625000614517148, 1.443375671530686910 ) ) ;
#5054 = CARTESIAN_POINT ( 'NONE',  ( 1.249999998749999008, 4.940625000614517148, 0.7216878357653431220 ) ) ;
#5055 = B_SPLINE_CURVE_WITH_KNOTS ( 'NONE', 3,
 ( #5387, #1062, #5656, #133, #1546, #3379, #5146, #1972, #4728, #4308 ),
 .UNSPECIFIED., .F., .F.,
 ( 4, 2, 2, 2, 4 ),
 ( 0.000000000000000000, 0.1250000000000000000, 0.2500000000000000000, 0.3750000000000000000, 0.5000000000000000000 ),
 .UNSPECIFIED. ) ;
#5056 = CARTESIAN_POINT ( 'NONE',  ( -0.2634828508014800952, 8.006249999999997868, -1.006430354999998666 ) ) ;
#5057 = CARTESIAN_POINT ( 'NONE',  ( -1.249999998749998564, 7.003125000614517148, 0.000000000000000000 ) ) ;
#5058 = DIRECTION ( 'NONE',  ( -1.885568995626964287E-17, 1.000000000000000000, -0.000000000000000000 ) ) ;
#5059 = CARTESIAN_POINT ( 'NONE',  ( 0.6249999993749997262, 7.209375000614517859, 1.082531753648015238 ) ) ;
#5060 = CARTESIAN_POINT ( 'NONE',  ( 1.249999998749999008, 0.4968750006145179476, 0.7216878357653431220 ) ) ;
#5061 = CARTESIAN_POINT ( 'NONE',  ( -1.249999998749998342, 12.04687500061451821, 0.7216878357653442322 ) ) ;
#5062 = CARTESIAN_POINT ( 'NONE',  ( -1.099832384543100838, 11.44146212497795823, -0.4582560474965454156 ) ) ;
#5063 = ORIENTED_EDGE ( 'NONE', *, *, #5569, .T. ) ;
#5064 = LINE ( 'NONE', #1922, #284 ) ;
#5065 = CARTESIAN_POINT ( 'NONE',  ( -1.006430354999998666, 4.612500001229036251, 0.000000000000000000 ) ) ;
#5066 = CARTESIAN_POINT ( 'NONE',  ( 1.249999998749999008, 2.746875000614518392, 0.7216878357653431220 ) ) ;
#5067 = CARTESIAN_POINT ( 'NONE',  ( 0.8979642393405733447, 3.862500000000001155, -0.5253432182843931209 ) ) ;
#5068 = DIRECTION ( 'NONE',  ( -1.885568995626964287E-17, 1.000000000000000000, -0.000000000000000000 ) ) ;
#5069 = CARTESIAN_POINT ( 'NONE',  ( 0.6249999993749988381, 7.359375000614517326, -1.082531753648015460 ) ) ;
#5070 = CARTESIAN_POINT ( 'NONE',  ( 0.5032151774999997773, 3.300000000000000711, 0.8715942545697895616 ) ) ;
#5071 = CARTESIAN_POINT ( 'NONE',  ( 1.249999998749999008, 3.590625000614517504, 0.7216878357653431220 ) ) ;
#5072 = CARTESIAN_POINT ( 'NONE',  ( -1.006430354999998222, 5.400000001899647906, 2.943505679656038129E-08 ) ) ;
#5073 = CARTESIAN_POINT ( 'NONE',  ( 1.006430354999998666, 6.637500001229035718, 0.000000000000000000 ) ) ;
#5074 = CARTESIAN_POINT ( 'NONE',  ( -0.8979642393405734557, 3.112499999999999822, -0.5253432182843935649 ) ) ;
#5075 = CARTESIAN_POINT ( 'NONE',  ( -2.917712467791368126E-16, 11.70000000122903394, -1.162125672759719563 ) ) ;
#5076 = CARTESIAN_POINT ( 'NONE',  ( -1.006430354999997778, 7.200000002497859874, 3.870437373471413196E-08 ) ) ;
#5077 = VERTEX_POINT ( 'NONE', #931 ) ;
#5078 = CARTESIAN_POINT ( 'NONE',  ( -1.006430354999998888, 10.80000000000000071, 0.000000000000000000 ) ) ;
#5079 = CARTESIAN_POINT ( 'NONE',  ( 1.249999998749998342, 10.37812500061451715, -1.530808497403381346E-16 ) ) ;
#5080 = CARTESIAN_POINT ( 'NONE',  ( 1.249999998749999008, 4.040625000614515905, 0.7216878357653431220 ) ) ;
#5081 = CARTESIAN_POINT ( 'NONE',  ( -0.6249999993749993932, 1.978125000614517903, -1.082531753648015460 ) ) ;
#5082 = CARTESIAN_POINT ( 'NONE',  ( -0.2634828508014803727, 8.643750000000000711, 1.006430354999998888 ) ) ;
#5083 = CARTESIAN_POINT ( 'NONE',  ( -0.6249999993749985050, 8.428125000614517859, 1.082531753648015904 ) ) ;
#5084 = VECTOR ( 'NONE', #448, 1000.000000000000000 ) ;
#5085 = EDGE_CURVE ( 'NONE', #1057, #5412, #589, .T. ) ;
#5086 = CARTESIAN_POINT ( 'NONE',  ( 1.006430354999998888, -1.949999998770964416, 0.5810628363798594487 ) ) ;
#5087 = UNCERTAINTY_MEASURE_WITH_UNIT (LENGTH_MEASURE( 1.000000000000000082E-05 ), #719, 'distance_accuracy_value', 'NONE');
#5088 = CARTESIAN_POINT ( 'NONE',  ( 1.299131579993741455E-16, 7.171875000614518214, 1.443375671530686910 ) ) ;
#5089 = ADVANCED_FACE ( 'NONE', ( #965 ), #5495, .F. ) ;
#5090 = CARTESIAN_POINT ( 'NONE',  ( 1.249999998749998564, 0.5343750006145172593, -1.530808497403381346E-16 ) ) ;
#5091 = CARTESIAN_POINT ( 'NONE',  ( -0.6249999993749996152, 12.83437500061451786, -1.082531753648015460 ) ) ;
#5092 = CARTESIAN_POINT ( 'NONE',  ( -0.7303162749782146079, 11.36110149751950971, -0.8380477971038070573 ) ) ;
#5093 = CARTESIAN_POINT ( 'NONE',  ( -1.248591891794798459, 11.50000000000000000, -0.05931514167728751952 ) ) ;
#5094 = ORIENTED_EDGE ( 'NONE', *, *, #2293, .F. ) ;
#5095 = CARTESIAN_POINT ( 'NONE',  ( -0.5032151774999986671, 1.987500001229035584, 0.8715942545697901167 ) ) ;
#5096 = CARTESIAN_POINT ( 'NONE',  ( -0.5032151774999987781, 5.137500001229035718, 0.8715942545697901167 ) ) ;
#5097 = CARTESIAN_POINT ( 'NONE',  ( 1.249999998749998564, 3.684375000614517059, -1.530808497403381346E-16 ) ) ;
#5098 = CARTESIAN_POINT ( 'NONE',  ( -1.006430354999998666, 4.162500000707190395, -8.085996822096392373E-09 ) ) ;
#5099 = CARTESIAN_POINT ( 'NONE',  ( 1.006430354999991783, 9.300000001229033586, 0.5810628363798633345 ) ) ;
#5100 = CARTESIAN_POINT ( 'NONE',  ( -0.6249999993749985050, 7.134375000614516793, 1.082531753648015904 ) ) ;
#5101 = CARTESIAN_POINT ( 'NONE',  ( -1.623740744310620960E-16, 4.837500000000000355, -1.162125672759719563 ) ) ;
#5102 = CARTESIAN_POINT ( 'NONE',  ( 0.6249999993749989491, 3.703125000614516882, -1.082531753648015460 ) ) ;
#5103 = CARTESIAN_POINT ( 'NONE',  ( 1.006430354999998444, 0.3750000012290362617, -0.5810628363798601148 ) ) ;
#5104 = CARTESIAN_POINT ( 'NONE',  ( -1.006430354999997778, 1.912500003668573978, 3.780068138510202370E-08 ) ) ;
#5105 = DIRECTION ( 'NONE',  ( -1.885568995626964287E-17, 1.000000000000000000, -0.000000000000000000 ) ) ;
#5106 = CARTESIAN_POINT ( 'NONE',  ( -2.890019468545202687E-18, 11.47500000122903430, 1.162125672759719563 ) ) ;
#5107 = CARTESIAN_POINT ( 'NONE',  ( 1.006430354999998666, 0.7875000012290359619, 0.000000000000000000 ) ) ;
#5108 = EDGE_LOOP ( 'NONE', ( #5528, #1673, #4067, #3804 ) ) ;
#5109 = CARTESIAN_POINT ( 'NONE',  ( 7.716306155030781231E-18, 10.91249999999999964, 1.162125672759719563 ) ) ;
#5110 = CARTESIAN_POINT ( 'NONE',  ( 0.6249999993749996152, 12.55312500061451608, 1.082531753648015238 ) ) ;
#5111 = CARTESIAN_POINT ( 'NONE',  ( -1.673983955399404186E-16, 4.190625000614517148, -1.443375671530686910 ) ) ;
#5112 = CARTESIAN_POINT ( 'NONE',  ( 1.249999998749998342, 1.865625000614516527, -0.7216878357653438991 ) ) ;
#5113 = ORIENTED_EDGE ( 'NONE', *, *, #944, .F. ) ;
#5114 = DIRECTION ( 'NONE',  ( -1.885568995626964287E-17, 1.000000000000000000, -0.000000000000000000 ) ) ;
#5115 = CARTESIAN_POINT ( 'NONE',  ( 0.6249999993749997262, 8.503125000614515372, 1.082531753648015238 ) ) ;
#5116 = CARTESIAN_POINT ( 'NONE',  ( 1.006430354999998666, 4.387500001229036606, -1.173230260442801636E-14 ) ) ;
#5117 = CARTESIAN_POINT ( 'NONE',  ( 0.6249999993749988381, 5.559375000614517504, -1.082531753648015460 ) ) ;
#5118 = CARTESIAN_POINT ( 'NONE',  ( 0.6249999993749989491, 1.059375000614518392, -1.082531753648015460 ) ) ;
#5119 = CARTESIAN_POINT ( 'NONE',  ( 0.6249999993749996152, 11.25937500061451679, 1.082531753648015238 ) ) ;
#5120 = CARTESIAN_POINT ( 'NONE',  ( -1.127491153730104445, 11.44944920385112397, -0.4109080088728419011 ) ) ;
#5121 = ORIENTED_EDGE ( 'NONE', *, *, #134, .F. ) ;
#5122 = EDGE_CURVE ( 'NONE', #2007, #5035, #4096, .T. ) ;
#5123 = CARTESIAN_POINT ( 'NONE',  ( 1.006430354999998444, 9.787500001229036073, 0.000000000000000000 ) ) ;
#5124 = CARTESIAN_POINT ( 'NONE',  ( 1.006430354999998444, 3.075000001229035718, -0.5810628363798602258 ) ) ;
#5125 = CARTESIAN_POINT ( 'NONE',  ( 2.402189442435515939E-16, 1.321875000614517237, 1.443375671530686910 ) ) ;
#5126 = CARTESIAN_POINT ( 'NONE',  ( 2.809243223551809007E-17, 12.57187500061451679, 1.443375671530686910 ) ) ;
#5127 = CARTESIAN_POINT ( 'NONE',  ( -1.006430354999998444, 7.800000001229035362, 0.5810628363798603369 ) ) ;
#5128 = CARTESIAN_POINT ( 'NONE',  ( 1.249999998749998342, 7.734375000614517326, -1.530808497403381346E-16 ) ) ;
#5129 = CARTESIAN_POINT ( 'NONE',  ( -0.5032151774999994442, 3.525000000000000355, -0.8715942545697896726 ) ) ;
#5130 = CARTESIAN_POINT ( 'NONE',  ( 1.249999998749998564, 3.178125000614517415, -1.530808497403381346E-16 ) ) ;
#5131 = CARTESIAN_POINT ( 'NONE',  ( -1.006430354999998888, 2.231250000000000178, -0.2634828508014804838 ) ) ;
#5132 = CARTESIAN_POINT ( 'NONE',  ( 1.006430354999998888, 6.600000001229034297, 0.5810628363798593377 ) ) ;
#5133 = LINE ( 'NONE', #4690, #2888 ) ;
#5134 = CARTESIAN_POINT ( 'NONE',  ( 1.006430354999998444, 10.68750000122903465, -1.232521712815482580E-16 ) ) ;
#5135 = CARTESIAN_POINT ( 'NONE',  ( 1.006430354999999111, 6.093750000000000888, -0.2634828508014801507 ) ) ;
#5136 = CARTESIAN_POINT ( 'NONE',  ( -1.006430354999998666, 6.731250000000002842, -0.2634828508014803727 ) ) ;
#5137 = CARTESIAN_POINT ( 'NONE',  ( -1.006430354999998888, 12.59999999999999964, 0.000000000000000000 ) ) ;
#5138 = CARTESIAN_POINT ( 'NONE',  ( 1.249999998749998564, 12.14062500061451644, 0.7216878357653431220 ) ) ;
#5139 = EDGE_CURVE ( 'NONE', #2007, #482, #5133, .T. ) ;
#5140 = AXIS2_PLACEMENT_3D ( 'NONE', #695, #5703, #1627 ) ;
#5141 = VERTEX_POINT ( 'NONE', #3788 ) ;
#5142 = CARTESIAN_POINT ( 'NONE',  ( -1.843685165005831428E-16, 5.090625000614516615, -1.443375671530686910 ) ) ;
#5143 = CARTESIAN_POINT ( 'NONE',  ( 0.6249999993749998373, 2.653125000614516171, 1.082531753648015238 ) ) ;
#5144 = ORIENTED_EDGE ( 'NONE', *, *, #2140, .T. ) ;
#5145 = AXIS2_PLACEMENT_3D ( 'NONE', #4366, #3922, #223 ) ;
#5146 = CARTESIAN_POINT ( 'NONE',  ( 0.5253432182843933429, 4.800000000000000711, -0.8979642393405732337 ) ) ;
#5147 = CARTESIAN_POINT ( 'NONE',  ( -1.249999998749998786, 9.253125000614517148, 0.000000000000000000 ) ) ;
#5148 = CARTESIAN_POINT ( 'NONE',  ( 0.6249999993749997262, 5.859375000614517326, 1.082531753648015238 ) ) ;
#5149 = CARTESIAN_POINT ( 'NONE',  ( -1.249999998749998564, 1.171875000614517992, -0.7216878357653433440 ) ) ;
#5150 = CARTESIAN_POINT ( 'NONE',  ( 1.006430354999998666, 5.737500001229035362, 0.000000000000000000 ) ) ;
#5151 = ORIENTED_EDGE ( 'NONE', *, *, #2454, .T. ) ;
#5152 = CARTESIAN_POINT ( 'NONE',  ( 0.2491702158194784578, 0.2435696319448256153, 0.9750980786630201180 ) ) ;
#5153 = CARTESIAN_POINT ( 'NONE',  ( -1.006430354999998666, 4.162500001229035185, 0.000000000000000000 ) ) ;
#5154 = CARTESIAN_POINT ( 'NONE',  ( -1.249999998749998342, 1.246875000614518614, 0.7216878357653442322 ) ) ;
#5155 = CARTESIAN_POINT ( 'NONE',  ( -0.5032151774999988891, 10.53750000122903607, 0.8715942545697901167 ) ) ;
#5156 = CYLINDRICAL_SURFACE ( 'NONE', #540, 1.006430354999998666 ) ;
#5157 = CARTESIAN_POINT ( 'NONE',  ( 1.249999998749999008, 6.796875000614517326, 0.7216878357653431220 ) ) ;
#5158 = CARTESIAN_POINT ( 'NONE',  ( -1.006430354999998666, 1.800000000000001155, 0.000000000000000000 ) ) ;
#5159 = CARTESIAN_POINT ( 'NONE',  ( 1.249999998749998342, 4.565625000614517148, -0.7216878357653438991 ) ) ;
#5160 = DIRECTION ( 'NONE',  ( -1.885568995626964287E-17, 1.000000000000000000, -0.000000000000000000 ) ) ;
#5161 = CARTESIAN_POINT ( 'NONE',  ( 0.2634828508014799286, 4.181250000000000355, 1.006430354999998666 ) ) ;
#5162 = CARTESIAN_POINT ( 'NONE',  ( -0.03197327442497406580, 11.32229330112883403, 1.080544717762321083 ) ) ;
#5163 = CARTESIAN_POINT ( 'NONE',  ( -1.006430354999998444, 11.85000000122903430, 0.5810628363798603369 ) ) ;
#5164 = CARTESIAN_POINT ( 'NONE',  ( 0.6249999993749997262, 7.659375000614517148, 1.082531753648015238 ) ) ;
#5165 = CARTESIAN_POINT ( 'NONE',  ( 1.006430354999998666, 7.425000000000000711, 0.000000000000000000 ) ) ;
#5166 = VERTEX_POINT ( 'NONE', #5615 ) ;
#5167 = CARTESIAN_POINT ( 'NONE',  ( 1.006430354999998000, 8.812500000000000000, -0.5810628363798602258 ) ) ;
#5168 = CARTESIAN_POINT ( 'NONE',  ( 5.460824623652226495E-17, 11.16562500061451679, 1.443375671530686910 ) ) ;
#5169 = ORIENTED_EDGE ( 'NONE', *, *, #5429, .T. ) ;
#5170 = CARTESIAN_POINT ( 'NONE',  ( -1.249999998749998564, 5.165625000614515905, -0.7216878357653433440 ) ) ;
#5171 = CARTESIAN_POINT ( 'NONE',  ( 0.6249999993749989491, 4.153125000614517504, -1.082531753648015460 ) ) ;
#5172 = EDGE_LOOP ( 'NONE', ( #2869, #4186, #1492, #5891, #635, #4843, #3434, #10, #3729, #3355, #401, #2355, #3404, #2533, #2985, #734, #671, #439, #5677, #2087, #1632, #3824, #920, #1156, #1009, #5240, #1514, #4133, #1871, #4149, #4307, #3269, #5926, #1877, #5768, #2396, #4399, #2504, #3348, #819, #5887, #1571, #3982, #3734, #823, #1274, #5498, #218, #5469, #2817, #5381, #1250, #466, #549, #2982 ) ) ;
#5173 = EDGE_CURVE ( 'NONE', #3112, #664, #3336, .T. ) ;
#5174 = CARTESIAN_POINT ( 'NONE',  ( -2.168404344971008868E-16, 11.50000000000000000, 0.000000000000000000 ) ) ;
#5175 = CARTESIAN_POINT ( 'NONE',  ( 1.249999998749998342, 5.521875000614517859, -0.7216878357653438991 ) ) ;
#5176 = CARTESIAN_POINT ( 'NONE',  ( 2.837048792051983450E-16, -0.9843749993854820080, 1.443375671530686910 ) ) ;
#5177 = CARTESIAN_POINT ( 'NONE',  ( -1.249999998749998564, -0.1406249993854812863, 0.000000000000000000 ) ) ;
#5178 = CARTESIAN_POINT ( 'NONE',  ( -0.6249999993749996152, 12.32812500061451644, -1.082531753648015460 ) ) ;
#5179 = ORIENTED_EDGE ( 'NONE', *, *, #5534, .T. ) ;
#5180 = CARTESIAN_POINT ( 'NONE',  ( -0.6249999993749995042, 9.234375000614518214, -1.082531753648015460 ) ) ;
#5181 = CARTESIAN_POINT ( 'NONE',  ( -0.5032151774999994442, 1.387500001229035718, -0.8715942545697896726 ) ) ;
#5182 = CARTESIAN_POINT ( 'NONE',  ( 0.6249999993749998373, 0.9093750006145175924, 1.082531753648015238 ) ) ;
#5183 = CARTESIAN_POINT ( 'NONE',  ( 0.6249999993749996152, 13.05937500061451750, 1.082531753648015238 ) ) ;
#5184 = DIRECTION ( 'NONE',  ( -1.885568995626964287E-17, 1.000000000000000000, -0.000000000000000000 ) ) ;
#5185 = CARTESIAN_POINT ( 'NONE',  ( -1.249999998749999008, 8.371875000614515727, -0.7216878357653433440 ) ) ;
#5186 = CARTESIAN_POINT ( 'NONE',  ( 0.5032151774999991112, 1.650000000000000355, -0.8715942545697897836 ) ) ;
#5187 = CARTESIAN_POINT ( 'NONE',  ( 1.733990929610209953E-16, 4.865625000614517859, 1.443375671530686910 ) ) ;
#5188 = CARTESIAN_POINT ( 'NONE',  ( -0.2634828508014802617, 10.25625000000000142, -1.006430354999998666 ) ) ;
#5189 = CARTESIAN_POINT ( 'NONE',  ( 9.893070629531085970E-17, 6.075000001229035718, 1.162125672759719341 ) ) ;
#5190 = CARTESIAN_POINT ( 'NONE',  ( 2.256516197241881041E-17, 10.12500000122903643, 1.162125672759719341 ) ) ;
#5191 = CARTESIAN_POINT ( 'NONE',  ( 0.5032151774999996663, 9.712500001229035007, 0.8715942545697895616 ) ) ;
#5192 = CARTESIAN_POINT ( 'NONE',  ( 1.249999998749998564, 8.146875000614516082, 0.7216878357653431220 ) ) ;
#5193 = CARTESIAN_POINT ( 'NONE',  ( 1.237678822554360014, 0.01232117744330266454, 0.1648571385265144851 ) ) ;
#5194 = VERTEX_POINT ( 'NONE', #4268 ) ;
#5195 = CARTESIAN_POINT ( 'NONE',  ( -1.006430354999998888, 9.449999999999999289, 0.000000000000000000 ) ) ;
#5196 = CARTESIAN_POINT ( 'NONE',  ( 0.6249999993749996152, 11.65312500061451573, 1.082531753648015238 ) ) ;
#5197 = ORIENTED_EDGE ( 'NONE', *, *, #2177, .T. ) ;
#5198 = CARTESIAN_POINT ( 'NONE',  ( 1.249999998749998564, 4.528125000614516615, -1.530808497403381346E-16 ) ) ;
#5199 = CARTESIAN_POINT ( 'NONE',  ( -1.334581536186551182E-16, 2.390625000614517770, -1.443375671530686910 ) ) ;
#5200 = ORIENTED_EDGE ( 'NONE', *, *, #4288, .T. ) ;
#5201 = DIRECTION ( 'NONE',  ( -1.000000000000000000, 0.000000000000000000, 0.000000000000000000 ) ) ;
#5202 = EDGE_CURVE ( 'NONE', #2334, #3342, #2741, .T. ) ;
#5203 =( BOUNDED_CURVE ( )  B_SPLINE_CURVE ( 2, ( #4082, #1925, #3660, #4592, #868, #2793, #503 ),
 .UNSPECIFIED., .F., .T. ) 
 B_SPLINE_CURVE_WITH_KNOTS ( ( 3, 2, 2, 3 ),
 ( 0.7258185109786239320, 0.7306573012347672424, 0.7354960913091697083, 0.7403348813835721742 ),
 .UNSPECIFIED. ) 
 CURVE ( )  GEOMETRIC_REPRESENTATION_ITEM ( )  RATIONAL_B_SPLINE_CURVE ( ( 1.000000000000000000, 0.8660254037844387076, 1.000000000000000000, 0.8660254037844387076, 1.000000000000000000, 0.8660254037844293817, 1.000000000000009326 ) ) 
 REPRESENTATION_ITEM ( '' )  );
#5204 = CYLINDRICAL_SURFACE ( 'NONE', #1061, 1.006430354999998666 ) ;
#5205 = CARTESIAN_POINT ( 'NONE',  ( -0.6249999993749985050, 6.234375000614517326, 1.082531753648015904 ) ) ;
#5206 = CARTESIAN_POINT ( 'NONE',  ( -0.6249999993749993932, -0.2718749993854824298, -1.082531753648015460 ) ) ;
#5207 = CARTESIAN_POINT ( 'NONE',  ( -1.249999998749998342, -1.003124999385481830, 0.7216878357653442322 ) ) ;
#5208 = EDGE_LOOP ( 'NONE', ( #1848, #344, #1185, #4619 ) ) ;
#5209 = CARTESIAN_POINT ( 'NONE',  ( 1.249999998749998564, 11.29687500061451644, 0.7216878357653431220 ) ) ;
#5210 = CARTESIAN_POINT ( 'NONE',  ( 2.007514320591669460E-16, 0.6750000012290363616, 1.162125672759719563 ) ) ;
#5211 = CARTESIAN_POINT ( 'NONE',  ( 0.6249999993749989491, 0.6093750006145176590, -1.082531753648015460 ) ) ;
#5212 = CARTESIAN_POINT ( 'NONE',  ( -3.211901167457646921E-16, 12.34687500061451892, -1.443375671530686910 ) ) ;
#5213 = CARTESIAN_POINT ( 'NONE',  ( -0.5289151959499729383, 0.1112079418441090928, -1.019902418015993018 ) ) ;
#5214 = CARTESIAN_POINT ( 'NONE',  ( -1.249999998749998564, 5.671875000614518214, -0.7216878357653433440 ) ) ;
#5215 = CARTESIAN_POINT ( 'NONE',  ( -1.006430354999998666, 2.250000000000000444, 0.000000000000000000 ) ) ;
#5216 = CARTESIAN_POINT ( 'NONE',  ( 1.249999998749999008, 2.240625000614516971, 0.7216878357653431220 ) ) ;
#5217 = CARTESIAN_POINT ( 'NONE',  ( -0.8979642393405734557, 10.31249999999999822, -0.5253432182843935649 ) ) ;
#5218 = PRESENTATION_STYLE_ASSIGNMENT (( #2519 ) ) ;
#5219 = CARTESIAN_POINT ( 'NONE',  ( 1.006430354999998888, 9.693750000000001421, -0.2634828508014800952 ) ) ;
#5220 = CARTESIAN_POINT ( 'NONE',  ( -0.5032151774999995553, 9.937500001229036428, -0.8715942545697896726 ) ) ;
#5221 = CARTESIAN_POINT ( 'NONE',  ( 1.249999998749998342, 6.421875000614517326, -0.7216878357653438991 ) ) ;
#5222 = FACE_OUTER_BOUND ( 'NONE', #3317, .T. ) ;
#5223 = EDGE_CURVE ( 'NONE', #1120, #667, #569, .T. ) ;
#5224 = ORIENTED_EDGE ( 'NONE', *, *, #1457, .T. ) ;
#5225 = CARTESIAN_POINT ( 'NONE',  ( -1.006430354999998444, 8.587500000000002132, 0.5810628363798603369 ) ) ;
#5226 = CARTESIAN_POINT ( 'NONE',  ( -0.6249999993749985050, 8.428125000614517859, 1.082531753648015904 ) ) ;
#5227 = ORIENTED_EDGE ( 'NONE', *, *, #32, .T. ) ;
#5228 = CARTESIAN_POINT ( 'NONE',  ( -1.249999998749998564, 2.465625000614516171, -0.7216878357653433440 ) ) ;
#5229 = CARTESIAN_POINT ( 'NONE',  ( -1.249999998749998564, 1.153125000614516837, 0.000000000000000000 ) ) ;
#5230 = EDGE_LOOP ( 'NONE', ( #3827, #877, #4279, #3921 ) ) ;
#5231 = CARTESIAN_POINT ( 'NONE',  ( -1.006430354999997778, 2.250000002439908720, 3.780641848113333760E-08 ) ) ;
#5232 = CARTESIAN_POINT ( 'NONE',  ( -1.006430354999998888, 11.50000000000000000, 0.000000000000000000 ) ) ;
#5233 = CARTESIAN_POINT ( 'NONE',  ( -1.249999998749998786, 8.353125000614516793, 0.000000000000000000 ) ) ;
#5234 = CONICAL_SURFACE ( 'NONE', #828, 1.249999999999998890, 0.7853981633974549403 ) ;
#5235 = CARTESIAN_POINT ( 'NONE',  ( 0.6249999993749988381, 6.009375000614516793, -1.082531753648015460 ) ) ;
#5236 =( BOUNDED_CURVE ( )  B_SPLINE_CURVE ( 2, ( #2265, #854, #4610, #42, #1792, #5476, #5027 ),
 .UNSPECIFIED., .F., .F. ) 
 B_SPLINE_CURVE_WITH_KNOTS ( ( 3, 2, 2, 3 ),
 ( 0.4935565875439791861, 0.4983953776634504895, 0.5032341677378530109, 0.5080729578122553658 ),
 .UNSPECIFIED. ) 
 CURVE ( )  GEOMETRIC_REPRESENTATION_ITEM ( )  RATIONAL_B_SPLINE_CURVE ( ( 1.000000000000000000, 0.8660254037844387076, 1.000000000000000000, 0.8660254037844387076, 1.000000000000000000, 0.8660254037844355990, 1.000000000000003109 ) ) 
 REPRESENTATION_ITEM ( '' )  );
#5237 = CARTESIAN_POINT ( 'NONE',  ( 1.249999998749998564, -0.8718749993854822966, -1.530808497403381346E-16 ) ) ;
#5238 = DIRECTION ( 'NONE',  ( -1.000000000000000000, 0.000000000000000000, 0.000000000000000000 ) ) ;
#5239 = CARTESIAN_POINT ( 'NONE',  ( 0.6249999993749996152, 13.00312500061451537, 1.082531753648015238 ) ) ;
#5240 = ORIENTED_EDGE ( 'NONE', *, *, #4485, .T. ) ;
#5241 = CARTESIAN_POINT ( 'NONE',  ( 8.748785559776747065E-17, 9.421875000614516438, 1.443375671530686910 ) ) ;
#5242 = CARTESIAN_POINT ( 'NONE',  ( 1.006430354999998666, 0.7875000012290359619, -1.232521712815482580E-16 ) ) ;
#5243 = CARTESIAN_POINT ( 'NONE',  ( 1.249999998749998342, 12.23437500061451821, -1.530808497403381346E-16 ) ) ;
#5244 = CARTESIAN_POINT ( 'NONE',  ( -0.6249999993749985050, 4.884375000614516793, 1.082531753648015904 ) ) ;
#5245 = CARTESIAN_POINT ( 'NONE',  ( 1.006430354999998666, 2.925000000000000711, -1.232521712815482580E-16 ) ) ;
#5246 = CARTESIAN_POINT ( 'NONE',  ( 0.6249999993749998373, 0.8531250006145167930, 1.082531753648015238 ) ) ;
#5247 = CARTESIAN_POINT ( 'NONE',  ( -1.006430354999998666, 2.699999999995018829, -7.719855113713652835E-11 ) ) ;
#5248 = CARTESIAN_POINT ( 'NONE',  ( -1.006430354999998000, 6.862500003726882625, 3.870417428556779736E-08 ) ) ;
#5249 = CONICAL_SURFACE ( 'NONE', #1130, 1.006430354999998666, 0.7853981633974549403 ) ;
#5250 = CARTESIAN_POINT ( 'NONE',  ( -1.006430354999998888, 10.01250000122903394, 0.000000000000000000 ) ) ;
#5251 = CARTESIAN_POINT ( 'NONE',  ( 1.249999998749998342, 8.184375000614515727, -1.530808497403381346E-16 ) ) ;
#5252 = CARTESIAN_POINT ( 'NONE',  ( -0.5032151774999996663, 12.97499999999999964, -0.8715942545697896726 ) ) ;
#5253 = CARTESIAN_POINT ( 'NONE',  ( 1.249999999999998446, 11.50000000000000000, 1.530808498934189845E-16 ) ) ;
#5254 = CARTESIAN_POINT ( 'NONE',  ( -0.5032151774999987781, 9.525000000000000355, 0.8715942545697901167 ) ) ;
#5255 = CARTESIAN_POINT ( 'NONE',  ( 1.249999998749998342, 9.928125000614516082, -1.530808497403381346E-16 ) ) ;
#5256 = ORIENTED_EDGE ( 'NONE', *, *, #3671, .F. ) ;
#5257 = CARTESIAN_POINT ( 'NONE',  ( -1.249999998749998342, 1.640625000614516660, 0.7216878357653442322 ) ) ;
#5258 = CARTESIAN_POINT ( 'NONE',  ( 0.6249999993749989491, 0.1031250006145179032, -1.082531753648015460 ) ) ;
#5259 = VERTEX_POINT ( 'NONE', #268 ) ;
#5260 = DIRECTION ( 'NONE',  ( -1.885568995626964287E-17, 1.000000000000000000, -0.000000000000000000 ) ) ;
#5261 = EDGE_LOOP ( 'NONE', ( #796, #1968, #19, #250 ) ) ;
#5262 = CARTESIAN_POINT ( 'NONE',  ( -1.006430354999998444, 8.662500003196830889, 3.049101683474432230E-08 ) ) ;
#5263 = CARTESIAN_POINT ( 'NONE',  ( -1.249999998749998786, 9.253125000614517148, 0.000000000000000000 ) ) ;
#5264 = CIRCLE ( 'NONE', #468, 1.749999999999999556 ) ;
#5265 = ORIENTED_EDGE ( 'NONE', *, *, #4524, .F. ) ;
#5266 = CARTESIAN_POINT ( 'NONE',  ( 0.6249999993749998373, 4.059375000614517504, 1.082531753648015238 ) ) ;
#5267 = CARTESIAN_POINT ( 'NONE',  ( -7.406273025640570677E-17, -0.7593749993854825853, -1.443375671530686910 ) ) ;
#5268 = CARTESIAN_POINT ( 'NONE',  ( 0.6249999993749998373, -0.8906249993854818969, 1.082531753648015238 ) ) ;
#5269 = CARTESIAN_POINT ( 'NONE',  ( 1.249999998749998342, 11.76562500061451644, -0.7216878357653438991 ) ) ;
#5270 = CARTESIAN_POINT ( 'NONE',  ( 0.6249999993749996152, 10.80937500061451750, 1.082531753648015238 ) ) ;
#5271 = EDGE_CURVE ( 'NONE', #2235, #1366, #875, .T. ) ;
#5272 = CARTESIAN_POINT ( 'NONE',  ( -1.006430354999998000, 2.850000001229036073, 0.5810628363798603369 ) ) ;
#5273 = EDGE_CURVE ( 'NONE', #529, #3616, #3175, .T. ) ;
#5274 = AXIS2_PLACEMENT_3D ( 'NONE', #3756, #3335, #5586 ) ;
#5275 = CARTESIAN_POINT ( 'NONE',  ( 0.6249999993749996152, 11.25937500061451679, 1.082531753648015238 ) ) ;
#5276 = CARTESIAN_POINT ( 'NONE',  ( -0.6249999993749983940, 3.984375000614517326, 1.082531753648015904 ) ) ;
#5277 = CARTESIAN_POINT ( 'NONE',  ( -0.5032151774999986671, 1.875000000000001776, 0.8715942545697901167 ) ) ;
#5278 = CARTESIAN_POINT ( 'NONE',  ( 2.243094558429490446E-16, 2.165625000614516349, 1.443375671530686910 ) ) ;
#5279 = CARTESIAN_POINT ( 'NONE',  ( 0.5549768802730309369, 11.44423816301682528, -1.063749311338394676 ) ) ;
#5280 = CARTESIAN_POINT ( 'NONE',  ( 0.8979642393405735667, 0.7125000000000011324, -0.5253432182843932319 ) ) ;
#5281 = CARTESIAN_POINT ( 'NONE',  ( -1.899505210152807387E-16, 6.300000001229036251, -1.162125672759719341 ) ) ;
#5282 = CARTESIAN_POINT ( 'NONE',  ( 1.006430354999998000, 8.025000001229035007, -0.5810628363798602258 ) ) ;
#5283 = CARTESIAN_POINT ( 'NONE',  ( 1.249999998749998342, 7.321875000614516793, -0.7216878357653438991 ) ) ;
#5284 = LINE ( 'NONE', #5764, #1014 ) ;
#5285 = CYLINDRICAL_SURFACE ( 'NONE', #2844, 1.006430354999998666 ) ;
#5286 = CARTESIAN_POINT ( 'NONE',  ( -1.006430354999998888, 9.412499999999999645, -0.5810628363798596707 ) ) ;
#5287 = CARTESIAN_POINT ( 'NONE',  ( 0.6249999993749988381, 9.553125000614516082, -1.082531753648015460 ) ) ;
#5288 = ORIENTED_EDGE ( 'NONE', *, *, #505, .F. ) ;
#5289 = CARTESIAN_POINT ( 'NONE',  ( -0.6249999993749983940, 2.578125000614517770, 1.082531753648015904 ) ) ;
#5290 = CARTESIAN_POINT ( 'NONE',  ( -1.249999998749998342, 0.7406250006145170817, 0.7216878357653442322 ) ) ;
#5291 = EDGE_LOOP ( 'NONE', ( #5322, #5063, #1950, #2627 ) ) ;
#5292 = VECTOR ( 'NONE', #733, 1000.000000000000000 ) ;
#5293 = CYLINDRICAL_SURFACE ( 'NONE', #3189, 1.006430354999998666 ) ;
#5294 = EDGE_LOOP ( 'NONE', ( #2416, #2442, #835, #1333 ) ) ;
#5295 = CARTESIAN_POINT ( 'NONE',  ( -1.006430354999998888, 1.462500001001236782, -3.529757098621566711E-09 ) ) ;
#5296 = CARTESIAN_POINT ( 'NONE',  ( -1.249999998749998342, 9.740625000614516082, 0.7216878357653442322 ) ) ;
#5297 = VERTEX_POINT ( 'NONE', #2076 ) ;
#5298 = CARTESIAN_POINT ( 'NONE',  ( -0.6249999993749983940, 2.184375000614517504, 1.082531753648015904 ) ) ;
#5299 = CARTESIAN_POINT ( 'NONE',  ( -6.557766977608438165E-17, -1.209374999385483207, -1.443375671530686910 ) ) ;
#5300 = CARTESIAN_POINT ( 'NONE',  ( 1.249999998749998342, -1.678124999385481875, -0.7216878357653438991 ) ) ;
#5301 = CARTESIAN_POINT ( 'NONE',  ( 0.6249999993749987270, 12.70312500061451644, -1.082531753648015460 ) ) ;
#5302 = CARTESIAN_POINT ( 'NONE',  ( -1.249999998749999008, 10.17187500061451821, -0.7216878357653433440 ) ) ;
#5303 = CARTESIAN_POINT ( 'NONE',  ( -1.006430354999998666, 0.5250000012290353402, -0.5810628363798596707 ) ) ;
#5304 = CARTESIAN_POINT ( 'NONE',  ( -0.6249999993749985050, 9.384375000614516793, 1.082531753648015904 ) ) ;
#5305 = CARTESIAN_POINT ( 'NONE',  ( 0.6249999993749988381, 5.109375000614518214, -1.082531753648015460 ) ) ;
#5306 = CARTESIAN_POINT ( 'NONE',  ( 1.006430354999998444, 0.2625000000000006217, -0.5810628363798602258 ) ) ;
#5307 = CARTESIAN_POINT ( 'NONE',  ( 1.249999998749998564, 2.728125000614516793, -1.530808497403381346E-16 ) ) ;
#5308 = CARTESIAN_POINT ( 'NONE',  ( 2.007514320591669460E-16, 0.6750000012290363616, 1.162125672759719341 ) ) ;
#5309 = CARTESIAN_POINT ( 'NONE',  ( -0.5253432182843935649, 4.575000000000001066, 0.8979642393405733447 ) ) ;
#5310 = CARTESIAN_POINT ( 'NONE',  ( -1.006430354999998222, 8.099999997598272827, -3.721474672258065731E-08 ) ) ;
#5311 = CARTESIAN_POINT ( 'NONE',  ( 1.006430354999998444, 8.887500001229035718, -1.232521712815482580E-16 ) ) ;
#5312 = CARTESIAN_POINT ( 'NONE',  ( -1.854291490606233177E-16, 5.146875000614517859, -1.443375671530686910 ) ) ;
#5313 = CARTESIAN_POINT ( 'NONE',  ( 0.6249999993749989491, 0.1593750006145186471, -1.082531753648015460 ) ) ;
#5314 = CARTESIAN_POINT ( 'NONE',  ( 1.006430354999985344, 2.550000001229034918, 0.5810628363798672202 ) ) ;
#5315 = CARTESIAN_POINT ( 'NONE',  ( 1.006430354999998666, 6.075000000000000178, -1.232521712815482580E-16 ) ) ;
#5316 = CARTESIAN_POINT ( 'NONE',  ( -1.249999998749998786, 9.703125000614514661, 0.000000000000000000 ) ) ;
#5317 = VERTEX_POINT ( 'NONE', #3877 ) ;
#5318 = CARTESIAN_POINT ( 'NONE',  ( 1.249999998749998342, 2.765625000614517770, -0.7216878357653438991 ) ) ;
#5319 = CARTESIAN_POINT ( 'NONE',  ( -8.254779073672706886E-17, -0.3093749993854834623, -1.443375671530686910 ) ) ;
#5320 = CARTESIAN_POINT ( 'NONE',  ( -1.006430354999998888, 11.50000000000000000, 0.000000000000000000 ) ) ;
#5321 = EDGE_CURVE ( 'NONE', #1187, #2898, #1102, .T. ) ;
#5322 = ORIENTED_EDGE ( 'NONE', *, *, #2267, .T. ) ;
#5323 = DIRECTION ( 'NONE',  ( -1.000000000000000000, 0.000000000000000000, 0.000000000000000000 ) ) ;
#5324 = B_SPLINE_CURVE_WITH_KNOTS ( 'NONE', 3,
 ( #631, #4662, #5193, #3759 ),
 .UNSPECIFIED., .F., .F.,
 ( 4, 4 ),
 ( 0.000000000000000000, 0.0004921497491863996519 ),
 .UNSPECIFIED. ) ;
#5325 = CARTESIAN_POINT ( 'NONE',  ( -1.249999998749999008, 9.665625000614516793, -0.7216878357653433440 ) ) ;
#5326 = ORIENTED_EDGE ( 'NONE', *, *, #5202, .T. ) ;
#5327 = CARTESIAN_POINT ( 'NONE',  ( 1.249999998749998342, 1.471875000614518036, -0.7216878357653438991 ) ) ;
#5328 = CYLINDRICAL_SURFACE ( 'NONE', #5525, 1.006430354999998666 ) ;
#5329 = CARTESIAN_POINT ( 'NONE',  ( 1.249999998749998342, 4.171875000614517326, -0.7216878357653438991 ) ) ;
#5330 = CARTESIAN_POINT ( 'NONE',  ( -0.6249999993749992822, -1.565624999385482274, -1.082531753648015460 ) ) ;
#5331 = CARTESIAN_POINT ( 'NONE',  ( 1.249999998749998342, -1.228124999385481253, -0.7216878357653438991 ) ) ;
#5332 = CARTESIAN_POINT ( 'NONE',  ( -1.249999998749998786, 9.703125000614514661, 0.000000000000000000 ) ) ;
#5333 = CARTESIAN_POINT ( 'NONE',  ( 1.249999998749998564, 9.046875000614518214, 0.7216878357653431220 ) ) ;
#5334 = CARTESIAN_POINT ( 'NONE',  ( 2.431767344607736702E-16, -1.574999998770963971, 1.162125672759719563 ) ) ;
#5335 = CARTESIAN_POINT ( 'NONE',  ( 1.249999998749998342, 10.47187500061451715, -0.7216878357653438991 ) ) ;
#5336 = CARTESIAN_POINT ( 'NONE',  ( -0.6249999993749985050, 6.234375000614517326, 1.082531753648015904 ) ) ;
#5337 = CARTESIAN_POINT ( 'NONE',  ( -4.358322770656336570E-17, -1.462499999999998579, -1.162125672759719563 ) ) ;
#5338 = CARTESIAN_POINT ( 'NONE',  ( 1.249999998749999008, 1.790625000614517681, 0.7216878357653431220 ) ) ;
#5339 = CARTESIAN_POINT ( 'NONE',  ( 1.006430354999998666, 1.687500001229034874, 1.173230260442809209E-14 ) ) ;
#5340 = CARTESIAN_POINT ( 'NONE',  ( -0.8979642393405735667, 4.537499999999999645, 0.5253432182843935649 ) ) ;
#5341 = CARTESIAN_POINT ( 'NONE',  ( 1.749999999999999334, 11.50000000000000000, 2.143131898507867804E-16 ) ) ;
#5342 = CARTESIAN_POINT ( 'NONE',  ( -0.5032151774999987781, 6.937500001229035540, 0.8715942545697901167 ) ) ;
#5343 = CARTESIAN_POINT ( 'NONE',  ( -1.939142095409446428E-16, 5.596875000614517148, -1.443375671530686910 ) ) ;
#5344 = CARTESIAN_POINT ( 'NONE',  ( 1.249999998749998342, 0.5718750006145182363, -0.7216878357653438991 ) ) ;
#5345 = DIRECTION ( 'NONE',  ( -1.000000000000000000, 0.000000000000000000, 0.000000000000000000 ) ) ;
#5346 = CARTESIAN_POINT ( 'NONE',  ( -1.793441953917047956E-16, 5.737499999999999822, -1.162125672759719563 ) ) ;
#5347 = CARTESIAN_POINT ( 'NONE',  ( 1.249999998749998342, 8.165625000614516793, -0.7216878357653438991 ) ) ;
#5348 = VECTOR ( 'NONE', #3628, 1000.000000000000000 ) ;
#5349 = CARTESIAN_POINT ( 'NONE',  ( 1.249999998749998342, 3.215625000614516615, -0.7216878357653438991 ) ) ;
#5350 = EDGE_CURVE ( 'NONE', #482, #2655, #3556, .T. ) ;
#5351 = CARTESIAN_POINT ( 'NONE',  ( 0.6249999993749998373, -0.4968749993854819635, 1.082531753648015238 ) ) ;
#5352 = CARTESIAN_POINT ( 'NONE',  ( 1.006430354999998666, 0.6750000000000019318, -1.173230260442806212E-14 ) ) ;
#5353 = ADVANCED_FACE ( 'NONE', ( #2974 ), #5645, .F. ) ;
#5354 = ORIENTED_EDGE ( 'NONE', *, *, #2609, .F. ) ;
#5355 = DIRECTION ( 'NONE',  ( -1.885568995626964287E-17, 1.000000000000000000, -0.000000000000000000 ) ) ;
#5356 = CARTESIAN_POINT ( 'NONE',  ( -1.249999998749998786, 8.803125000614517859, 0.000000000000000000 ) ) ;
#5357 = EDGE_LOOP ( 'NONE', ( #81, #729, #375, #1465 ) ) ;
#5358 = EDGE_CURVE ( 'NONE', #4078, #5566, #3792, .T. ) ;
#5359 = CARTESIAN_POINT ( 'NONE',  ( -2.168404344971008868E-16, 11.50000000000000000, 0.000000000000000000 ) ) ;
#5360 = CARTESIAN_POINT ( 'NONE',  ( 1.249999998749999008, 3.196875000614516793, 0.7216878357653431220 ) ) ;
#5361 = CARTESIAN_POINT ( 'NONE',  ( -1.249999998749998342, -1.903124999385481297, 0.7216878357653442322 ) ) ;
#5362 = CARTESIAN_POINT ( 'NONE',  ( 0.6249999993749988381, 10.00312500061451715, -1.082531753648015460 ) ) ;
#5363 = CARTESIAN_POINT ( 'NONE',  ( 1.006430354999998888, -1.499999998770963572, 0.5810628363798594487 ) ) ;
#5364 = CARTESIAN_POINT ( 'NONE',  ( -1.249999998749998342, 11.59687500061451537, 0.7216878357653442322 ) ) ;
#5365 = CARTESIAN_POINT ( 'NONE',  ( 1.249999998749999008, 2.296875000614517770, 0.7216878357653431220 ) ) ;
#5366 = CARTESIAN_POINT ( 'NONE',  ( -0.5032151774999994442, -0.5249999999999994671, -0.8715942545697896726 ) ) ;
#5367 = CARTESIAN_POINT ( 'NONE',  ( 1.006430354999998444, 9.337500001229036783, 0.000000000000000000 ) ) ;
#5368 = CARTESIAN_POINT ( 'NONE',  ( -1.006430354999998666, 3.262500001709372821, 7.442831991992095352E-09 ) ) ;
#5369 = DIRECTION ( 'NONE',  ( -1.000000000000000000, 0.000000000000000000, 0.000000000000000000 ) ) ;
#5370 = CARTESIAN_POINT ( 'NONE',  ( 1.006430354999998444, 6.675000001229036251, -0.5810628363798602258 ) ) ;
#5371 = CARTESIAN_POINT ( 'NONE',  ( -0.6249999993749985050, 6.234375000614517326, 1.082531753648015904 ) ) ;
#5372 = CARTESIAN_POINT ( 'NONE',  ( 1.249999998749998342, 1.021875000614517415, -0.7216878357653438991 ) ) ;
#5373 = CARTESIAN_POINT ( 'NONE',  ( -1.006430354999998888, 11.50000000000000000, 0.000000000000000000 ) ) ;
#5374 = CARTESIAN_POINT ( 'NONE',  ( -2.533096329031939926E-16, 8.746875000614515727, -1.443375671530686910 ) ) ;
#5375 = CARTESIAN_POINT ( 'NONE',  ( -2.132844373129901700E-16, 7.537500000000000533, -1.162125672759719563 ) ) ;
#5376 = CARTESIAN_POINT ( 'NONE',  ( -0.6249999993749985050, 7.528125000614516615, 1.082531753648015904 ) ) ;
#5377 = CIRCLE ( 'NONE', #4903, 2.549999999999998490 ) ;
#5378 = CARTESIAN_POINT ( 'NONE',  ( -0.5032151774999988891, 10.98750000122903536, 0.8715942545697901167 ) ) ;
#5379 = CARTESIAN_POINT ( 'NONE',  ( -0.5032151774999996663, 12.63750000122903572, -0.8715942545697896726 ) ) ;
#5380 = CARTESIAN_POINT ( 'NONE',  ( -0.8979642393405735667, 5.437500000000001776, 0.5253432182843933429 ) ) ;
#5381 = ORIENTED_EDGE ( 'NONE', *, *, #2140, .F. ) ;
#5382 = DIRECTION ( 'NONE',  ( -1.885568995626964287E-17, 1.000000000000000000, -0.000000000000000000 ) ) ;
#5383 = CARTESIAN_POINT ( 'NONE',  ( 0.6249999993749988381, 7.753125000614517148, -1.082531753648015460 ) ) ;
#5384 = CARTESIAN_POINT ( 'NONE',  ( 1.249999998749998564, 5.878125000614517148, -1.530808497403381346E-16 ) ) ;
#5385 = ORIENTED_EDGE ( 'NONE', *, *, #4369, .T. ) ;
#5386 = ADVANCED_FACE ( 'NONE', ( #751 ), #2586, .F. ) ;
#5387 = CARTESIAN_POINT ( 'NONE',  ( -1.006430354999998222, 4.949999997994740220, -3.107154877082220677E-08 ) ) ;
#5388 = CARTESIAN_POINT ( 'NONE',  ( -0.6249999993749993932, 3.834375000614518303, -1.082531753648015460 ) ) ;
#5389 = AXIS2_PLACEMENT_3D ( 'NONE', #4692, #1418, #572 ) ;
#5390 = B_SPLINE_CURVE_WITH_KNOTS ( 'NONE', 3,
 ( #1727, #2151, #312, #5773, #1604, #2121, #2505, #4008, #3469, #5231 ),
 .UNSPECIFIED., .F., .F.,
 ( 4, 2, 2, 2, 4 ),
 ( 0.5000000000000000000, 0.6250000000000000000, 0.7500000000000000000, 0.8750000000000000000, 1.000000000000000000 ),
 .UNSPECIFIED. ) ;
#5391 = CARTESIAN_POINT ( 'NONE',  ( 1.249999998749998564, -1.715624999385481297, -1.530808497403381346E-16 ) ) ;
#5392 = CARTESIAN_POINT ( 'NONE',  ( 0.6249999993749988381, 9.553125000614516082, -1.082531753648015460 ) ) ;
#5393 = CARTESIAN_POINT ( 'NONE',  ( -1.006430354999998000, -1.649999998770964371, 0.5810628363798603369 ) ) ;
#5394 = CARTESIAN_POINT ( 'NONE',  ( 1.249999998749998342, 11.33437500061451608, -1.530808497403381346E-16 ) ) ;
#5395 = EDGE_CURVE ( 'NONE', #3443, #2366, #3013, .T. ) ;
#5396 = CARTESIAN_POINT ( 'NONE',  ( -1.249999998749998564, 2.109375000614517326, 0.000000000000000000 ) ) ;
#5397 = CARTESIAN_POINT ( 'NONE',  ( 2.198428181630642635E-16, -0.3374999999999992450, 1.162125672759719563 ) ) ;
#5398 = DIRECTION ( 'NONE',  ( -1.885568995626964287E-17, 1.000000000000000000, -0.000000000000000000 ) ) ;
#5399 = CARTESIAN_POINT ( 'NONE',  ( -0.5032151774999987781, 9.637500001229033941, 0.8715942545697901167 ) ) ;
#5400 =( BOUNDED_CURVE ( )  B_SPLINE_CURVE ( 2, ( #5849, #4533, #4443, #330, #5399, #2671, #2168 ),
 .UNSPECIFIED., .F., .T. ) 
 B_SPLINE_CURVE_WITH_KNOTS ( ( 3, 2, 2, 3 ),
 ( 0.2177455533481094385, 0.2225843434225118767, 0.2274231334969143148, 0.2322619237412462123 ),
 .UNSPECIFIED. ) 
 CURVE ( )  GEOMETRIC_REPRESENTATION_ITEM ( )  RATIONAL_B_SPLINE_CURVE ( ( 1.000000000000000000, 0.8660254037844387076, 1.000000000000000000, 0.8660254037844387076, 1.000000000000000000, 0.8660254037844387076, 1.000000000000000000 ) ) 
 REPRESENTATION_ITEM ( '' )  );
#5401 = CARTESIAN_POINT ( 'NONE',  ( 1.006430354999998444, 11.50000000000000000, 1.232521712815482580E-16 ) ) ;
#5402 = CARTESIAN_POINT ( 'NONE',  ( 9.044564581498952226E-17, 6.525000001229035895, 1.162125672759719563 ) ) ;
#5403 = CARTESIAN_POINT ( 'NONE',  ( -1.249999998749998564, 5.671875000614518214, -0.7216878357653433440 ) ) ;
#5404 = CARTESIAN_POINT ( 'NONE',  ( -0.6249999993749983940, 0.3843750006145181253, 1.082531753648015904 ) ) ;
#5405 = CARTESIAN_POINT ( 'NONE',  ( 1.006430354999998666, 1.237500001229036695, 0.000000000000000000 ) ) ;
#5406 = CARTESIAN_POINT ( 'NONE',  ( 0.6249999993749997262, 9.009375000614516793, 1.082531753648015238 ) ) ;
#5407 = CARTESIAN_POINT ( 'NONE',  ( -1.006430354999998666, 7.162500000000000533, -0.5810628363798596707 ) ) ;
#5408 = CARTESIAN_POINT ( 'NONE',  ( -0.6249999993749985050, 6.628125000614516260, 1.082531753648015904 ) ) ;
#5409 = CARTESIAN_POINT ( 'NONE',  ( -1.006430354999998888, 11.50000000000000000, 0.000000000000000000 ) ) ;
#5410 = CARTESIAN_POINT ( 'NONE',  ( -1.249999998749998564, -1.096874999385483607, 0.000000000000000000 ) ) ;
#5411 = CARTESIAN_POINT ( 'NONE',  ( -0.8979642393405734557, 8.962500000000000355, -0.5253432182843935649 ) ) ;
#5412 = VERTEX_POINT ( 'NONE', #5902 ) ;
#5413 = CARTESIAN_POINT ( 'NONE',  ( -1.006430354999998888, 9.075000001229033941, -0.5810628363798595597 ) ) ;
#5414 = CARTESIAN_POINT ( 'NONE',  ( -1.249999998749998564, 7.415625000614515905, -0.7216878357653433440 ) ) ;
#5415 = CARTESIAN_POINT ( 'NONE',  ( 0.6249999993749988381, 5.053125000614517859, -1.082531753648015460 ) ) ;
#5416 = ORIENTED_EDGE ( 'NONE', *, *, #907, .F. ) ;
#5417 = CYLINDRICAL_SURFACE ( 'NONE', #158, 1.006430354999998666 ) ;
#5418 = CARTESIAN_POINT ( 'NONE',  ( -1.249999998749998786, 11.05312500061451608, 0.000000000000000000 ) ) ;
#5419 = CARTESIAN_POINT ( 'NONE',  ( 0.5032151774999997773, -0.6374999987709631943, 0.8715942545697895616 ) ) ;
#5420 = CARTESIAN_POINT ( 'NONE',  ( -2.448245724228726428E-16, 8.296875000614516438, -1.443375671530686910 ) ) ;
#5421 = CARTESIAN_POINT ( 'NONE',  ( 1.249999998749998342, 2.821875000614518569, -0.7216878357653438991 ) ) ;
#5422 = VECTOR ( 'NONE', #2920, 1000.000000000000000 ) ;
#5423 = CARTESIAN_POINT ( 'NONE',  ( 2.113577576827429137E-16, 0.1125000000000014738, 1.162125672759719563 ) ) ;
#5424 = DIRECTION ( 'NONE',  ( -1.885568995626964287E-17, 1.000000000000000000, -0.000000000000000000 ) ) ;
#5425 = CARTESIAN_POINT ( 'NONE',  ( -0.8979642393405734557, 5.812500000000000000, -0.5253432182843935649 ) ) ;
#5426 = ORIENTED_EDGE ( 'NONE', *, *, #3054, .T. ) ;
#5427 = CARTESIAN_POINT ( 'NONE',  ( 1.006430354999991339, 11.17500000122903536, -0.5810628363798640006 ) ) ;
#5428 = CARTESIAN_POINT ( 'NONE',  ( -1.006430354999998666, 6.412500001229036073, 0.000000000000000000 ) ) ;
#5429 = EDGE_CURVE ( 'NONE', #514, #4459, #3068, .T. ) ;
#5430 = CARTESIAN_POINT ( 'NONE',  ( -1.249999998749998342, 3.946875000614517681, 0.7216878357653442322 ) ) ;
#5431 = AXIS2_PLACEMENT_3D ( 'NONE', #1126, #2597, #3953 ) ;
#5432 = CARTESIAN_POINT ( 'NONE',  ( 0.2491702158194784578, 0.2435696319448256153, 0.9750980786630201180 ) ) ;
#5433 = CARTESIAN_POINT ( 'NONE',  ( 0.000000000000000000, 0.000000000000000000, 0.000000000000000000 ) ) ;
#5434 = CARTESIAN_POINT ( 'NONE',  ( -0.6249999993749985050, 9.384375000614516793, 1.082531753648015904 ) ) ;
#5435 =( BOUNDED_CURVE ( )  B_SPLINE_CURVE ( 2, ( #1444, #991, #2828, #2376, #4831, #267, #2941 ),
 .UNSPECIFIED., .F., .F. ) 
 B_SPLINE_CURVE_WITH_KNOTS ( ( 3, 2, 2, 3 ),
 ( 0.5371056982586700501, 0.5419444883330724050, 0.5467832784074747599, 0.5516220686312031107 ),
 .UNSPECIFIED. ) 
 CURVE ( )  GEOMETRIC_REPRESENTATION_ITEM ( )  RATIONAL_B_SPLINE_CURVE ( ( 0.9999999999999937828, 0.8660254037844449249, 1.000000000000000000, 0.8660254037844387076, 1.000000000000000000, 0.8660254037844387076, 1.000000000000000000 ) ) 
 REPRESENTATION_ITEM ( '' )  );
#5436 = CARTESIAN_POINT ( 'NONE',  ( -1.006430354999998666, 7.200000000000001066, 0.000000000000000000 ) ) ;
#5437 = CARTESIAN_POINT ( 'NONE',  ( -1.249999998749998564, 6.515625000614517326, -0.7216878357653433440 ) ) ;
#5438 = CARTESIAN_POINT ( 'NONE',  ( 1.249999998749999008, 0.8906250006145179920, 0.7216878357653431220 ) ) ;
#5439 = CARTESIAN_POINT ( 'NONE',  ( 1.249999998749999008, -0.9093749993854832736, 0.7216878357653431220 ) ) ;
#5440 = CARTESIAN_POINT ( 'NONE',  ( -1.006430354999998666, 0.4125000000000014211, -0.5810628363798595597 ) ) ;
#5441 = VERTEX_POINT ( 'NONE', #4444 ) ;
#5442 = DIRECTION ( 'NONE',  ( -1.000000000000000000, 0.000000000000000000, 0.000000000000000000 ) ) ;
#5443 = CARTESIAN_POINT ( 'NONE',  ( 1.479439115200569953E-16, 6.215625000614516615, 1.443375671530686910 ) ) ;
#5444 = VECTOR ( 'NONE', #1560, 1000.000000000000000 ) ;
#5445 = CARTESIAN_POINT ( 'NONE',  ( -1.249999998749998342, 6.590625000614516615, 0.7216878357653442322 ) ) ;
#5446 = ORIENTED_EDGE ( 'NONE', *, *, #1094, .T. ) ;
#5447 = CARTESIAN_POINT ( 'NONE',  ( 1.006430354999998444, 11.02500000000000036, 0.000000000000000000 ) ) ;
#5448 = CARTESIAN_POINT ( 'NONE',  ( 1.249999998749998342, 9.515625000614518214, -0.7216878357653438991 ) ) ;
#5449 = CARTESIAN_POINT ( 'NONE',  ( -0.5032151774999994442, 0.03750000122903530964, -0.8715942545697896726 ) ) ;
#5450 = CARTESIAN_POINT ( 'NONE',  ( -1.249999998749999008, 9.271875000614516082, -0.7216878357653433440 ) ) ;
#5451 = CARTESIAN_POINT ( 'NONE',  ( 0.6249999993749989491, 2.409375000614517148, -1.082531753648015460 ) ) ;
#5452 = CARTESIAN_POINT ( 'NONE',  ( 1.249999998749998564, 13.09687500061451892, 0.7216878357653431220 ) ) ;
#5453 = CARTESIAN_POINT ( 'NONE',  ( -1.006430354999998222, 7.762499998827088632, -3.721819601958053548E-08 ) ) ;
#5454 = DIRECTION ( 'NONE',  ( -1.000000000000000000, 0.000000000000000000, 0.000000000000000000 ) ) ;
#5455 = EDGE_LOOP ( 'NONE', ( #3589, #4815, #1454, #276 ) ) ;
#5456 = CARTESIAN_POINT ( 'NONE',  ( -0.5032151774999994442, 2.737500001229036251, -0.8715942545697896726 ) ) ;
#5457 = ADVANCED_FACE ( 'NONE', ( #3518 ), #2673, .F. ) ;
#5458 = CARTESIAN_POINT ( 'NONE',  ( 1.006430354999998444, 7.125000001229035540, -0.5810628363798602258 ) ) ;
#5459 = CARTESIAN_POINT ( 'NONE',  ( 1.249999998749999008, 1.846875000614518481, 0.7216878357653431220 ) ) ;
#5460 = ADVANCED_FACE ( 'NONE', ( #3578 ), #4507, .F. ) ;
#5461 = CARTESIAN_POINT ( 'NONE',  ( -0.5032151774999996663, 10.83750000122903501, -0.8715942545697896726 ) ) ;
#5462 = LINE ( 'NONE', #1779, #4198 ) ;
#5463 = CARTESIAN_POINT ( 'NONE',  ( 0.6249999993749997262, 9.459375000614517859, 1.082531753648015238 ) ) ;
#5464 = CARTESIAN_POINT ( 'NONE',  ( 0.5032151774999991112, 4.800000000000000711, -0.8715942545697897836 ) ) ;
#5465 = CARTESIAN_POINT ( 'NONE',  ( 1.479439115200569706E-16, 6.215625000614516615, 1.443375671530686910 ) ) ;
#5466 = FACE_OUTER_BOUND ( 'NONE', #3221, .T. ) ;
#5467 = CARTESIAN_POINT ( 'NONE',  ( -0.6249999993749983940, -1.021874999385483207, 1.082531753648015904 ) ) ;
#5468 = CARTESIAN_POINT ( 'NONE',  ( -0.2634828508014802617, 9.356249999999999289, -1.006430354999998666 ) ) ;
#5469 = ORIENTED_EDGE ( 'NONE', *, *, #2347, .T. ) ;
#5470 = CARTESIAN_POINT ( 'NONE',  ( 1.006430354999998666, 3.393750000000000266, -0.2634828508014800952 ) ) ;
#5471 = AXIS2_PLACEMENT_3D ( 'NONE', #4177, #5105, #1416 ) ;
#5472 = CARTESIAN_POINT ( 'NONE',  ( -1.006430354999998444, 10.38750000000000107, 0.5810628363798603369 ) ) ;
#5473 = CARTESIAN_POINT ( 'NONE',  ( -1.249999998749998342, 6.590625000614516615, 0.7216878357653442322 ) ) ;
#5474 = CARTESIAN_POINT ( 'NONE',  ( 1.818841534413423451E-16, 4.415625000614515905, 1.443375671530686910 ) ) ;
#5475 = VERTEX_POINT ( 'NONE', #388 ) ;
#5476 = CARTESIAN_POINT ( 'NONE',  ( 1.006430355000011989, 5.325000001229035718, -0.5810628363798522322 ) ) ;
#5477 = CARTESIAN_POINT ( 'NONE',  ( -0.6249999993749995042, 7.378125000614516260, -1.082531753648015460 ) ) ;
#5478 = FACE_OUTER_BOUND ( 'NONE', #4041, .T. ) ;
#5479 = AXIS2_PLACEMENT_3D ( 'NONE', #437, #5424, #1233 ) ;
#5480 = CARTESIAN_POINT ( 'NONE',  ( -1.249999998749998342, 7.996875000614517504, 0.7216878357653442322 ) ) ;
#5481 = CARTESIAN_POINT ( 'NONE',  ( -0.6249999993749983940, 1.734375000614518658, 1.082531753648015904 ) ) ;
#5482 = CARTESIAN_POINT ( 'NONE',  ( -1.249999998749999008, 11.52187500061451608, -0.7216878357653433440 ) ) ;
#5483 = CARTESIAN_POINT ( 'NONE',  ( -0.6226005107608806322, 11.34288271726235209, -0.8984782845216652269 ) ) ;
#5484 = DIRECTION ( 'NONE',  ( -1.000000000000000000, 0.000000000000000000, 0.000000000000000000 ) ) ;
#5485 = ORIENTED_EDGE ( 'NONE', *, *, #5534, .F. ) ;
#5486 = DIRECTION ( 'NONE',  ( -1.000000000000000000, 0.000000000000000000, 0.000000000000000000 ) ) ;
#5487 = CARTESIAN_POINT ( 'NONE',  ( 1.328709482165962464E-16, 4.275000001229035895, 1.162125672759719563 ) ) ;
#5488 = CARTESIAN_POINT ( 'NONE',  ( -0.6249999993749993932, 2.484375000614517770, -1.082531753648015460 ) ) ;
#5489 = CARTESIAN_POINT ( 'NONE',  ( 1.328709482165962464E-16, 4.275000001229035007, 1.162125672759719341 ) ) ;
#5490 = DIRECTION ( 'NONE',  ( -1.000000000000000000, 0.000000000000000000, 0.000000000000000000 ) ) ;
#5491 = CARTESIAN_POINT ( 'NONE',  ( -1.249999998749999008, 11.07187500061451679, -0.7216878357653433440 ) ) ;
#5492 = CARTESIAN_POINT ( 'NONE',  ( -0.5032151774999986671, 4.575000000000001066, 0.8715942545697901167 ) ) ;
#5493 = CARTESIAN_POINT ( 'NONE',  ( 0.6249999993749997262, 7.153125000614516615, 1.082531753648015238 ) ) ;
#5494 = CARTESIAN_POINT ( 'NONE',  ( -0.5253432182843934539, 3.224999999999999201, 0.8979642393405733447 ) ) ;
#5495 = CYLINDRICAL_SURFACE ( 'NONE', #1172, 1.006430354999998666 ) ;
#5496 = CARTESIAN_POINT ( 'NONE',  ( -0.6249999993749982830, -1.921874999385482896, 1.082531753648015904 ) ) ;
#5497 = CARTESIAN_POINT ( 'NONE',  ( 0.9703991295750908908, 0.2435665981791107215, -0.2668849728123994236 ) ) ;
#5498 = ORIENTED_EDGE ( 'NONE', *, *, #3987, .T. ) ;
#5499 = FACE_OUTER_BOUND ( 'NONE', #2963, .T. ) ;
#5500 = CARTESIAN_POINT ( 'NONE',  ( -2.726798606752394951E-16, 10.68750000000000000, -1.162125672759719563 ) ) ;
#5501 = CARTESIAN_POINT ( 'NONE',  ( -3.286145446660459409E-16, 12.74062500061451608, -1.443375671530686910 ) ) ;
#5502 = CARTESIAN_POINT ( 'NONE',  ( -1.249999998749998564, 6.553125000614516971, 0.000000000000000000 ) ) ;
#5503 = CARTESIAN_POINT ( 'NONE',  ( -0.6249999993749985050, 6.628125000614516260, 1.082531753648015904 ) ) ;
#5504 = CARTESIAN_POINT ( 'NONE',  ( 1.006430354999998444, 7.875000000000000000, 0.000000000000000000 ) ) ;
#5505 = CARTESIAN_POINT ( 'NONE',  ( 1.249999998749998342, 7.265625000614516438, -0.7216878357653438991 ) ) ;
#5506 = DIRECTION ( 'NONE',  ( -1.885568995626964287E-17, 1.000000000000000000, -0.000000000000000000 ) ) ;
#5507 = UNCERTAINTY_MEASURE_WITH_UNIT (LENGTH_MEASURE( 1.000000000000000082E-05 ), #4911, 'distance_accuracy_value', 'NONE');
#5508 = CARTESIAN_POINT ( 'NONE',  ( -2.193693909819086428E-16, 6.946875000614517681, -1.443375671530686910 ) ) ;
#5509 = CARTESIAN_POINT ( 'NONE',  ( 0.6249999993749989491, 1.509375000614517459, -1.082531753648015460 ) ) ;
#5510 = CARTESIAN_POINT ( 'NONE',  ( -1.249999998749999008, 12.87187500061451750, -0.7216878357653433440 ) ) ;
#5511 = CARTESIAN_POINT ( 'NONE',  ( -1.076960404659463411, 11.43511437168109168, -0.4949119458218743661 ) ) ;
#5512 = CARTESIAN_POINT ( 'NONE',  ( -1.249999998749998786, 11.05312500061451608, 0.000000000000000000 ) ) ;
#5513 = ORIENTED_EDGE ( 'NONE', *, *, #1943, .T. ) ;
#5514 = CARTESIAN_POINT ( 'NONE',  ( 0.5253432182843932319, 6.450000000000002842, 0.8979642393405735667 ) ) ;
#5515 = CARTESIAN_POINT ( 'NONE',  ( -1.560102790939953889E-16, 4.500000001229034652, -1.162125672759719563 ) ) ;
#5516 = CARTESIAN_POINT ( 'NONE',  ( -1.249999998749998564, 3.909375000614518481, 0.000000000000000000 ) ) ;
#5517 = CARTESIAN_POINT ( 'NONE',  ( -0.2634828508014803172, 1.443749999999999867, 1.006430354999998888 ) ) ;
#5518 = DIRECTION ( 'NONE',  ( -1.000000000000000000, 0.000000000000000000, 0.000000000000000000 ) ) ;
#5519 = CARTESIAN_POINT ( 'NONE',  ( -0.6249999993749995042, 7.434375000614517504, -1.082531753648015460 ) ) ;
#5520 = CARTESIAN_POINT ( 'NONE',  ( -1.006430354999998000, 5.437500000000001776, 0.5810628363798603369 ) ) ;
#5521 = CARTESIAN_POINT ( 'NONE',  ( 1.249999998749998564, 4.078125000614517326, -1.530808497403381346E-16 ) ) ;
#5522 = LINE ( 'NONE', #4206, #1709 ) ;
#5523 = CARTESIAN_POINT ( 'NONE',  ( -1.006430354999998666, 6.412500000622184615, -9.403176572410689281E-09 ) ) ;
#5524 = CARTESIAN_POINT ( 'NONE',  ( 0.3791140620103596315, 11.34034290888343932, 1.058437772970879820 ) ) ;
#5525 = AXIS2_PLACEMENT_3D ( 'NONE', #5359, #3085, #1983 ) ;
#5526 = CARTESIAN_POINT ( 'NONE',  ( -0.5032151774999988891, 10.53750000122903607, 0.8715942545697901167 ) ) ;
#5527 = DIRECTION ( 'NONE',  ( -1.885568995626964287E-17, 1.000000000000000000, -0.000000000000000000 ) ) ;
#5528 = ORIENTED_EDGE ( 'NONE', *, *, #4524, .T. ) ;
#5529 = CARTESIAN_POINT ( 'NONE',  ( -0.5032151774999996663, 11.17500000000000071, -0.8715942545697896726 ) ) ;
#5530 = CARTESIAN_POINT ( 'NONE',  ( -5.815324185580319444E-17, -1.603124999385481475, -1.443375671530686910 ) ) ;
#5531 = CARTESIAN_POINT ( 'NONE',  ( 0.6249999993749988381, 5.503125000614516260, -1.082531753648015460 ) ) ;
#5532 = EDGE_CURVE ( 'NONE', #4783, #982, #2112, .T. ) ;
#5533 = CARTESIAN_POINT ( 'NONE',  ( -1.249999998749998564, 2.015625000614516882, -0.7216878357653433440 ) ) ;
#5534 = EDGE_CURVE ( 'NONE', #862, #5626, #5792, .T. ) ;
#5535 = B_SPLINE_CURVE_WITH_KNOTS ( 'NONE', 3,
 ( #4904, #5046, #4600, #479, #1022, #993, #1385, #2860, #3696, #1446 ),
 .UNSPECIFIED., .F., .F.,
 ( 4, 2, 2, 2, 4 ),
 ( 0.5000000000000000000, 0.6250000000000000000, 0.7500000000000000000, 0.8750000000000000000, 1.000000000000000000 ),
 .UNSPECIFIED. ) ;
#5536 = CARTESIAN_POINT ( 'NONE',  ( 0.5253432182843930098, 8.700000000000001066, 0.8979642393405733447 ) ) ;
#5537 = CARTESIAN_POINT ( 'NONE',  ( 1.309737905594143204E-16, 7.115625000614516082, 1.443375671530686910 ) ) ;
#5538 = B_SPLINE_CURVE_WITH_KNOTS ( 'NONE', 3,
 ( #2914, #178, #3454, #3395, #5789, #1110, #207, #5279, #689, #4772, #1202, #1078, #658, #1170 ),
 .UNSPECIFIED., .F., .F.,
 ( 4, 2, 2, 2, 2, 2, 4 ),
 ( 0.000000000000000000, 0.0003463767013446931151, 0.0006927534026893862303, 0.001385506805378772461, 0.001731883506723465522, 0.002078260208068158366, 0.002771013610757545355 ),
 .UNSPECIFIED. ) ;
#5539 = AXIS2_PLACEMENT_3D ( 'NONE', #889, #3516, #2247 ) ;
#5540 = EDGE_CURVE ( 'NONE', #3833, #2388, #2150, .T. ) ;
#5541 = FACE_OUTER_BOUND ( 'NONE', #2863, .T. ) ;
#5542 = CARTESIAN_POINT ( 'NONE',  ( 1.249999998749998342, 8.184375000614515727, -1.530808497403381346E-16 ) ) ;
#5543 = CARTESIAN_POINT ( 'NONE',  ( 1.249999998749998342, 1.471875000614518259, -0.7216878357653438991 ) ) ;
#5544 = CARTESIAN_POINT ( 'NONE',  ( 0.9457221046612711568, -2.000520808277360008, -0.3442553706487070375 ) ) ;
#5545 = CARTESIAN_POINT ( 'NONE',  ( -0.7726869386196376643, 11.36879144539590492, -0.8092799587672380168 ) ) ;
#5546 = CYLINDRICAL_SURFACE ( 'NONE', #4612, 1.006430354999998666 ) ;
#5547 = EDGE_LOOP ( 'NONE', ( #3915, #1033, #100, #1887 ) ) ;
#5548 = CARTESIAN_POINT ( 'NONE',  ( 1.006430354999998888, 2.100000001229035185, 0.5810628363798593377 ) ) ;
#5549 = CARTESIAN_POINT ( 'NONE',  ( 1.498410691772388967E-16, 3.375000001229035540, 1.162125672759719563 ) ) ;
#5550 = CARTESIAN_POINT ( 'NONE',  ( 1.977936418419448697E-16, 3.571875000614518125, 1.443375671530686910 ) ) ;
#5551 = CARTESIAN_POINT ( 'NONE',  ( 1.006430354999998666, 3.825000000000000622, 0.000000000000000000 ) ) ;
#5552 = CARTESIAN_POINT ( 'NONE',  ( -1.006430354999998888, 9.112500000944777412, -4.404546912488137509E-09 ) ) ;
#5553 = CARTESIAN_POINT ( 'NONE',  ( 1.249999998749998564, 8.596875000614518925, 0.7216878357653431220 ) ) ;
#5554 = CARTESIAN_POINT ( 'NONE',  ( 1.006430354999998888, 5.137500000000001066, 0.5810628363798594487 ) ) ;
#5555 = CARTESIAN_POINT ( 'NONE',  ( -0.6249999993749985050, 5.278125000614516615, 1.082531753648015904 ) ) ;
#5556 = CARTESIAN_POINT ( 'NONE',  ( -1.006430354999998222, 3.750000001229035984, 0.5810628363798603369 ) ) ;
#5557 = CARTESIAN_POINT ( 'NONE',  ( 0.000000000000000000, 0.000000000000000000, 0.000000000000000000 ) ) ;
#5558 = FACE_OUTER_BOUND ( 'NONE', #609, .T. ) ;
#5559 = CARTESIAN_POINT ( 'NONE',  ( 0.5032151774999988891, 10.76250000122903572, -0.8715942545697897836 ) ) ;
#5560 = CARTESIAN_POINT ( 'NONE',  ( 0.2634828508014800952, 7.331250000000000711, 1.006430354999998666 ) ) ;
#5561 = CARTESIAN_POINT ( 'NONE',  ( -2.323758234168874628E-16, 8.550000001229037139, -1.162125672759719341 ) ) ;
#5562 = CARTESIAN_POINT ( 'NONE',  ( 0.5032151774999988891, 11.09999999999999964, -0.8715942545697897836 ) ) ;
#5563 = CARTESIAN_POINT ( 'NONE',  ( -3.201294841857245912E-16, 12.29062500061451679, -1.443375671530686910 ) ) ;
#5564 = CARTESIAN_POINT ( 'NONE',  ( -1.249999998749998342, 5.690625000614515372, 0.7216878357653442322 ) ) ;
#5565 = CARTESIAN_POINT ( 'NONE',  ( 1.249999998749999008, 2.240625000614516971, 0.7216878357653431220 ) ) ;
#5566 = VERTEX_POINT ( 'NONE', #332 ) ;
#5567 = CARTESIAN_POINT ( 'NONE',  ( 1.249999998749998342, 8.128125000614515372, -1.530808497403381346E-16 ) ) ;
#5568 = CARTESIAN_POINT ( 'NONE',  ( -2.168404344971008868E-16, 11.50000000000000000, 0.000000000000000000 ) ) ;
#5569 = EDGE_CURVE ( 'NONE', #5441, #2382, #2726, .T. ) ;
#5570 = CARTESIAN_POINT ( 'NONE',  ( 0.6249999993749988381, 6.459375000614517859, -1.082531753648015460 ) ) ;
#5571 = CARTESIAN_POINT ( 'NONE',  ( -7.512336281644588165E-17, -0.7031249993854818969, -1.443375671530686910 ) ) ;
#5572 = CARTESIAN_POINT ( 'NONE',  ( 1.249999998749998342, 11.33437500061451608, -1.530808497403381346E-16 ) ) ;
#5573 = CARTESIAN_POINT ( 'NONE',  ( -1.085043101959470180, 11.43732440193707234, -0.4822687934852032399 ) ) ;
#5574 = CARTESIAN_POINT ( 'NONE',  ( -2.168404344971008868E-16, 11.50000000000000000, 0.000000000000000000 ) ) ;
#5575 = ORIENTED_EDGE ( 'NONE', *, *, #5801, .F. ) ;
#5576 = CARTESIAN_POINT ( 'NONE',  ( 1.006430354999998666, 5.737500001229035362, 0.000000000000000000 ) ) ;
#5577 = CARTESIAN_POINT ( 'NONE',  ( -1.006430354999998666, 4.125000001229036428, -0.5810628363798596707 ) ) ;
#5578 = CARTESIAN_POINT ( 'NONE',  ( 2.232488232829088944E-16, 2.221875000614517148, 1.443375671530686910 ) ) ;
#5579 = EDGE_CURVE ( 'NONE', #2260, #2787, #2749, .T. ) ;
#5580 = CARTESIAN_POINT ( 'NONE',  ( 1.249999998749998342, 11.78437500061451715, -1.530808497403381346E-16 ) ) ;
#5581 = FACE_OUTER_BOUND ( 'NONE', #4724, .T. ) ;
#5582 = CARTESIAN_POINT ( 'NONE',  ( 0.6249999993749997262, 8.109375000614518214, 1.082531753648015238 ) ) ;
#5583 = CARTESIAN_POINT ( 'NONE',  ( -1.006430354999998666, 3.562500000000001332, -0.5810628363798596707 ) ) ;
#5584 = CARTESIAN_POINT ( 'NONE',  ( -1.249999998749998564, 3.365625000614517415, -0.7216878357653433440 ) ) ;
#5585 = CARTESIAN_POINT ( 'NONE',  ( -1.006430354999997778, 2.250000002439908720, 3.780641848113333760E-08 ) ) ;
#5586 = DIRECTION ( 'NONE',  ( -1.000000000000000000, 0.000000000000000000, 0.000000000000000000 ) ) ;
#5587 = CARTESIAN_POINT ( 'NONE',  ( -1.001748316925199944, 11.25643037283132664, 0.09696581355902179900 ) ) ;
#5588 = CARTESIAN_POINT ( 'NONE',  ( -0.5032151774999996663, 10.38750000122903572, -0.8715942545697896726 ) ) ;
#5589 = DIRECTION ( 'NONE',  ( -1.000000000000000000, 0.000000000000000000, 0.000000000000000000 ) ) ;
#5590 = CARTESIAN_POINT ( 'NONE',  ( -0.8979642393405738998, 5.887499999999999289, 0.5253432182843933429 ) ) ;
#5591 = CARTESIAN_POINT ( 'NONE',  ( 1.006430354999998000, 11.06250000000000000, -0.5810628363798602258 ) ) ;
#5592 = CARTESIAN_POINT ( 'NONE',  ( 1.249999998749998564, 11.24062500061451608, 0.7216878357653431220 ) ) ;
#5593 = VERTEX_POINT ( 'NONE', #4560 ) ;
#5594 = CARTESIAN_POINT ( 'NONE',  ( 0.6249999993749998373, 4.003125000614517148, 1.082531753648015238 ) ) ;
#5595 =( BOUNDED_CURVE ( )  B_SPLINE_CURVE ( 2, ( #4280, #2808, #4671, #1485, #3828, #1426, #640 ),
 .UNSPECIFIED., .F., .F. ) 
 B_SPLINE_CURVE_WITH_KNOTS ( ( 3, 2, 2, 3 ),
 ( 0.1741964426109923192, 0.1790352327528900167, 0.1838740228272924271, 0.1887128129016948652 ),
 .UNSPECIFIED. ) 
 CURVE ( )  GEOMETRIC_REPRESENTATION_ITEM ( )  RATIONAL_B_SPLINE_CURVE ( ( 1.000000000000000000, 0.8660254037844387076, 1.000000000000000000, 0.8660254037844387076, 1.000000000000000000, 0.8660254037844379305, 1.000000000000000666 ) ) 
 REPRESENTATION_ITEM ( '' )  );
#5596 = CARTESIAN_POINT ( 'NONE',  ( 0.6249999993749989491, 3.703125000614516882, -1.082531753648015460 ) ) ;
#5597 = VERTEX_POINT ( 'NONE', #3123 ) ;
#5598 = CARTESIAN_POINT ( 'NONE',  ( 1.006430354999998444, 8.437500001229034652, 0.000000000000000000 ) ) ;
#5599 = CARTESIAN_POINT ( 'NONE',  ( -1.249999998749998786, 8.803125000614517859, 0.000000000000000000 ) ) ;
#5600 = FACE_OUTER_BOUND ( 'NONE', #4218, .T. ) ;
#5601 = CARTESIAN_POINT ( 'NONE',  ( -1.249999998749998564, 4.809375000614518392, 0.000000000000000000 ) ) ;
#5602 = CARTESIAN_POINT ( 'NONE',  ( 2.402189442435515939E-16, 1.321875000614517237, 1.443375671530686910 ) ) ;
#5603 = CARTESIAN_POINT ( 'NONE',  ( -0.4594459588785135828, 11.31758886425726907, -0.9638064769150606059 ) ) ;
#5604 = EDGE_LOOP ( 'NONE', ( #3560, #5426, #4335, #156 ) ) ;
#5605 = CARTESIAN_POINT ( 'NONE',  ( 1.006417907619051366, 0.2999990736401903502, 0.5810700228785998789 ) ) ;
#5606 = CARTESIAN_POINT ( 'NONE',  ( -1.006430354999998666, 3.262500001229035718, 0.000000000000000000 ) ) ;
#5607 = CARTESIAN_POINT ( 'NONE',  ( 2.571890652041942441E-16, 0.4218750006145174924, 1.443375671530686910 ) ) ;
#5608 = CARTESIAN_POINT ( 'NONE',  ( -1.006430354999998444, 10.50000000122903465, 0.5810628363798603369 ) ) ;
#5609 = CARTESIAN_POINT ( 'NONE',  ( 1.006430354999998444, 8.324999999999999289, 0.000000000000000000 ) ) ;
#5610 = CARTESIAN_POINT ( 'NONE',  ( -1.249999998749998564, 7.021875000614517859, -0.7216878357653433440 ) ) ;
#5611 = CARTESIAN_POINT ( 'NONE',  ( 1.006430354999998444, 1.162500000000000311, -0.5810628363798602258 ) ) ;
#5612 = CARTESIAN_POINT ( 'NONE',  ( 1.818841534413423451E-16, 4.415625000614515905, 1.443375671530686910 ) ) ;
#5613 = CARTESIAN_POINT ( 'NONE',  ( 0.2634828508014800952, 2.118750000000000799, -1.006430354999998666 ) ) ;
#5614 = DIRECTION ( 'NONE',  ( -1.885568995626964287E-17, 1.000000000000000000, -0.000000000000000000 ) ) ;
#5615 = CARTESIAN_POINT ( 'NONE',  ( -1.006430354999997778, 2.250000002439908720, 3.780641848113333760E-08 ) ) ;
#5616 = EDGE_CURVE ( 'NONE', #5837, #5626, #5264, .T. ) ;
#5617 = CARTESIAN_POINT ( 'NONE',  ( -1.006430354999998444, 10.50000000122903643, 0.5810628363798603369 ) ) ;
#5618 = CARTESIAN_POINT ( 'NONE',  ( -1.249999998749998342, 7.096875000614517148, 0.7216878357653442322 ) ) ;
#5619 = CARTESIAN_POINT ( 'NONE',  ( 1.006430354999998666, 0.7875000012290359619, 0.000000000000000000 ) ) ;
#5620 = ORIENTED_EDGE ( 'NONE', *, *, #2642, .T. ) ;
#5621 = CARTESIAN_POINT ( 'NONE',  ( -1.006430354999998444, 9.037499999999999645, 0.5810628363798603369 ) ) ;
#5622 = CARTESIAN_POINT ( 'NONE',  ( -1.249999998749998786, 11.95312500061451644, 0.000000000000000000 ) ) ;
#5623 = ORIENTED_EDGE ( 'NONE', *, *, #517, .F. ) ;
#5624 = CARTESIAN_POINT ( 'NONE',  ( 1.903692139216636702E-16, 3.965625000614517059, 1.443375671530686910 ) ) ;
#5625 = CARTESIAN_POINT ( 'NONE',  ( -0.6249999993749983940, 3.478125000614517237, 1.082531753648015904 ) ) ;
#5626 = VERTEX_POINT ( 'NONE', #5341 ) ;
#5627 = CARTESIAN_POINT ( 'NONE',  ( -0.5032151774999995553, 8.137500001229035718, -0.8715942545697896726 ) ) ;
#5628 =( BOUNDED_CURVE ( )  B_SPLINE_CURVE ( 2, ( #2552, #3968, #4381, #5308, #2462, #2074, #2584 ),
 .UNSPECIFIED., .F., .T. ) 
 B_SPLINE_CURVE_WITH_KNOTS ( ( 3, 2, 2, 3 ),
 ( 0.7984003622764013208, 0.8032391523508036757, 0.8080779424252061416, 0.8129167324735315781 ),
 .UNSPECIFIED. ) 
 CURVE ( )  GEOMETRIC_REPRESENTATION_ITEM ( )  RATIONAL_B_SPLINE_CURVE ( ( 1.000000000000000000, 0.8660254037844387076, 1.000000000000000000, 0.8660254037844387076, 1.000000000000000000, 0.8660254037844387076, 1.000000000000000000 ) ) 
 REPRESENTATION_ITEM ( '' )  );
#5629 = B_SPLINE_CURVE_WITH_KNOTS ( 'NONE', 3,
 ( #797, #1106, #1736, #4320, #5639, #622, #3360, #2486, #5667, #3809, #3566, #5213, #203, #4711, #318, #2937, #4739, #4882 ),
 .UNSPECIFIED., .F., .F.,
 ( 4, 2, 2, 2, 2, 2, 2, 2, 4 ),
 ( 0.0004921497491863996519, 0.0009463542738238680391, 0.001400558798461336426, 0.001854763323098804813, 0.002308967847736272984, 0.002763172372373741588, 0.003217376897011211059, 0.003671581421648679663, 0.004125785946286148267 ),
 .UNSPECIFIED. ) ;
#5630 = CARTESIAN_POINT ( 'NONE',  ( -1.249999998749998564, 6.609375000614518214, 0.000000000000000000 ) ) ;
#5631 = CARTESIAN_POINT ( 'NONE',  ( 2.752198187248770939E-16, -0.5343749993854830516, 1.443375671530686910 ) ) ;
#5632 = CONICAL_SURFACE ( 'NONE', #3716, 1.249999999999998890, 0.7853981633974549403 ) ;
#5633 = CARTESIAN_POINT ( 'NONE',  ( -0.6249999993749993932, 1.134375000614517015, -1.082531753648015460 ) ) ;
#5634 = CARTESIAN_POINT ( 'NONE',  ( 1.249999998749998564, 13.04062500061451502, 0.7216878357653431220 ) ) ;
#5635 = VERTEX_POINT ( 'NONE', #4475 ) ;
#5636 = CARTESIAN_POINT ( 'NONE',  ( -2.872498748244793423E-16, 10.54687500061451644, -1.443375671530686910 ) ) ;
#5637 = CARTESIAN_POINT ( 'NONE',  ( -1.006430354999998666, 1.425000001229035362, -0.5810628363798596707 ) ) ;
#5638 = CARTESIAN_POINT ( 'NONE',  ( -1.249999998749998786, 12.00937500061451679, 0.000000000000000000 ) ) ;
#5639 = CARTESIAN_POINT ( 'NONE',  ( 0.9839687214898730216, 0.04640856271531668131, -0.7094574306591714397 ) ) ;
#5640 = CARTESIAN_POINT ( 'NONE',  ( 1.249999998749998342, 8.671875000614518214, -0.7216878357653438991 ) ) ;
#5641 = CARTESIAN_POINT ( 'NONE',  ( -1.006430354999998666, 1.350000000000000533, 0.000000000000000000 ) ) ;
#5642 = CARTESIAN_POINT ( 'NONE',  ( 1.249999998749998564, 3.628125000614516704, -1.530808497403381346E-16 ) ) ;
#5643 = CARTESIAN_POINT ( 'NONE',  ( -1.006430354999998888, 10.80000000090626067, 1.404247223446633733E-08 ) ) ;
#5644 = CARTESIAN_POINT ( 'NONE',  ( 1.006430354999992005, 6.150000001229033231, 0.5810628363798633345 ) ) ;
#5645 = CYLINDRICAL_SURFACE ( 'NONE', #5743, 1.006430354999998666 ) ;
#5646 = CARTESIAN_POINT ( 'NONE',  ( 5.595041011776134754E-18, 11.02500000122903501, 1.162125672759719563 ) ) ;
#5647 = CARTESIAN_POINT ( 'NONE',  ( 0.6249999993749988381, 8.709375000614517859, -1.082531753648015460 ) ) ;
#5648 = CYLINDRICAL_SURFACE ( 'NONE', #1657, 1.006430354999998666 ) ;
#5649 = ORIENTED_EDGE ( 'NONE', *, *, #5831, .T. ) ;
#5650 = CARTESIAN_POINT ( 'NONE',  ( 2.468642711567345303E-17, 10.01250000000000107, 1.162125672759719563 ) ) ;
#5651 = CARTESIAN_POINT ( 'NONE',  ( -1.249999998749998786, 12.40312500061451573, 0.000000000000000000 ) ) ;
#5652 = EDGE_LOOP ( 'NONE', ( #3194, #5224, #702, #680 ) ) ;
#5653 = CARTESIAN_POINT ( 'NONE',  ( -1.249999998749998564, 3.815625000614516704, -0.7216878357653433440 ) ) ;
#5654 = CARTESIAN_POINT ( 'NONE',  ( 0.6249999993749998373, 3.103125000614517237, 1.082531753648015238 ) ) ;
#5655 = VERTEX_POINT ( 'NONE', #361 ) ;
#5656 = CARTESIAN_POINT ( 'NONE',  ( -0.8979642393405734557, 4.912500000000002309, -0.5253432182843935649 ) ) ;
#5657 = CARTESIAN_POINT ( 'NONE',  ( 1.249999998749998564, 6.384375000614517681, -1.530808497403381346E-16 ) ) ;
#5658 = CARTESIAN_POINT ( 'NONE',  ( -1.249999998749998342, -1.509374999385483029, 0.7216878357653442322 ) ) ;
#5659 = CARTESIAN_POINT ( 'NONE',  ( -1.249999998749998564, -1.528124999385481075, -0.7216878357653433440 ) ) ;
#5660 = CARTESIAN_POINT ( 'NONE',  ( -1.006430354999998888, 9.018750000000002487, 0.2634828508014802617 ) ) ;
#5661 = ORIENTED_EDGE ( 'NONE', *, *, #912, .F. ) ;
#5662 = CARTESIAN_POINT ( 'NONE',  ( -1.249999998749998786, 10.65937500061451715, 0.000000000000000000 ) ) ;
#5663 = ADVANCED_FACE ( 'NONE', ( #5850 ), #4620, .T. ) ;
#5664 = CARTESIAN_POINT ( 'NONE',  ( -1.006430354999998666, 0.5625000012290364282, 0.000000000000000000 ) ) ;
#5665 = CARTESIAN_POINT ( 'NONE',  ( 0.6249999993749989491, 1.059375000614518392, -1.082531753648015460 ) ) ;
#5666 = CARTESIAN_POINT ( 'NONE',  ( 1.249999998749998564, 13.09687500061451892, 0.7216878357653431220 ) ) ;
#5667 = CARTESIAN_POINT ( 'NONE',  ( 0.2087181380701038924, 0.08062896050826633132, -1.160491956594981167 ) ) ;
#5668 = CARTESIAN_POINT ( 'NONE',  ( -1.249999998749998564, 6.121875000614517504, -0.7216878357653433440 ) ) ;
#5669 = CARTESIAN_POINT ( 'NONE',  ( -1.029786510688127833E-16, 1.687500000000001554, -1.162125672759719563 ) ) ;
#5670 = CARTESIAN_POINT ( 'NONE',  ( 1.249999998749998342, 0.9656250006145166154, -0.7216878357653438991 ) ) ;
#5671 = CARTESIAN_POINT ( 'NONE',  ( -0.5253432182843930098, 2.625000000000002220, -0.8979642393405734557 ) ) ;
#5672 = CARTESIAN_POINT ( 'NONE',  ( -1.006430354999998666, 3.712500002893662998, 2.579339697058310714E-08 ) ) ;
#5673 = CARTESIAN_POINT ( 'NONE',  ( -1.006430354999998888, 8.118750000000000355, 0.2634828508014802617 ) ) ;
#5674 = CARTESIAN_POINT ( 'NONE',  ( -1.006430354999998888, 9.075000001229033941, -0.5810628363798596707 ) ) ;
#5675 = CARTESIAN_POINT ( 'NONE',  ( -0.6249999993749985050, 8.034375000614517148, 1.082531753648015904 ) ) ;
#5676 = DIRECTION ( 'NONE',  ( -1.885568995626964287E-17, 1.000000000000000000, -0.000000000000000000 ) ) ;
#5677 = ORIENTED_EDGE ( 'NONE', *, *, #331, .T. ) ;
#5678 = CARTESIAN_POINT ( 'NONE',  ( -2.472246792342754951E-16, 9.337499999999998579, -1.162125672759719563 ) ) ;
#5679 = CARTESIAN_POINT ( 'NONE',  ( 4.612318575620092751E-17, 11.61562500061451608, 1.443375671530686910 ) ) ;
#5680 = ORIENTED_EDGE ( 'NONE', *, *, #4965, .F. ) ;
#5681 = CARTESIAN_POINT ( 'NONE',  ( -1.249999998749998564, 1.603125000614517459, 0.000000000000000000 ) ) ;
#5682 = CARTESIAN_POINT ( 'NONE',  ( -0.6249999993749993932, 1.078125000614516438, -1.082531753648015460 ) ) ;
#5683 = ORIENTED_EDGE ( 'NONE', *, *, #350, .F. ) ;
#5684 = CARTESIAN_POINT ( 'NONE',  ( 0.5032151774999996663, 5.212500001229035895, 0.8715942545697895616 ) ) ;
#5685 = CARTESIAN_POINT ( 'NONE',  ( -0.6249999993749985050, 8.878125000614515372, 1.082531753648015904 ) ) ;
#5686 = CARTESIAN_POINT ( 'NONE',  ( -1.249999998749998342, 6.196875000614517681, 0.7216878357653442322 ) ) ;
#5687 = CARTESIAN_POINT ( 'NONE',  ( 1.249999998749998342, 0.06562500061451682909, -0.7216878357653438991 ) ) ;
#5688 = CARTESIAN_POINT ( 'NONE',  ( 1.249999998749998564, -1.715624999385481297, -1.530808497403381346E-16 ) ) ;
#5689 = CARTESIAN_POINT ( 'NONE',  ( -0.2634828508014803172, 9.093750000000001776, 1.006430354999998888 ) ) ;
#5690 = ORIENTED_EDGE ( 'NONE', *, *, #3891, .T. ) ;
#5691 = CARTESIAN_POINT ( 'NONE',  ( -1.249999998749999008, 10.62187500061451573, -0.7216878357653433440 ) ) ;
#5692 = CARTESIAN_POINT ( 'NONE',  ( -1.050999162120673642E-16, 1.800000001229035584, -1.162125672759719563 ) ) ;
#5693 = CARTESIAN_POINT ( 'NONE',  ( -0.6249999993749983940, 1.284375000614517814, 1.082531753648015904 ) ) ;
#5694 = DIRECTION ( 'NONE',  ( -1.885568995626964287E-17, 1.000000000000000000, -0.000000000000000000 ) ) ;
#5695 = CARTESIAN_POINT ( 'NONE',  ( -1.249999998749998342, 5.296875000614518214, 0.7216878357653442322 ) ) ;
#5696 = CARTESIAN_POINT ( 'NONE',  ( -1.284338325097767463E-16, 3.037500000000000089, -1.162125672759719563 ) ) ;
#5697 = CARTESIAN_POINT ( 'NONE',  ( 1.249999998749998564, 0.9281250006145171927, -1.530808497403381346E-16 ) ) ;
#5698 = CARTESIAN_POINT ( 'NONE',  ( -1.006430354999998888, 11.50000000000000000, 0.000000000000000000 ) ) ;
#5699 = DIRECTION ( 'NONE',  ( -1.885568995626964287E-17, 1.000000000000000000, -0.000000000000000000 ) ) ;
#5700 = CARTESIAN_POINT ( 'NONE',  ( -2.168404344971008868E-16, 11.50000000000000000, 0.000000000000000000 ) ) ;
#5701 = CARTESIAN_POINT ( 'NONE',  ( 0.5032151774999990002, 8.062500001229034652, -0.8715942545697897836 ) ) ;
#5702 = CARTESIAN_POINT ( 'NONE',  ( 0.6249999993749988381, 7.809375000614517504, -1.082531753648015460 ) ) ;
#5703 = DIRECTION ( 'NONE',  ( -1.885568995626964287E-17, 1.000000000000000000, -0.000000000000000000 ) ) ;
#5704 = CARTESIAN_POINT ( 'NONE',  ( 8.196058533466818482E-17, 6.975000001229035185, 1.162125672759719341 ) ) ;
#5705 = CARTESIAN_POINT ( 'NONE',  ( -0.5032151774999995553, 8.474999999999999645, -0.8715942545697896726 ) ) ;
#5706 = CARTESIAN_POINT ( 'NONE',  ( -2.352788793825111921E-16, 7.790625000614516793, -1.443375671530686910 ) ) ;
#5707 = ORIENTED_EDGE ( 'NONE', *, *, #4775, .F. ) ;
#5708 = CARTESIAN_POINT ( 'NONE',  ( 1.249999998749998342, 1.865625000614516305, -0.7216878357653438991 ) ) ;
#5709 = CARTESIAN_POINT ( 'NONE',  ( 1.249999998749998342, 0.06562500061451682909, -0.7216878357653438991 ) ) ;
#5710 = ORIENTED_EDGE ( 'NONE', *, *, #4476, .F. ) ;
#5711 = CARTESIAN_POINT ( 'NONE',  ( -2.168404344971008868E-16, 11.50000000000000000, 0.000000000000000000 ) ) ;
#5712 = LINE ( 'NONE', #3080, #1984 ) ;
#5713 = AXIS2_PLACEMENT_3D ( 'NONE', #473, #534, #4202 ) ;
#5714 = CARTESIAN_POINT ( 'NONE',  ( 0.6249999993749988381, 9.553125000614516082, -1.082531753648015460 ) ) ;
#5715 = EDGE_CURVE ( 'NONE', #2382, #4214, #3331, .T. ) ;
#5716 = AXIS2_PLACEMENT_3D ( 'NONE', #3735, #5114, #613 ) ;
#5717 = CARTESIAN_POINT ( 'NONE',  ( -0.6249999993749983940, 3.534375000614518036, 1.082531753648015904 ) ) ;
#5718 = CARTESIAN_POINT ( 'NONE',  ( -1.249999998749998342, -1.959374999385482319, 0.7216878357653442322 ) ) ;
#5719 = CYLINDRICAL_SURFACE ( 'NONE', #348, 1.006430354999998666 ) ;
#5720 = CARTESIAN_POINT ( 'NONE',  ( -0.6249999993749996152, 11.87812500061451715, -1.082531753648015460 ) ) ;
#5721 = CARTESIAN_POINT ( 'NONE',  ( -0.6249999993749996152, 11.03437500061451715, -1.082531753648015460 ) ) ;
#5722 = CARTESIAN_POINT ( 'NONE',  ( -9.661485573174608843E-17, 1.350000001229036517, -1.162125672759719563 ) ) ;
#5723 = CARTESIAN_POINT ( 'NONE',  ( 0.6249999993749987270, 10.95937500061451786, -1.082531753648015460 ) ) ;
#5724 = CARTESIAN_POINT ( 'NONE',  ( -1.854291490606233177E-16, 5.146875000614517859, -1.443375671530686910 ) ) ;
#5725 = CARTESIAN_POINT ( 'NONE',  ( -1.006430354999998666, 0.9000000000000014655, 0.000000000000000000 ) ) ;
#5726 = CARTESIAN_POINT ( 'NONE',  ( 0.6249999993749989491, 2.353125000614516349, -1.082531753648015460 ) ) ;
#5727 = CARTESIAN_POINT ( 'NONE',  ( 0.8979642393405735667, 2.512500000000000622, -0.5253432182843932319 ) ) ;
#5728 = CARTESIAN_POINT ( 'NONE',  ( -0.2634828508014802617, 0.8062500000000021316, -1.006430354999998888 ) ) ;
#5729 = CARTESIAN_POINT ( 'NONE',  ( -0.5032151774999987781, 9.187500001229034652, 0.8715942545697901167 ) ) ;
#5730 = CARTESIAN_POINT ( 'NONE',  ( -1.249999998749999008, 8.371875000614515727, -0.7216878357653433440 ) ) ;
#5731 = CARTESIAN_POINT ( 'NONE',  ( 1.006430355000004884, 8.475000001229034297, -0.5810628363798561180 ) ) ;
#5732 = CARTESIAN_POINT ( 'NONE',  ( -1.006430354999998222, 6.900000001229035895, 0.5810628363798603369 ) ) ;
#5733 = CARTESIAN_POINT ( 'NONE',  ( -0.5032151774999995553, 9.375000000000001776, -0.8715942545697896726 ) ) ;
#5734 = CARTESIAN_POINT ( 'NONE',  ( 1.249999998749998342, 8.578125000614518214, -1.530808497403381346E-16 ) ) ;
#5735 = VERTEX_POINT ( 'NONE', #5576 ) ;
#5736 = CARTESIAN_POINT ( 'NONE',  ( 0.6249999993749989491, 3.253125000614516260, -1.082531753648015460 ) ) ;
#5737 = CARTESIAN_POINT ( 'NONE',  ( 2.327945163232703944E-16, 1.715625000614517282, 1.443375671530686910 ) ) ;
#5738 = ORIENTED_EDGE ( 'NONE', *, *, #2293, .T. ) ;
#5739 = DIRECTION ( 'NONE',  ( -1.000000000000000000, 0.000000000000000000, 0.000000000000000000 ) ) ;
#5740 = ORIENTED_EDGE ( 'NONE', *, *, #738, .T. ) ;
#5741 = CARTESIAN_POINT ( 'NONE',  ( 1.837813110985242711E-16, 1.575000001229035718, 1.162125672759719341 ) ) ;
#5742 = CARTESIAN_POINT ( 'NONE',  ( -2.692191213037965419E-16, 9.590625000614517504, -1.443375671530686910 ) ) ;
#5743 = AXIS2_PLACEMENT_3D ( 'NONE', #5700, #4804, #2520 ) ;
#5744 = ORIENTED_EDGE ( 'NONE', *, *, #4400, .T. ) ;
#5745 =( BOUNDED_CURVE ( )  B_SPLINE_CURVE ( 2, ( #4286, #2512, #1552, #4374, #1979, #4736, #1614, #5209, #4315, #260, #3448, #3834, #3929, #3387, #5721, #199, #2426, #2934, #648, #2996, #5270, #4257, #619, #2545, #5662, #5691, #1069, #5636, #1101, #2453, #140, #1164, #2482, #4762, #2039, #1584, #4347, #5302, #713, #1521, #3805, #4825, #170, #2100, #4796, #5750, #2964, #1134, #2008, #3867, #3418, #229, #1647, #3899, #3478, #591, #1196, #5241, #4707, #681, #3356, #2068, #5180, #2906, #743, #3510, #4857, #5333, #3962, #5783, #1680, #2578, #2130, #3028, #4406, #290, #5647, #1992, #3368, #2495, #3910, #3818, #4240, #2522, #4806, #5730, #2977, #4356, #2019, #1625, #5251, #5192, #662, #1082, #5675, #3340, #1505, #3879, #3847, #124, #5702, #693, #1146, #1533, #5164, #240, #2078, #2945, #4777, #4329, #2465, #211, #3459, #5283, #2918, #4746, #2438, #1175, #3007, #5618, #2890, #1052, #1566, #4835, #2052, #630, #4299, #1594, #2408, #1964, #4718, #4270, #3790, #181, #3399, #604, #151, #5221, #1114, #3429, #1749, #723, #5371, #2226, #4929, #5878, #1690, #4384, #2588, #4509, #3520, #1717, #3039, #1660, #5794, #4416, #2110, #5403, #2618, #5343, #1294, #3550, #4478, #1322, #2675, #3488, #3940, #5762, #2171, #2557, #1237, #5312, #3070, #363, #4001, #4897, #4025, #4957, #783, #303, #753, #270, #390, #2142, #3580, #2645, #1206, #3154, #1265, #4447, #3972, #334, #3098, #810, #5852, #1777, #2198, #4867, #5823, #3125, #839, #4053, #3607, #5430, #5516, #3184, #4081, #1830, #442, #866, #5097, #1438, #532, #5550, #985, #4591, #2370, #1890, #5929, #3242, #3659, #2792, #5905, #471, #3688, #4136, #5038, #2337, #3272, #3718, #2278, #1805, #2821, #4650, #1407, #5066, #956, #923, #4622, #4200, #84, #4107, #5488, #5012, #502, #2252, #1924, #3747, #4168, #5578, #2759, #1467, #4986, #2308, #2702, #53, #4536, #417, #3633, #5459, #1350, #894, #2728, #4562, #22, #1378, #3211, #1860, #3504, #5327, #4430, #3358, #317, #5125, #5693, #5154, #3869, #3389, #1221, #1555, #5665, #1524, #651, #1674, #5182, #1042, #3327, #3055, #2879, #4881, #1954, #1072, #5211, #4709, #2908, #2399, #201, #5607, #767, #3780, #5809, #2601, #1104, #1012, #1495, #4259, #4682, #2156, #172, #594, #2428 ),
 .UNSPECIFIED., .F., .T. ) 
 B_SPLINE_CURVE_WITH_KNOTS ( ( 3, 2, 2, 2, 2, 2, 2, 2, 2, 2, 2, 2, 2, 2, 2, 2, 2, 2, 2, 2, 2, 2, 2, 2, 2, 2, 2, 2, 2, 2, 2, 2, 2, 2, 2, 2, 2, 2, 2, 2, 2, 2, 2, 2, 2, 2, 2, 2, 2, 2, 2, 2, 2, 2, 2, 2, 2, 2, 2, 2, 2, 2, 2, 2, 2, 2, 2, 2, 2, 2, 2, 2, 2, 2, 2, 2, 2, 2, 2, 2, 2, 2, 2, 2, 2, 2, 2, 2, 2, 2, 2, 2, 2, 2, 2, 2, 2, 2, 2, 2, 2, 2, 2, 2, 2, 2, 2, 2, 2, 2, 2, 2, 2, 2, 2, 2, 2, 2, 2, 2, 2, 2, 2, 2, 2, 2, 2, 2, 2, 2, 2, 2, 2, 2, 2, 2, 2, 2, 2, 2, 2, 2, 2, 2, 2, 2, 2, 2, 2, 2, 2, 2, 2, 2, 2, 3 ),
 ( 0.1198962926808709722, 0.1209697591857892968, 0.1258085495532208775, 0.1306473399206524444, 0.1354861302880840113, 0.1403249206555156059, 0.1451637110229471450, 0.1500025013903787396, 0.1548412917578103343, 0.1596800821252418734, 0.1645188724926734680, 0.1693576628601050071, 0.1741964532275366018, 0.1790352435949681964, 0.1838740339623997355, 0.1887128243298313302, 0.1935516146972628693, 0.1983904050646944639, 0.2032291954321260308, 0.2080679857995575976, 0.2129067761669891645, 0.2177455665344207314, 0.2225843569018522983, 0.2274231472692838929, 0.2322619376367154598, 0.2371007280041470544, 0.2419395183715786213, 0.2467783087390101882, 0.2516170991064417550, 0.2564558894738733219, 0.2612946798413048333, 0.2661334702087364557, 0.2709722605761680225, 0.2758110509435995894, 0.2806498413110312118, 0.2854886316784627232, 0.2903274220458942900, 0.2951662124133259124, 0.3000050027807574793, 0.3048437931481890462, 0.3096825835156206130, 0.3145213738830521799, 0.3193601642504837468, 0.3241989546179153137, 0.3290377449853469360, 0.3338765353527784474, 0.3387153257202100143, 0.3435541160876416367, 0.3483929064550732035, 0.3532316968225047149, 0.3580704871899363373, 0.3629092775573679042, 0.3677480679247994710, 0.3725868582922310379, 0.3774256486596626048, 0.3822644390270941717, 0.3871032293945257385, 0.3919420197619573609, 0.3967808101293889278, 0.4016196004968204947, 0.4064583908642520615, 0.4112971812316836284, 0.4161359715991151953, 0.4209747619665468177, 0.4258135523339783846, 0.4306523427014098959, 0.4354911330688414628, 0.4403299234362730852, 0.4451687138037046521, 0.4500075041711361634, 0.4548462945385677858, 0.4596850849059993527, 0.4645238752734309196, 0.4693626656408625419, 0.4742014560082940533, 0.4790402463757256757, 0.4838790367431571871, 0.4887178271105888094, 0.4935566174780203763, 0.4983954078454518877, 0.5032341982128835101, 0.5080729885803150214, 0.5129117789477466438, 0.5177505693151781552, 0.5225893596826097776, 0.5274281500500413999, 0.5322669404174729113, 0.5371057307849044227, 0.5419445211523360451, 0.5467833115197675564, 0.5516221018871991788, 0.5564608922546308012, 0.5612996826220624236, 0.5661384729894939349, 0.5709772633569255573, 0.5758160537243570687, 0.5806548440917885801, 0.5854936344592202024, 0.5903324248266518248, 0.5951712151940833362, 0.6000100055615149586, 0.6048487959289464699, 0.6096875862963779813, 0.6145263766638096037, 0.6193651670312412261, 0.6242039573986728485, 0.6290427477661043598, 0.6338815381335359822, 0.6387203285009674936, 0.6435591188683991160, 0.6483979092358306273, 0.6532366996032622497, 0.6580754899706937611, 0.6629142803381253835, 0.6677530707055568948, 0.6725918610729885172, 0.6774306514404200286, 0.6822694418078515399, 0.6871082321752832733, 0.6919470225427148957, 0.6967858129101464071, 0.7016246032775779184, 0.7064633936450095408, 0.7113021840124410522, 0.7161409743798726746, 0.7209797647473042970, 0.7258185551147358083, 0.7306573454821673197, 0.7354961358495989421, 0.7403349262170304534, 0.7451737165844620758, 0.7500125069518936982, 0.7548512973193253206, 0.7596900876867568320, 0.7645288780541884543, 0.7693676684216199657, 0.7742064587890514771, 0.7790452491564830995, 0.7838840395239147218, 0.7887228298913462332, 0.7935616202587778556, 0.7984004106262093670, 0.8032392009936408783, 0.8080779913610723897, 0.8129167817285041231, 0.8177555720959357455, 0.8225943624633672568, 0.8274331528307988792, 0.8322719431982303906, 0.8371107335656619020, 0.8419495239330935243, 0.8467883143005250357, 0.8516271046679567691, 0.8564658950353882805, 0.8613046854028197918, 0.8619669863221107731 ),
 .UNSPECIFIED. ) 
 CURVE ( )  GEOMETRIC_REPRESENTATION_ITEM ( )  RATIONAL_B_SPLINE_CURVE ( ( 0.9537438298295621841, 0.9702782657179461756, 1.000000000000000000, 0.8660254037844387076, 1.000000000000000000, 0.8660254037844387076, 1.000000000000000000, 0.8660254037844387076, 1.000000000000000000, 0.8660254037844387076, 1.000000000000000000, 0.8660254037844387076, 1.000000000000000000, 0.8660254037844387076, 1.000000000000000000, 0.8660254037844387076, 1.000000000000000000, 0.8660254037844387076, 1.000000000000000000, 0.8660254037844387076, 1.000000000000000000, 0.8660254037844387076, 1.000000000000000000, 0.8660254037844387076, 1.000000000000000000, 0.8660254037844387076, 1.000000000000000000, 0.8660254037844387076, 1.000000000000000000, 0.8660254037844387076, 1.000000000000000000, 0.8660254037844387076, 1.000000000000000000, 0.8660254037844387076, 1.000000000000000000, 0.8660254037844387076, 1.000000000000000000, 0.8660254037844387076, 1.000000000000000000, 0.8660254037844387076, 1.000000000000000000, 0.8660254037844387076, 1.000000000000000000, 0.8660254037844387076, 1.000000000000000000, 0.8660254037844387076, 1.000000000000000000, 0.8660254037844387076, 1.000000000000000000, 0.8660254037844387076, 1.000000000000000000, 0.8660254037844387076, 1.000000000000000000, 0.8660254037844387076, 1.000000000000000000, 0.8660254037844387076, 1.000000000000000000, 0.8660254037844387076, 1.000000000000000000, 0.8660254037844387076, 1.000000000000000000, 0.8660254037844387076, 1.000000000000000000, 0.8660254037844387076, 1.000000000000000000, 0.8660254037844387076, 1.000000000000000000, 0.8660254037844387076, 1.000000000000000000, 0.8660254037844387076, 1.000000000000000000, 0.8660254037844387076, 1.000000000000000000, 0.8660254037844387076, 1.000000000000000000, 0.8660254037844387076, 1.000000000000000000, 0.8660254037844387076, 1.000000000000000000, 0.8660254037844387076, 1.000000000000000000, 0.8660254037844387076, 1.000000000000000000, 0.8660254037844387076, 1.000000000000000000, 0.8660254037844387076, 1.000000000000000000, 0.8660254037844387076, 1.000000000000000000, 0.8660254037844387076, 1.000000000000000000, 0.8660254037844387076, 1.000000000000000000, 0.8660254037844387076, 1.000000000000000000, 0.8660254037844387076, 1.000000000000000000, 0.8660254037844387076, 1.000000000000000000, 0.8660254037844387076, 1.000000000000000000, 0.8660254037844387076, 1.000000000000000000, 0.8660254037844387076, 1.000000000000000000, 0.8660254037844387076, 1.000000000000000000, 0.8660254037844387076, 1.000000000000000000, 0.8660254037844387076, 1.000000000000000000, 0.8660254037844387076, 1.000000000000000000, 0.8660254037844387076, 1.000000000000000000, 0.8660254037844387076, 1.000000000000000000, 0.8660254037844387076, 1.000000000000000000, 0.8660254037844387076, 1.000000000000000000, 0.8660254037844387076, 1.000000000000000000, 0.8660254037844387076, 1.000000000000000000, 0.8660254037844387076, 1.000000000000000000, 0.8660254037844387076, 1.000000000000000000, 0.8660254037844387076, 1.000000000000000000, 0.8660254037844387076, 1.000000000000000000, 0.8660254037844387076, 1.000000000000000000, 0.8660254037844387076, 1.000000000000000000, 0.8660254037844387076, 1.000000000000000000, 0.8660254037844387076, 1.000000000000000000, 0.8660254037844387076, 1.000000000000000000, 0.8660254037844387076, 1.000000000000000000, 0.8660254037844387076, 1.000000000000000000, 0.8660254037844387076, 1.000000000000000000, 0.8660254037844387076, 1.000000000000000000, 0.8660254037844387076, 1.000000000000000000, 0.8660254037844387076, 1.000000000000000000, 0.8660254037844387076, 1.000000000000000000, 0.8660254037844387076, 1.000000000000000000, 0.8660254037844387076, 1.000000000000000000, 0.8660254037844387076, 1.000000000000000000, 0.8660254037844387076, 1.000000000000000000, 0.8660254037844387076, 1.000000000000000000, 0.8660254037844387076, 1.000000000000000000, 0.8660254037844387076, 1.000000000000000000, 0.8660254037844387076, 1.000000000000000000, 0.8660254037844387076, 1.000000000000000000, 0.8660254037844387076, 1.000000000000000000, 0.8660254037844387076, 1.000000000000000000, 0.8660254037844387076, 1.000000000000000000, 0.8660254037844387076, 1.000000000000000000, 0.8660254037844387076, 1.000000000000000000, 0.8660254037844387076, 1.000000000000000000, 0.8660254037844387076, 1.000000000000000000, 0.8660254037844387076, 1.000000000000000000, 0.8660254037844387076, 1.000000000000000000, 0.8660254037844387076, 1.000000000000000000, 0.8660254037844387076, 1.000000000000000000, 0.8660254037844387076, 1.000000000000000000, 0.8660254037844387076, 1.000000000000000000, 0.8660254037844387076, 1.000000000000000000, 0.8660254037844387076, 1.000000000000000000, 0.8660254037844387076, 1.000000000000000000, 0.8660254037844387076, 1.000000000000000000, 0.8660254037844387076, 1.000000000000000000, 0.8660254037844387076, 1.000000000000000000, 0.8660254037844387076, 1.000000000000000000, 0.8660254037844387076, 1.000000000000000000, 0.8660254037844387076, 1.000000000000000000, 0.8660254037844387076, 1.000000000000000000, 0.8660254037844387076, 1.000000000000000000, 0.8660254037844387076, 1.000000000000000000, 0.8660254037844387076, 1.000000000000000000, 0.8660254037844387076, 1.000000000000000000, 0.8660254037844387076, 1.000000000000000000, 0.8660254037844387076, 1.000000000000000000, 0.8660254037844387076, 1.000000000000000000, 0.8660254037844387076, 1.000000000000000000, 0.8660254037844387076, 1.000000000000000000, 0.8660254037844387076, 1.000000000000000000, 0.8660254037844387076, 1.000000000000000000, 0.8660254037844387076, 1.000000000000000000, 0.8660254037844387076, 1.000000000000000000, 0.8660254037844387076, 1.000000000000000000, 0.8660254037844387076, 1.000000000000000000, 0.8660254037844387076, 1.000000000000000000, 0.8660254037844387076, 1.000000000000000000, 0.8660254037844387076, 1.000000000000000000, 0.8660254037844387076, 1.000000000000000000, 0.8660254037844387076, 1.000000000000000000, 0.8660254037844387076, 1.000000000000000000, 0.8660254037844387076, 1.000000000000000000, 0.8660254037844387076, 1.000000000000000000, 0.8660254037844387076, 1.000000000000000000, 0.8660254037844387076, 1.000000000000000000, 0.8660254037844387076, 1.000000000000000000, 0.8660254037844387076, 1.000000000000000000, 0.8660254037844387076, 1.000000000000000000, 0.8660254037844387076, 1.000000000000000000, 0.8660254037844387076, 1.000000000000000000, 0.8660254037844387076, 1.000000000000000000, 0.8660254037844387076, 1.000000000000000000, 0.8660254037844387076, 1.000000000000000000, 0.8660254037844387076, 1.000000000000000000, 0.8660254037844387076, 1.000000000000000000, 0.8660254037844387076, 1.000000000000000000, 0.8660254037844387076, 1.000000000000000000, 0.8660254037844387076, 1.000000000000000000, 0.8660254037844387076, 1.000000000000000000, 0.8660254037844387076, 1.000000000000000000, 0.8660254037844387076, 1.000000000000000000, 0.8660254037844387076, 1.000000000000000000, 0.8660254037844387076, 1.000000000000000000, 0.8660254037844387076, 1.000000000000000000, 0.9816624628269853270, 0.9683447619374203619 ) ) 
 REPRESENTATION_ITEM ( '' )  );
#5746 = CARTESIAN_POINT ( 'NONE',  ( -1.249999998749998342, 4.396875000614516971, 0.7216878357653442322 ) ) ;
#5747 = CARTESIAN_POINT ( 'NONE',  ( -1.249999998749998564, 0.2531250006145169817, 0.000000000000000000 ) ) ;
#5748 = CARTESIAN_POINT ( 'NONE',  ( 1.006430354999998444, 11.50000000000000000, 1.232521712815482580E-16 ) ) ;
#5749 = CARTESIAN_POINT ( 'NONE',  ( -1.249999998749999008, 11.91562500061451679, -0.7216878357653433440 ) ) ;
#5750 = CARTESIAN_POINT ( 'NONE',  ( 7.900279511744612088E-17, 9.871875000614517504, 1.443375671530686910 ) ) ;
#5751 = CARTESIAN_POINT ( 'NONE',  ( -1.006430354999998000, 1.050000001229036473, 0.5810628363798603369 ) ) ;
#5752 = PRESENTATION_LAYER_ASSIGNMENT (  '', '', ( #2029 ) ) ;
#5753 = CARTESIAN_POINT ( 'NONE',  ( 1.249999998749998342, 9.534375000614517148, -1.530808497403381346E-16 ) ) ;
#5754 = CARTESIAN_POINT ( 'NONE',  ( -1.249999998749998342, 3.946875000614517681, 0.7216878357653442322 ) ) ;
#5755 = CARTESIAN_POINT ( 'NONE',  ( 0.5032151774999997773, 0.1500000000000008271, 0.8715942545697895616 ) ) ;
#5756 = CARTESIAN_POINT ( 'NONE',  ( 1.249999998749998342, 2.315625000614517148, -0.7216878357653438991 ) ) ;
#5757 = LINE ( 'NONE', #626, #5444 ) ;
#5758 = DIRECTION ( 'NONE',  ( -1.885568995626964287E-17, 1.000000000000000000, -0.000000000000000000 ) ) ;
#5759 = CARTESIAN_POINT ( 'NONE',  ( 1.006430354999998444, 6.675000001229036251, -0.5810628363798601148 ) ) ;
#5760 = EDGE_CURVE ( 'NONE', #4795, #2125, #3162, .T. ) ;
#5761 = CARTESIAN_POINT ( 'NONE',  ( -2.493459443775301131E-16, 9.450000001229033941, -1.162125672759719563 ) ) ;
#5762 = CARTESIAN_POINT ( 'NONE',  ( -1.249999998749998342, 5.296875000614517326, 0.7216878357653442322 ) ) ;
#5763 = CARTESIAN_POINT ( 'NONE',  ( -1.005785442574099433E-16, 0.6468750006145187470, -1.443375671530686910 ) ) ;
#5764 = CARTESIAN_POINT ( 'NONE',  ( -1.006430354999998888, 11.50000000000000000, 0.000000000000000000 ) ) ;
#5765 = CARTESIAN_POINT ( 'NONE',  ( 1.006430354999998888, 7.050000001229036251, 0.5810628363798593377 ) ) ;
#5766 = CARTESIAN_POINT ( 'NONE',  ( -0.5032151774999995553, 6.225000000000000533, -0.8715942545697896726 ) ) ;
#5767 = CARTESIAN_POINT ( 'NONE',  ( 0.6249999993749988381, 10.00312500061451715, -1.082531753648015460 ) ) ;
#5768 = ORIENTED_EDGE ( 'NONE', *, *, #4297, .T. ) ;
#5769 = CARTESIAN_POINT ( 'NONE',  ( -1.249999998749998342, 1.190625000614517592, 0.7216878357653442322 ) ) ;
#5770 = CARTESIAN_POINT ( 'NONE',  ( 1.249999998749998342, 1.415625000614517459, -0.7216878357653438991 ) ) ;
#5771 = VERTEX_POINT ( 'NONE', #5123 ) ;
#5772 = AXIS2_PLACEMENT_3D ( 'NONE', #4394, #1636, #3018 ) ;
#5773 = CARTESIAN_POINT ( 'NONE',  ( 0.5253432182843932319, 2.399999999999999911, 0.8979642393405733447 ) ) ;
#5774 = VERTEX_POINT ( 'NONE', #1858 ) ;
#5775 = LINE ( 'NONE', #5232, #2085 ) ;
#5776 = CARTESIAN_POINT ( 'NONE',  ( 1.249999998749998342, 8.578125000614518214, -1.530808497403381346E-16 ) ) ;
#5777 = ORIENTED_EDGE ( 'NONE', *, *, #2529, .T. ) ;
#5778 = CARTESIAN_POINT ( 'NONE',  ( 0.8979642393405736778, 7.462500000000001243, -0.5253432182843932319 ) ) ;
#5779 = CARTESIAN_POINT ( 'NONE',  ( -0.6249999993749993932, 4.284375000614517148, -1.082531753648015460 ) ) ;
#5780 = CARTESIAN_POINT ( 'NONE',  ( 2.911293071254795939E-16, -1.378124999385482274, 1.443375671530686910 ) ) ;
#5781 = CARTESIAN_POINT ( 'NONE',  ( 1.006430354999998222, 9.656250000000001776, 0.2634828508014803172 ) ) ;
#5782 = CARTESIAN_POINT ( 'NONE',  ( -1.249999998749998342, 9.290625000614515017, 0.7216878357653442322 ) ) ;
#5783 = CARTESIAN_POINT ( 'NONE',  ( 9.597291607808880809E-17, 8.971875000614515372, 1.443375671530686910 ) ) ;
#5784 = CARTESIAN_POINT ( 'NONE',  ( -5.418955333013933960E-17, -0.8999999987709638161, -1.162125672759719563 ) ) ;
#5785 = CARTESIAN_POINT ( 'NONE',  ( 1.249999998749998564, 11.29687500061451644, 0.7216878357653431220 ) ) ;
#5786 = CARTESIAN_POINT ( 'NONE',  ( -1.249999998749998564, 4.359375000614517326, 0.000000000000000000 ) ) ;
#5787 = CARTESIAN_POINT ( 'NONE',  ( -1.006430354999998000, -0.8624999999999987121, 0.5810628363798603369 ) ) ;
#5788 = CARTESIAN_POINT ( 'NONE',  ( 1.249999998749998342, 1.865625000614516527, -0.7216878357653438991 ) ) ;
#5789 = CARTESIAN_POINT ( 'NONE',  ( -0.3453526923027488427, 11.47968873174261617, -1.185827647308513644 ) ) ;
#5790 = EDGE_CURVE ( 'NONE', #5035, #4751, #3374, .T. ) ;
#5791 = CARTESIAN_POINT ( 'NONE',  ( -1.006430354999998666, 7.650000000017862511, 2.767474199845514563E-10 ) ) ;
#5792 = LINE ( 'NONE', #1775, #2779 ) ;
#5793 = CARTESIAN_POINT ( 'NONE',  ( 1.006430354999998666, 8.850000001229034297, 0.5810628363798594487 ) ) ;
#5794 = CARTESIAN_POINT ( 'NONE',  ( -0.6249999993749985050, 5.784375000614517148, 1.082531753648015904 ) ) ;
#5795 = CARTESIAN_POINT ( 'NONE',  ( -0.6249999993749993932, 0.6843750006145180587, -1.082531753648015460 ) ) ;
#5796 = CARTESIAN_POINT ( 'NONE',  ( -0.5253432182843932319, 4.424999999999998934, -0.8979642393405733447 ) ) ;
#5797 = EDGE_CURVE ( 'NONE', #3044, #2382, #338, .T. ) ;
#5798 = CARTESIAN_POINT ( 'NONE',  ( 1.498410691772388967E-16, 3.375000001229035540, 1.162125672759719341 ) ) ;
#5799 = CARTESIAN_POINT ( 'NONE',  ( 0.5032151774999990002, 7.050000000000000711, -0.8715942545697897836 ) ) ;
#5800 = CARTESIAN_POINT ( 'NONE',  ( -1.249999998749998786, 8.353125000614516793, 0.000000000000000000 ) ) ;
#5801 = EDGE_CURVE ( 'NONE', #3857, #3669, #1436, .T. ) ;
#5802 = CARTESIAN_POINT ( 'NONE',  ( 1.249999998749998564, 0.9281250006145171927, -1.530808497403381346E-16 ) ) ;
#5803 = CARTESIAN_POINT ( 'NONE',  ( -0.6249999993749993932, -0.2718749993854824298, -1.082531753648015460 ) ) ;
#5804 = DIRECTION ( 'NONE',  ( -1.885568995626964287E-17, 1.000000000000000000, -0.000000000000000000 ) ) ;
#5805 = ORIENTED_EDGE ( 'NONE', *, *, #3639, .F. ) ;
#5806 = CARTESIAN_POINT ( 'NONE',  ( -0.5032151774999987781, 5.137500001229035718, 0.8715942545697901167 ) ) ;
#5807 = CARTESIAN_POINT ( 'NONE',  ( -1.249999998749999008, 10.11562500061451608, -0.7216878357653433440 ) ) ;
#5808 = VERTEX_POINT ( 'NONE', #1376 ) ;
#5809 = CARTESIAN_POINT ( 'NONE',  ( -1.249999998749998564, 0.3093750006145177256, 0.000000000000000000 ) ) ;
#5810 = CARTESIAN_POINT ( 'NONE',  ( 0.5032151774999996663, 8.812500001229034652, 0.8715942545697895616 ) ) ;
#5811 = CARTESIAN_POINT ( 'NONE',  ( 2.232488232829088944E-16, 2.221875000614516704, 1.443375671530686910 ) ) ;
#5812 = CARTESIAN_POINT ( 'NONE',  ( 0.6249999993749999483, -1.790624999385481697, 1.082531753648015238 ) ) ;
#5813 = CARTESIAN_POINT ( 'NONE',  ( 0.6249999993749987270, 10.90312500061451750, -1.082531753648015460 ) ) ;
#5814 = CARTESIAN_POINT ( 'NONE',  ( 2.346916739804522218E-16, -1.124999998770963128, 1.162125672759719563 ) ) ;
#5815 = CARTESIAN_POINT ( 'NONE',  ( -1.249999998749998786, 10.20937500061451608, 0.000000000000000000 ) ) ;
#5816 = CARTESIAN_POINT ( 'NONE',  ( -0.6249999993749993932, 3.834375000614518303, -1.082531753648015460 ) ) ;
#5817 = CARTESIAN_POINT ( 'NONE',  ( 1.006430354999998666, -0.6749999999999984901, -1.232521712815482580E-16 ) ) ;
#5818 = CARTESIAN_POINT ( 'NONE',  ( -1.006430354999998666, 4.162500000707190395, -8.085996822096392373E-09 ) ) ;
#5819 = CARTESIAN_POINT ( 'NONE',  ( -1.006430354999998666, 4.499999999478868418, -8.074933260716615098E-09 ) ) ;
#5820 =( BOUNDED_CURVE ( )  B_SPLINE_CURVE ( 2, ( #4150, #36, #2201, #4418, #1352, #1239, #4449 ),
 .UNSPECIFIED., .F., .F. ) 
 B_SPLINE_CURVE_WITH_KNOTS ( ( 3, 2, 2, 3 ),
 ( 0.2032291830127715138, 0.2080679731993045900, 0.2129067632737070281, 0.2177455533481094385 ),
 .UNSPECIFIED. ) 
 CURVE ( )  GEOMETRIC_REPRESENTATION_ITEM ( )  RATIONAL_B_SPLINE_CURVE ( ( 1.000000000000000000, 0.8660254037844387076, 1.000000000000000000, 0.8660254037844387076, 1.000000000000000000, 0.8660254037844387076, 1.000000000000000000 ) ) 
 REPRESENTATION_ITEM ( '' )  );
#5821 = CARTESIAN_POINT ( 'NONE',  ( 1.006430354999998444, 11.50000000000000000, 1.232521712815482580E-16 ) ) ;
#5822 = CARTESIAN_POINT ( 'NONE',  ( 1.074157667756321971E-16, 5.625000001229036428, 1.162125672759719563 ) ) ;
#5823 = CARTESIAN_POINT ( 'NONE',  ( 1.249999998749998564, 4.134375000614517681, -1.530808497403381346E-16 ) ) ;
#5824 = CARTESIAN_POINT ( 'NONE',  ( -1.249999998749998342, 1.246875000614518392, 0.7216878357653442322 ) ) ;
#5825 = FACE_OUTER_BOUND ( 'NONE', #1159, .T. ) ;
#5826 = CARTESIAN_POINT ( 'NONE',  ( 1.006430354999998888, 3.450000001229035718, 0.5810628363798593377 ) ) ;
#5827 = CARTESIAN_POINT ( 'NONE',  ( 1.006430354999998444, 5.662500000000000533, -0.5810628363798602258 ) ) ;
#5828 = CARTESIAN_POINT ( 'NONE',  ( 0.6249999993749997262, 6.703125000614517326, 1.082531753648015238 ) ) ;
#5829 = CARTESIAN_POINT ( 'NONE',  ( -9.103285121704838165E-17, 0.1406250006145172426, -1.443375671530686910 ) ) ;
#5830 = CARTESIAN_POINT ( 'NONE',  ( -1.006430354999998444, 12.75000000122903643, 0.5810628363798603369 ) ) ;
#5831 = EDGE_CURVE ( 'NONE', #4546, #1599, #5064, .T. ) ;
#5832 = CARTESIAN_POINT ( 'NONE',  ( -0.2634828508014800952, 5.043749999999999289, 1.006430354999998444 ) ) ;
#5833 = EDGE_LOOP ( 'NONE', ( #1568, #5197, #4727, #3017 ) ) ;
#5834 = CYLINDRICAL_SURFACE ( 'NONE', #1328, 1.006430354999998666 ) ;
#5835 = CARTESIAN_POINT ( 'NONE',  ( 1.249999998749999008, 5.840625000614517504, 0.7216878357653431220 ) ) ;
#5836 = CARTESIAN_POINT ( 'NONE',  ( -1.249999998749998564, 6.065625000614516260, -0.7216878357653433440 ) ) ;
#5837 = VERTEX_POINT ( 'NONE', #954 ) ;
#5838 = EDGE_CURVE ( 'NONE', #1971, #5194, #1726, .T. ) ;
#5839 = CARTESIAN_POINT ( 'NONE',  ( 0.5253432182843930098, 10.50000000000000000, 0.8979642393405734557 ) ) ;
#5840 = CARTESIAN_POINT ( 'NONE',  ( 2.147637628025875446E-16, 2.671875000614517770, 1.443375671530686910 ) ) ;
#5841 = CARTESIAN_POINT ( 'NONE',  ( -0.6249999993749986160, 12.92812500061451608, 1.082531753648015904 ) ) ;
#5842 = CARTESIAN_POINT ( 'NONE',  ( -1.249999998749999008, 10.56562500061451360, -0.7216878357653433440 ) ) ;
#5843 = CARTESIAN_POINT ( 'NONE',  ( -1.006430354999998666, -1.687499998770963794, 0.000000000000000000 ) ) ;
#5844 = STYLED_ITEM ( 'NONE', ( #1735 ), #1430 ) ;
#5845 = CARTESIAN_POINT ( 'NONE',  ( -0.6249999993749985050, 9.834375000614517859, 1.082531753648015904 ) ) ;
#5846 = CARTESIAN_POINT ( 'NONE',  ( 1.249999998749999008, 3.646875000614517859, 0.7216878357653431220 ) ) ;
#5847 = CARTESIAN_POINT ( 'NONE',  ( -1.006430354999998666, -0.03749999999999933942, -0.5810628363798596707 ) ) ;
#5848 = CARTESIAN_POINT ( 'NONE',  ( -4.592673708878604955E-18, 0.2435696449999968927, 0.000000000000000000 ) ) ;
#5849 = CARTESIAN_POINT ( 'NONE',  ( 1.006430354999998444, 9.787500001229036073, 0.000000000000000000 ) ) ;
#5850 = FACE_OUTER_BOUND ( 'NONE', #50, .T. ) ;
#5851 = CARTESIAN_POINT ( 'NONE',  ( -1.006430354999998000, 6.900000001229035895, 0.5810628363798603369 ) ) ;
#5852 = CARTESIAN_POINT ( 'NONE',  ( -0.6249999993749993932, 4.284375000614517148, -1.082531753648015460 ) ) ;
#5853 = CARTESIAN_POINT ( 'NONE',  ( 2.402189442435515939E-16, 1.321875000614517237, 1.443375671530686910 ) ) ;
#5854 = CARTESIAN_POINT ( 'NONE',  ( 0.2634828508014800397, 7.068749999999998757, -1.006430354999998666 ) ) ;
#5855 = CARTESIAN_POINT ( 'NONE',  ( 0.6249999993749997262, 10.35937500061451821, 1.082531753648015238 ) ) ;
#5856 =( BOUNDED_CURVE ( )  B_SPLINE_CURVE ( 2, ( #490, #11, #2324, #4156, #3200, #4578, #2295 ),
 .UNSPECIFIED., .F., .T. ) 
 B_SPLINE_CURVE_WITH_KNOTS ( ( 3, 2, 2, 3 ),
 ( 0.6532366600443284543, 0.6580754501187308092, 0.6629142401931332751, 0.6677530304531282823 ),
 .UNSPECIFIED. ) 
 CURVE ( )  GEOMETRIC_REPRESENTATION_ITEM ( )  RATIONAL_B_SPLINE_CURVE ( ( 1.000000000000003109, 0.8660254037844355990, 1.000000000000000000, 0.8660254037844387076, 1.000000000000000000, 0.8660254037844387076, 1.000000000000000000 ) ) 
 REPRESENTATION_ITEM ( '' )  );
#5857 = CARTESIAN_POINT ( 'NONE',  ( 1.006430354999998444, 7.012500000000000178, -0.5810628363798602258 ) ) ;
#5858 = CARTESIAN_POINT ( 'NONE',  ( 1.249999998749998564, 5.878125000614517148, -1.530808497403381346E-16 ) ) ;
#5859 = LINE ( 'NONE', #5409, #5084 ) ;
#5860 = CARTESIAN_POINT ( 'NONE',  ( 0.5032151774999995553, 12.86250000122903536, 0.8715942545697895616 ) ) ;
#5861 = CARTESIAN_POINT ( 'NONE',  ( 1.006430354999998000, 6.956250000000000711, 0.2634828508014803172 ) ) ;
#5862 = VERTEX_POINT ( 'NONE', #1040 ) ;
#5863 = LINE ( 'NONE', #1730, #4680 ) ;
#5864 = CARTESIAN_POINT ( 'NONE',  ( -2.352788793825111921E-16, 7.790625000614516793, -1.443375671530686910 ) ) ;
#5865 = CARTESIAN_POINT ( 'NONE',  ( -1.843685165005831428E-16, 5.090625000614516615, -1.443375671530686910 ) ) ;
#5866 = ORIENTED_EDGE ( 'NONE', *, *, #1764, .T. ) ;
#5867 = CARTESIAN_POINT ( 'NONE',  ( -1.006430354999998444, 11.23124999999999929, -0.2634828508014804282 ) ) ;
#5868 = CARTESIAN_POINT ( 'NONE',  ( 1.249999998749998342, 10.41562500061451679, -0.7216878357653438991 ) ) ;
#5869 = CARTESIAN_POINT ( 'NONE',  ( -1.006430354999998666, -1.237499998770964726, 0.000000000000000000 ) ) ;
#5870 = CARTESIAN_POINT ( 'NONE',  ( 1.249999998749998564, 8.596875000614518925, 0.7216878357653431220 ) ) ;
#5871 = CARTESIAN_POINT ( 'NONE',  ( 1.249999998749999008, 1.846875000614518481, 0.7216878357653431220 ) ) ;
#5872 = CARTESIAN_POINT ( 'NONE',  ( 1.006430354999998888, -1.162499999999998535, 0.5810628363798594487 ) ) ;
#5873 = CARTESIAN_POINT ( 'NONE',  ( 1.006430354999998444, 7.537500001229035185, 0.000000000000000000 ) ) ;
#5874 = CARTESIAN_POINT ( 'NONE',  ( -0.5032151774999987781, 5.587500001229035895, 0.8715942545697901167 ) ) ;
#5875 = EDGE_LOOP ( 'NONE', ( #4285, #5227 ) ) ;
#5876 = CARTESIAN_POINT ( 'NONE',  ( 1.006430355000011989, 2.625000001229035984, -0.5810628363798522322 ) ) ;
#5877 = CARTESIAN_POINT ( 'NONE',  ( 1.006430354999998666, 7.087500001229035007, -1.232521712815482580E-16 ) ) ;
#5878 = CARTESIAN_POINT ( 'NONE',  ( -1.249999998749998564, 6.121875000614517504, -0.7216878357653433440 ) ) ;
#5879 = CARTESIAN_POINT ( 'NONE',  ( -8.360842329676720676E-17, -0.2531249993854827740, -1.443375671530686910 ) ) ;
#5880 = CARTESIAN_POINT ( 'NONE',  ( -1.006430354999998222, 1.050000001229036473, 0.5810628363798603369 ) ) ;
#5881 = CARTESIAN_POINT ( 'NONE',  ( 1.249999998749998564, 10.39687500061451608, 0.7216878357653431220 ) ) ;
#5882 = CARTESIAN_POINT ( 'NONE',  ( 1.006430354999998888, 6.037500000000000533, 0.5810628363798594487 ) ) ;
#5883 = CARTESIAN_POINT ( 'NONE',  ( 1.249999998749998342, 5.915625000614517681, -0.7216878357653438991 ) ) ;
#5884 = DIRECTION ( 'NONE',  ( -1.885568995626964287E-17, 1.000000000000000000, -0.000000000000000000 ) ) ;
#5885 = CARTESIAN_POINT ( 'NONE',  ( 1.006430354999998000, 12.52500000122903501, -0.5810628363798602258 ) ) ;
#5886 = CARTESIAN_POINT ( 'NONE',  ( 0.8979642393405733447, 5.587500000000000355, 0.5253432182843933429 ) ) ;
#5887 = ORIENTED_EDGE ( 'NONE', *, *, #5797, .T. ) ;
#5888 = CARTESIAN_POINT ( 'NONE',  ( 1.006430354999998444, 8.887500001229033941, 0.000000000000000000 ) ) ;
#5889 = CARTESIAN_POINT ( 'NONE',  ( 1.249999998749998564, 6.778125000614516615, -1.530808497403381346E-16 ) ) ;
#5890 = CARTESIAN_POINT ( 'NONE',  ( -1.928535769809044926E-16, 5.540625000614515905, -1.443375671530686910 ) ) ;
#5891 = ORIENTED_EDGE ( 'NONE', *, *, #2169, .T. ) ;
#5892 = DIRECTION ( 'NONE',  ( -1.000000000000000000, 0.000000000000000000, 0.000000000000000000 ) ) ;
#5893 = CARTESIAN_POINT ( 'NONE',  ( 7.157836719716493367E-17, 10.26562500061451644, 1.443375671530686910 ) ) ;
#5894 = EDGE_CURVE ( 'NONE', #2350, #3407, #4445, .T. ) ;
#5895 = CARTESIAN_POINT ( 'NONE',  ( 1.006430354999998888, 0.3000000012290359175, 0.5810628363798594487 ) ) ;
#5896 = CARTESIAN_POINT ( 'NONE',  ( -1.249999998749998786, 8.859375000614518214, 0.000000000000000000 ) ) ;
#5897 = CARTESIAN_POINT ( 'NONE',  ( -0.6249999993749983940, 3.534375000614518036, 1.082531753648015904 ) ) ;
#5898 = CARTESIAN_POINT ( 'NONE',  ( -1.249999998749998342, 11.59687500061451537, 0.7216878357653442322 ) ) ;
#5899 = CARTESIAN_POINT ( 'NONE',  ( 1.006430354999998888, 10.59375000000000178, -0.2634828508014800952 ) ) ;
#5900 = CARTESIAN_POINT ( 'NONE',  ( 1.006430354999998666, 4.724999999999999645, 1.173230260442798796E-14 ) ) ;
#5901 = ORIENTED_EDGE ( 'NONE', *, *, #2092, .T. ) ;
#5902 = CARTESIAN_POINT ( 'NONE',  ( 1.006430354999998666, 2.925000000000000711, 0.000000000000000000 ) ) ;
#5903 = CIRCLE ( 'NONE', #2360, 1.749999999999999556 ) ;
#5904 = CARTESIAN_POINT ( 'NONE',  ( 1.006430354999998666, 6.637500001229035718, -1.232521712815482580E-16 ) ) ;
#5905 = CARTESIAN_POINT ( 'NONE',  ( 1.249999998749998564, 3.234375000614518214, -1.530808497403381346E-16 ) ) ;
#5906 = AXIS2_PLACEMENT_3D ( 'NONE', #4396, #2506, #4341 ) ;
#5907 = CARTESIAN_POINT ( 'NONE',  ( -0.5253432182843932319, 3.975000000000000089, -0.8979642393405733447 ) ) ;
#5908 = CARTESIAN_POINT ( 'NONE',  ( 1.249999998749998342, 10.92187500061451644, -0.7216878357653438991 ) ) ;
#5909 = CARTESIAN_POINT ( 'NONE',  ( 1.006430354999998666, 5.175000000000000711, -1.232521712815482580E-16 ) ) ;
#5910 = CARTESIAN_POINT ( 'NONE',  ( 1.394588510397356455E-16, 6.665625000614515905, 1.443375671530686910 ) ) ;
#5911 = CARTESIAN_POINT ( 'NONE',  ( 3.006750001658409953E-16, -1.884374999385481697, 1.443375671530686910 ) ) ;
#5912 = DIRECTION ( 'NONE',  ( -1.885568995626964287E-17, 1.000000000000000000, -0.000000000000000000 ) ) ;
#5913 = ORIENTED_EDGE ( 'NONE', *, *, #4330, .T. ) ;
#5914 = CARTESIAN_POINT ( 'NONE',  ( -0.5253432182843932319, 3.524999999999999023, -0.8979642393405733447 ) ) ;
#5915 = CARTESIAN_POINT ( 'NONE',  ( 1.249999998749998342, 7.715625000614516615, -0.7216878357653438991 ) ) ;
#5916 = CARTESIAN_POINT ( 'NONE',  ( 1.249999998749998342, 4.565625000614517148, -0.7216878357653438991 ) ) ;
#5917 = VERTEX_POINT ( 'NONE', #4589 ) ;
#5918 = CARTESIAN_POINT ( 'NONE',  ( -0.8979642393405733447, 8.062500000000000000, -0.5253432182843935649 ) ) ;
#5919 = CARTESIAN_POINT ( 'NONE',  ( 1.249999998749998342, 8.165625000614516793, -0.7216878357653438991 ) ) ;
#5920 = LINE ( 'NONE', #1821, #311 ) ;
#5921 = CARTESIAN_POINT ( 'NONE',  ( 1.249999998749998342, 9.121875000614517504, -0.7216878357653438991 ) ) ;
#5922 = CARTESIAN_POINT ( 'NONE',  ( 0.6249999993749989491, 3.309375000614517059, -1.082531753648015460 ) ) ;
#5923 = CARTESIAN_POINT ( 'NONE',  ( 2.809243223551809007E-17, 12.57187500061451679, 1.443375671530686910 ) ) ;
#5924 = CARTESIAN_POINT ( 'NONE',  ( 1.006430354999998444, 7.987500001229035362, 0.000000000000000000 ) ) ;
#5925 = CARTESIAN_POINT ( 'NONE',  ( -1.249999998749999008, 10.56562500061451715, -0.7216878357653433440 ) ) ;
#5926 = ORIENTED_EDGE ( 'NONE', *, *, #1144, .T. ) ;
#5927 = CARTESIAN_POINT ( 'NONE',  ( -0.2634828508014802617, 5.306249999999999467, -1.006430354999998666 ) ) ;
#5928 = CARTESIAN_POINT ( 'NONE',  ( 1.006430354999998888, 3.900000001229034563, 0.5810628363798594487 ) ) ;
#5929 = CARTESIAN_POINT ( 'NONE',  ( -0.6249999993749993932, 3.384375000614517237, -1.082531753648015460 ) ) ;
#5930 = CARTESIAN_POINT ( 'NONE',  ( -0.3799932752445317474, 0.2143413824553294655, 0.9666777441032208262 ) ) ;
#5931 = CARTESIAN_POINT ( 'NONE',  ( -1.006430354999998444, 9.150000001229036783, 0.5810628363798603369 ) ) ;
#5932 = CARTESIAN_POINT ( 'NONE',  ( -0.6249999993749996152, 11.03437500061451715, -1.082531753648015460 ) ) ;
#5933 = CARTESIAN_POINT ( 'NONE',  ( -1.006430354999998000, 4.087500000000001243, 0.5810628363798603369 ) ) ;
#5934 = CARTESIAN_POINT ( 'NONE',  ( -1.249999998749998342, 6.140625000614518214, 0.7216878357653442322 ) ) ;
#5935 = CARTESIAN_POINT ( 'NONE',  ( 0.8979642393405735667, 1.162500000000001865, -0.5253432182843932319 ) ) ;
#5936 = CARTESIAN_POINT ( 'NONE',  ( 0.000000000000000000, 0.000000000000000000, 0.000000000000000000 ) ) ;
#5937 = EDGE_CURVE ( 'NONE', #2655, #2366, #5745, .T. ) ;
ENDSEC;
END-ISO-10303-21;
